market,date,block,mcp_rs_mwh
DAM,2026-07-14,1,10000.0
DAM,2026-07-14,2,10000.0
DAM,2026-07-14,3,10000.0
DAM,2026-07-14,4,10000.0
DAM,2026-07-14,5,10000.0
DAM,2026-07-14,6,10000.0
DAM,2026-07-14,7,10000.0
DAM,2026-07-14,8,10000.0
DAM,2026-07-14,9,10000.0
DAM,2026-07-14,10,10000.0
DAM,2026-07-14,11,10000.0
DAM,2026-07-14,12,10000.0
DAM,2026-07-14,13,10000.0
DAM,2026-07-14,14,10000.0
DAM,2026-07-14,15,10000.0
DAM,2026-07-14,16,10000.0
DAM,2026-07-14,17,10000.0
DAM,2026-07-14,18,10000.0
DAM,2026-07-14,19,10000.0
DAM,2026-07-14,20,10000.0
DAM,2026-07-14,21,10000.0
DAM,2026-07-14,22,10000.0
DAM,2026-07-14,23,10000.0
DAM,2026-07-14,24,10000.0
DAM,2026-07-14,25,10000.0
DAM,2026-07-14,26,10000.0
DAM,2026-07-14,27,10000.0
DAM,2026-07-14,28,10000.0
DAM,2026-07-14,29,5249.09
DAM,2026-07-14,30,4338.74
DAM,2026-07-14,31,3801.74
DAM,2026-07-14,32,3540.18
DAM,2026-07-14,33,3200.5
DAM,2026-07-14,34,2557.62
DAM,2026-07-14,35,2517.06
DAM,2026-07-14,36,2380.31
DAM,2026-07-14,37,2320.1
DAM,2026-07-14,38,2290.49
DAM,2026-07-14,39,2030.79
DAM,2026-07-14,40,1947.57
DAM,2026-07-14,41,1649.82
DAM,2026-07-14,42,1617.13
DAM,2026-07-14,43,1546.82
DAM,2026-07-14,44,1541.99
DAM,2026-07-14,45,1541.23
DAM,2026-07-14,46,1541.14
DAM,2026-07-14,47,1499.92
DAM,2026-07-14,48,1437.96
DAM,2026-07-14,49,1396.17
DAM,2026-07-14,50,1329.85
DAM,2026-07-14,51,1329.43
DAM,2026-07-14,52,1329.32
DAM,2026-07-14,53,1092.93
DAM,2026-07-14,54,1100.93
DAM,2026-07-14,55,1329.82
DAM,2026-07-14,56,1383.56
DAM,2026-07-14,57,1546.68
DAM,2026-07-14,58,1617.36
DAM,2026-07-14,59,1823.86
DAM,2026-07-14,60,1938.86
DAM,2026-07-14,61,2155.73
DAM,2026-07-14,62,2290.92
DAM,2026-07-14,63,2380.55
DAM,2026-07-14,64,2450.38
DAM,2026-07-14,65,2544.06
DAM,2026-07-14,66,2519.83
DAM,2026-07-14,67,2576.16
DAM,2026-07-14,68,2576.82
DAM,2026-07-14,69,2680.43
DAM,2026-07-14,70,2938.98
DAM,2026-07-14,71,3224.12
DAM,2026-07-14,72,3442.7
DAM,2026-07-14,73,4338.19
DAM,2026-07-14,74,5689.31
DAM,2026-07-14,75,10000.0
DAM,2026-07-14,76,10000.0
DAM,2026-07-14,77,10000.0
DAM,2026-07-14,78,10000.0
DAM,2026-07-14,79,10000.0
DAM,2026-07-14,80,10000.0
DAM,2026-07-14,81,10000.0
DAM,2026-07-14,82,10000.0
DAM,2026-07-14,83,10000.0
DAM,2026-07-14,84,10000.0
DAM,2026-07-14,85,10000.0
DAM,2026-07-14,86,10000.0
DAM,2026-07-14,87,10000.0
DAM,2026-07-14,88,10000.0
DAM,2026-07-14,89,10000.0
DAM,2026-07-14,90,10000.0
DAM,2026-07-14,91,10000.0
DAM,2026-07-14,92,10000.0
DAM,2026-07-14,93,10000.0
DAM,2026-07-14,94,10000.0
DAM,2026-07-14,95,10000.0
DAM,2026-07-14,96,10000.0
DAM,2026-07-15,1,10000.0
DAM,2026-07-15,2,10000.0
DAM,2026-07-15,3,10000.0
DAM,2026-07-15,4,10000.0
DAM,2026-07-15,5,10000.0
DAM,2026-07-15,6,10000.0
DAM,2026-07-15,7,10000.0
DAM,2026-07-15,8,10000.0
DAM,2026-07-15,9,10000.0
DAM,2026-07-15,10,10000.0
DAM,2026-07-15,11,10000.0
DAM,2026-07-15,12,10000.0
DAM,2026-07-15,13,10000.0
DAM,2026-07-15,14,10000.0
DAM,2026-07-15,15,10000.0
DAM,2026-07-15,16,10000.0
DAM,2026-07-15,17,10000.0
DAM,2026-07-15,18,10000.0
DAM,2026-07-15,19,10000.0
DAM,2026-07-15,20,10000.0
DAM,2026-07-15,21,10000.0
DAM,2026-07-15,22,10000.0
DAM,2026-07-15,23,10000.0
DAM,2026-07-15,24,10000.0
DAM,2026-07-15,25,10000.0
DAM,2026-07-15,26,10000.0
DAM,2026-07-15,27,10000.0
DAM,2026-07-15,28,10000.0
DAM,2026-07-15,29,8000.78
DAM,2026-07-15,30,5800.11
DAM,2026-07-15,31,4308.15
DAM,2026-07-15,32,3801.68
DAM,2026-07-15,33,3201.58
DAM,2026-07-15,34,2700.73
DAM,2026-07-15,35,2517.04
DAM,2026-07-15,36,2320.91
DAM,2026-07-15,37,2290.64
DAM,2026-07-15,38,2290.85
DAM,2026-07-15,39,2153.71
DAM,2026-07-15,40,1947.29
DAM,2026-07-15,41,1689.54
DAM,2026-07-15,42,1649.36
DAM,2026-07-15,43,1617.81
DAM,2026-07-15,44,1617.48
DAM,2026-07-15,45,1600.25
DAM,2026-07-15,46,1555.73
DAM,2026-07-15,47,1555.13
DAM,2026-07-15,48,1546.24
DAM,2026-07-15,49,1475.75
DAM,2026-07-15,50,1541.74
DAM,2026-07-15,51,1546.23
DAM,2026-07-15,52,1546.16
DAM,2026-07-15,53,1115.7
DAM,2026-07-15,54,1115.94
DAM,2026-07-15,55,1575.87
DAM,2026-07-15,56,1700.97
DAM,2026-07-15,57,1947.19
DAM,2026-07-15,58,1999.97
DAM,2026-07-15,59,2155.4
DAM,2026-07-15,60,2320.13
DAM,2026-07-15,61,2481.99
DAM,2026-07-15,62,2501.38
DAM,2026-07-15,63,2519.04
DAM,2026-07-15,64,2557.05
DAM,2026-07-15,65,3044.04
DAM,2026-07-15,66,3150.4
DAM,2026-07-15,67,3314.54
DAM,2026-07-15,68,3407.99
DAM,2026-07-15,69,3751.15
DAM,2026-07-15,70,4000.92
DAM,2026-07-15,71,4750.04
DAM,2026-07-15,72,5000.0
DAM,2026-07-15,73,5290.66
DAM,2026-07-15,74,6500.12
DAM,2026-07-15,75,10000.0
DAM,2026-07-15,76,10000.0
DAM,2026-07-15,77,10000.0
DAM,2026-07-15,78,10000.0
DAM,2026-07-15,79,10000.0
DAM,2026-07-15,80,10000.0
DAM,2026-07-15,81,10000.0
DAM,2026-07-15,82,10000.0
DAM,2026-07-15,83,10000.0
DAM,2026-07-15,84,10000.0
DAM,2026-07-15,85,10000.0
DAM,2026-07-15,86,10000.0
DAM,2026-07-15,87,10000.0
DAM,2026-07-15,88,10000.0
DAM,2026-07-15,89,10000.0
DAM,2026-07-15,90,10000.0
DAM,2026-07-15,91,10000.0
DAM,2026-07-15,92,10000.0
DAM,2026-07-15,93,10000.0
DAM,2026-07-15,94,10000.0
DAM,2026-07-15,95,10000.0
DAM,2026-07-15,96,10000.0
DAM,2026-07-16,1,10000.0
DAM,2026-07-16,2,10000.0
DAM,2026-07-16,3,10000.0
DAM,2026-07-16,4,10000.0
DAM,2026-07-16,5,10000.0
DAM,2026-07-16,6,10000.0
DAM,2026-07-16,7,10000.0
DAM,2026-07-16,8,10000.0
DAM,2026-07-16,9,10000.0
DAM,2026-07-16,10,10000.0
DAM,2026-07-16,11,10000.0
DAM,2026-07-16,12,10000.0
DAM,2026-07-16,13,10000.0
DAM,2026-07-16,14,10000.0
DAM,2026-07-16,15,10000.0
DAM,2026-07-16,16,10000.0
DAM,2026-07-16,17,10000.0
DAM,2026-07-16,18,10000.0
DAM,2026-07-16,19,10000.0
DAM,2026-07-16,20,10000.0
DAM,2026-07-16,21,10000.0
DAM,2026-07-16,22,10000.0
DAM,2026-07-16,23,10000.0
DAM,2026-07-16,24,10000.0
DAM,2026-07-16,25,10000.0
DAM,2026-07-16,26,10000.0
DAM,2026-07-16,27,10000.0
DAM,2026-07-16,28,10000.0
DAM,2026-07-16,29,10000.0
DAM,2026-07-16,30,10000.0
DAM,2026-07-16,31,10000.0
DAM,2026-07-16,32,5546.87
DAM,2026-07-16,33,4647.78
DAM,2026-07-16,34,4000.73
DAM,2026-07-16,35,3609.28
DAM,2026-07-16,36,3407.04
DAM,2026-07-16,37,3063.75
DAM,2026-07-16,38,2801.37
DAM,2026-07-16,39,2600.73
DAM,2026-07-16,40,2576.9
DAM,2026-07-16,41,2520.0
DAM,2026-07-16,42,2518.35
DAM,2026-07-16,43,2500.13
DAM,2026-07-16,44,2320.96
DAM,2026-07-16,45,2320.35
DAM,2026-07-16,46,2320.23
DAM,2026-07-16,47,2290.79
DAM,2026-07-16,48,2290.67
DAM,2026-07-16,49,2203.46
DAM,2026-07-16,50,2193.47
DAM,2026-07-16,51,2196.56
DAM,2026-07-16,52,2183.05
DAM,2026-07-16,53,1984.36
DAM,2026-07-16,54,2031.02
DAM,2026-07-16,55,2290.42
DAM,2026-07-16,56,2320.32
DAM,2026-07-16,57,2320.81
DAM,2026-07-16,58,2470.63
DAM,2026-07-16,59,2544.45
DAM,2026-07-16,60,2557.07
DAM,2026-07-16,61,3087.0
DAM,2026-07-16,62,3194.7
DAM,2026-07-16,63,3345.09
DAM,2026-07-16,64,3394.72
DAM,2026-07-16,65,3523.95
DAM,2026-07-16,66,3523.61
DAM,2026-07-16,67,3745.52
DAM,2026-07-16,68,4000.1
DAM,2026-07-16,69,5250.09
DAM,2026-07-16,70,5500.05
DAM,2026-07-16,71,6250.11
DAM,2026-07-16,72,6500.22
DAM,2026-07-16,73,6750.93
DAM,2026-07-16,74,10000.0
DAM,2026-07-16,75,10000.0
DAM,2026-07-16,76,10000.0
DAM,2026-07-16,77,10000.0
DAM,2026-07-16,78,10000.0
DAM,2026-07-16,79,10000.0
DAM,2026-07-16,80,10000.0
DAM,2026-07-16,81,10000.0
DAM,2026-07-16,82,10000.0
DAM,2026-07-16,83,10000.0
DAM,2026-07-16,84,10000.0
DAM,2026-07-16,85,10000.0
DAM,2026-07-16,86,10000.0
DAM,2026-07-16,87,10000.0
DAM,2026-07-16,88,10000.0
DAM,2026-07-16,89,10000.0
DAM,2026-07-16,90,10000.0
DAM,2026-07-16,91,10000.0
DAM,2026-07-16,92,10000.0
DAM,2026-07-16,93,10000.0
DAM,2026-07-16,94,10000.0
DAM,2026-07-16,95,10000.0
DAM,2026-07-16,96,10000.0
DAM,2026-07-17,1,10000.0
DAM,2026-07-17,2,10000.0
DAM,2026-07-17,3,10000.0
DAM,2026-07-17,4,10000.0
DAM,2026-07-17,5,10000.0
DAM,2026-07-17,6,10000.0
DAM,2026-07-17,7,10000.0
DAM,2026-07-17,8,10000.0
DAM,2026-07-17,9,10000.0
DAM,2026-07-17,10,10000.0
DAM,2026-07-17,11,10000.0
DAM,2026-07-17,12,10000.0
DAM,2026-07-17,13,10000.0
DAM,2026-07-17,14,10000.0
DAM,2026-07-17,15,10000.0
DAM,2026-07-17,16,10000.0
DAM,2026-07-17,17,10000.0
DAM,2026-07-17,18,10000.0
DAM,2026-07-17,19,10000.0
DAM,2026-07-17,20,10000.0
DAM,2026-07-17,21,10000.0
DAM,2026-07-17,22,10000.0
DAM,2026-07-17,23,10000.0
DAM,2026-07-17,24,10000.0
DAM,2026-07-17,25,10000.0
DAM,2026-07-17,26,10000.0
DAM,2026-07-17,27,10000.0
DAM,2026-07-17,28,10000.0
DAM,2026-07-17,29,10000.0
DAM,2026-07-17,30,10000.0
DAM,2026-07-17,31,10000.0
DAM,2026-07-17,32,10000.0
DAM,2026-07-17,33,10000.0
DAM,2026-07-17,34,5483.65
DAM,2026-07-17,35,4036.04
DAM,2026-07-17,36,3757.81
DAM,2026-07-17,37,3342.17
DAM,2026-07-17,38,3257.26
DAM,2026-07-17,39,3079.35
DAM,2026-07-17,40,2849.0
DAM,2026-07-17,41,2518.58
DAM,2026-07-17,42,2424.07
DAM,2026-07-17,43,2060.72
DAM,2026-07-17,44,1999.81
DAM,2026-07-17,45,1999.78
DAM,2026-07-17,46,2009.27
DAM,2026-07-17,47,1999.81
DAM,2026-07-17,48,2030.15
DAM,2026-07-17,49,1999.45
DAM,2026-07-17,50,1999.5
DAM,2026-07-17,51,1992.63
DAM,2026-07-17,52,1990.93
DAM,2026-07-17,53,1880.12
DAM,2026-07-17,54,1880.97
DAM,2026-07-17,55,1950.95
DAM,2026-07-17,56,1990.44
DAM,2026-07-17,57,2059.37
DAM,2026-07-17,58,2130.7
DAM,2026-07-17,59,2412.88
DAM,2026-07-17,60,2519.66
DAM,2026-07-17,61,3078.27
DAM,2026-07-17,62,3217.18
DAM,2026-07-17,63,3407.94
DAM,2026-07-17,64,3479.45
DAM,2026-07-17,65,3801.77
DAM,2026-07-17,66,3950.39
DAM,2026-07-17,67,5344.39
DAM,2026-07-17,68,5365.97
DAM,2026-07-17,69,7000.59
DAM,2026-07-17,70,7000.89
DAM,2026-07-17,71,8000.65
DAM,2026-07-17,72,8000.75
DAM,2026-07-17,73,10000.0
DAM,2026-07-17,74,10000.0
DAM,2026-07-17,75,10000.0
DAM,2026-07-17,76,10000.0
DAM,2026-07-17,77,10000.0
DAM,2026-07-17,78,10000.0
DAM,2026-07-17,79,10000.0
DAM,2026-07-17,80,10000.0
DAM,2026-07-17,81,10000.0
DAM,2026-07-17,82,10000.0
DAM,2026-07-17,83,10000.0
DAM,2026-07-17,84,10000.0
DAM,2026-07-17,85,10000.0
DAM,2026-07-17,86,10000.0
DAM,2026-07-17,87,10000.0
DAM,2026-07-17,88,10000.0
DAM,2026-07-17,89,10000.0
DAM,2026-07-17,90,10000.0
DAM,2026-07-17,91,10000.0
DAM,2026-07-17,92,10000.0
DAM,2026-07-17,93,10000.0
DAM,2026-07-17,94,10000.0
DAM,2026-07-17,95,10000.0
DAM,2026-07-17,96,10000.0
DAM,2026-07-18,1,10000.0
DAM,2026-07-18,2,10000.0
DAM,2026-07-18,3,10000.0
DAM,2026-07-18,4,10000.0
DAM,2026-07-18,5,10000.0
DAM,2026-07-18,6,10000.0
DAM,2026-07-18,7,10000.0
DAM,2026-07-18,8,10000.0
DAM,2026-07-18,9,10000.0
DAM,2026-07-18,10,10000.0
DAM,2026-07-18,11,10000.0
DAM,2026-07-18,12,10000.0
DAM,2026-07-18,13,10000.0
DAM,2026-07-18,14,10000.0
DAM,2026-07-18,15,10000.0
DAM,2026-07-18,16,10000.0
DAM,2026-07-18,17,10000.0
DAM,2026-07-18,18,10000.0
DAM,2026-07-18,19,10000.0
DAM,2026-07-18,20,10000.0
DAM,2026-07-18,21,10000.0
DAM,2026-07-18,22,10000.0
DAM,2026-07-18,23,10000.0
DAM,2026-07-18,24,10000.0
DAM,2026-07-18,25,10000.0
DAM,2026-07-18,26,10000.0
DAM,2026-07-18,27,10000.0
DAM,2026-07-18,28,10000.0
DAM,2026-07-18,29,10000.0
DAM,2026-07-18,30,10000.0
DAM,2026-07-18,31,10000.0
DAM,2026-07-18,32,10000.0
DAM,2026-07-18,33,7161.18
DAM,2026-07-18,34,4044.57
DAM,2026-07-18,35,3790.68
DAM,2026-07-18,36,3540.68
DAM,2026-07-18,37,3429.68
DAM,2026-07-18,38,3378.53
DAM,2026-07-18,39,3079.09
DAM,2026-07-18,40,2848.96
DAM,2026-07-18,41,2520.49
DAM,2026-07-18,42,2420.68
DAM,2026-07-18,43,2060.51
DAM,2026-07-18,44,1947.25
DAM,2026-07-18,45,1949.51
DAM,2026-07-18,46,1995.56
DAM,2026-07-18,47,1947.94
DAM,2026-07-18,48,1947.39
DAM,2026-07-18,49,1947.37
DAM,2026-07-18,50,1978.52
DAM,2026-07-18,51,1930.91
DAM,2026-07-18,52,1930.91
DAM,2026-07-18,53,1870.23
DAM,2026-07-18,54,1890.08
DAM,2026-07-18,55,1947.14
DAM,2026-07-18,56,1990.08
DAM,2026-07-18,57,2197.82
DAM,2026-07-18,58,2450.05
DAM,2026-07-18,59,2544.44
DAM,2026-07-18,60,2600.79
DAM,2026-07-18,61,3067.99
DAM,2026-07-18,62,3217.91
DAM,2026-07-18,63,3450.73
DAM,2026-07-18,64,3540.02
DAM,2026-07-18,65,3760.29
DAM,2026-07-18,66,3950.79
DAM,2026-07-18,67,4705.82
DAM,2026-07-18,68,6999.47
DAM,2026-07-18,69,6999.26
DAM,2026-07-18,70,8400.93
DAM,2026-07-18,71,8400.78
DAM,2026-07-18,72,9500.28
DAM,2026-07-18,73,10000.0
DAM,2026-07-18,74,10000.0
DAM,2026-07-18,75,10000.0
DAM,2026-07-18,76,10000.0
DAM,2026-07-18,77,10000.0
DAM,2026-07-18,78,10000.0
DAM,2026-07-18,79,10000.0
DAM,2026-07-18,80,10000.0
DAM,2026-07-18,81,10000.0
DAM,2026-07-18,82,10000.0
DAM,2026-07-18,83,10000.0
DAM,2026-07-18,84,10000.0
DAM,2026-07-18,85,10000.0
DAM,2026-07-18,86,10000.0
DAM,2026-07-18,87,10000.0
DAM,2026-07-18,88,10000.0
DAM,2026-07-18,89,10000.0
DAM,2026-07-18,90,10000.0
DAM,2026-07-18,91,10000.0
DAM,2026-07-18,92,10000.0
DAM,2026-07-18,93,10000.0
DAM,2026-07-18,94,10000.0
DAM,2026-07-18,95,10000.0
DAM,2026-07-18,96,10000.0
DAM,2026-07-19,1,10000.0
DAM,2026-07-19,2,10000.0
DAM,2026-07-19,3,10000.0
DAM,2026-07-19,4,10000.0
DAM,2026-07-19,5,10000.0
DAM,2026-07-19,6,10000.0
DAM,2026-07-19,7,10000.0
DAM,2026-07-19,8,10000.0
DAM,2026-07-19,9,10000.0
DAM,2026-07-19,10,10000.0
DAM,2026-07-19,11,10000.0
DAM,2026-07-19,12,10000.0
DAM,2026-07-19,13,10000.0
DAM,2026-07-19,14,10000.0
DAM,2026-07-19,15,10000.0
DAM,2026-07-19,16,10000.0
DAM,2026-07-19,17,10000.0
DAM,2026-07-19,18,10000.0
DAM,2026-07-19,19,10000.0
DAM,2026-07-19,20,10000.0
DAM,2026-07-19,21,10000.0
DAM,2026-07-19,22,10000.0
DAM,2026-07-19,23,10000.0
DAM,2026-07-19,24,10000.0
DAM,2026-07-19,25,10000.0
DAM,2026-07-19,26,10000.0
DAM,2026-07-19,27,10000.0
DAM,2026-07-19,28,10000.0
DAM,2026-07-19,29,10000.0
DAM,2026-07-19,30,10000.0
DAM,2026-07-19,31,7299.56
DAM,2026-07-19,32,5000.76
DAM,2026-07-19,33,3361.54
DAM,2026-07-19,34,3012.06
DAM,2026-07-19,35,2840.39
DAM,2026-07-19,36,2600.85
DAM,2026-07-19,37,2265.86
DAM,2026-07-19,38,2120.59
DAM,2026-07-19,39,1930.84
DAM,2026-07-19,40,1921.56
DAM,2026-07-19,41,1750.49
DAM,2026-07-19,42,1763.38
DAM,2026-07-19,43,1556.72
DAM,2026-07-19,44,1600.13
DAM,2026-07-19,45,1546.35
DAM,2026-07-19,46,1555.5
DAM,2026-07-19,47,1541.66
DAM,2026-07-19,48,1541.14
DAM,2026-07-19,49,1510.66
DAM,2026-07-19,50,1379.55
DAM,2026-07-19,51,1315.72
DAM,2026-07-19,52,1315.57
DAM,2026-07-19,53,1315.76
DAM,2026-07-19,54,1379.21
DAM,2026-07-19,55,1500.66
DAM,2026-07-19,56,1546.6
DAM,2026-07-19,57,1649.29
DAM,2026-07-19,58,1682.51
DAM,2026-07-19,59,1840.12
DAM,2026-07-19,60,1840.69
DAM,2026-07-19,61,1945.33
DAM,2026-07-19,62,2040.75
DAM,2026-07-19,63,2251.9
DAM,2026-07-19,64,2370.31
DAM,2026-07-19,65,2490.52
DAM,2026-07-19,66,2600.68
DAM,2026-07-19,67,2672.97
DAM,2026-07-19,68,3367.16
DAM,2026-07-19,69,3189.78
DAM,2026-07-19,70,3241.99
DAM,2026-07-19,71,3540.1
DAM,2026-07-19,72,3500.3
DAM,2026-07-19,73,3800.1
DAM,2026-07-19,74,4661.53
DAM,2026-07-19,75,5271.87
DAM,2026-07-19,76,7000.11
DAM,2026-07-19,77,10000.0
DAM,2026-07-19,78,10000.0
DAM,2026-07-19,79,10000.0
DAM,2026-07-19,80,10000.0
DAM,2026-07-19,81,10000.0
DAM,2026-07-19,82,10000.0
DAM,2026-07-19,83,10000.0
DAM,2026-07-19,84,10000.0
DAM,2026-07-19,85,10000.0
DAM,2026-07-19,86,10000.0
DAM,2026-07-19,87,10000.0
DAM,2026-07-19,88,10000.0
DAM,2026-07-19,89,10000.0
DAM,2026-07-19,90,10000.0
DAM,2026-07-19,91,10000.0
DAM,2026-07-19,92,10000.0
DAM,2026-07-19,93,10000.0
DAM,2026-07-19,94,10000.0
DAM,2026-07-19,95,10000.0
DAM,2026-07-19,96,10000.0
DAM,2026-07-20,1,10000.0
DAM,2026-07-20,2,10000.0
DAM,2026-07-20,3,10000.0
DAM,2026-07-20,4,10000.0
DAM,2026-07-20,5,10000.0
DAM,2026-07-20,6,10000.0
DAM,2026-07-20,7,10000.0
DAM,2026-07-20,8,10000.0
DAM,2026-07-20,9,10000.0
DAM,2026-07-20,10,10000.0
DAM,2026-07-20,11,10000.0
DAM,2026-07-20,12,10000.0
DAM,2026-07-20,13,10000.0
DAM,2026-07-20,14,10000.0
DAM,2026-07-20,15,10000.0
DAM,2026-07-20,16,10000.0
DAM,2026-07-20,17,10000.0
DAM,2026-07-20,18,10000.0
DAM,2026-07-20,19,10000.0
DAM,2026-07-20,20,10000.0
DAM,2026-07-20,21,10000.0
DAM,2026-07-20,22,10000.0
DAM,2026-07-20,23,10000.0
DAM,2026-07-20,24,10000.0
DAM,2026-07-20,25,10000.0
DAM,2026-07-20,26,10000.0
DAM,2026-07-20,27,10000.0
DAM,2026-07-20,28,10000.0
DAM,2026-07-20,29,10000.0
DAM,2026-07-20,30,10000.0
DAM,2026-07-20,31,10000.0
DAM,2026-07-20,32,4647.08
DAM,2026-07-20,33,3950.86
DAM,2026-07-20,34,3540.83
DAM,2026-07-20,35,3511.29
DAM,2026-07-20,36,3442.8
DAM,2026-07-20,37,3050.76
DAM,2026-07-20,38,3100.6
DAM,2026-07-20,39,2620.06
DAM,2026-07-20,40,2557.1
DAM,2026-07-20,41,2110.47
DAM,2026-07-20,42,2110.83
DAM,2026-07-20,43,1949.48
DAM,2026-07-20,44,1928.04
DAM,2026-07-20,45,1870.98
DAM,2026-07-20,46,1884.14
DAM,2026-07-20,47,1870.35
DAM,2026-07-20,48,1870.2
DAM,2026-07-20,49,1840.14
DAM,2026-07-20,50,1810.34
DAM,2026-07-20,51,1806.75
DAM,2026-07-20,52,1804.67
DAM,2026-07-20,53,1810.14
DAM,2026-07-20,54,1820.74
DAM,2026-07-20,55,1835.2
DAM,2026-07-20,56,1840.17
DAM,2026-07-20,57,1899.86
DAM,2026-07-20,58,2000.38
DAM,2026-07-20,59,2162.24
DAM,2026-07-20,60,2191.97
DAM,2026-07-20,61,2544.63
DAM,2026-07-20,62,2620.89
DAM,2026-07-20,63,2848.41
DAM,2026-07-20,64,3000.59
DAM,2026-07-20,65,3352.28
DAM,2026-07-20,66,3337.64
DAM,2026-07-20,67,3369.83
DAM,2026-07-20,68,3416.16
DAM,2026-07-20,69,3511.2
DAM,2026-07-20,70,3750.02
DAM,2026-07-20,71,3847.35
DAM,2026-07-20,72,4002.39
DAM,2026-07-20,73,4500.27
DAM,2026-07-20,74,10000.0
DAM,2026-07-20,75,10000.0
DAM,2026-07-20,76,10000.0
DAM,2026-07-20,77,10000.0
DAM,2026-07-20,78,10000.0
DAM,2026-07-20,79,10000.0
DAM,2026-07-20,80,10000.0
DAM,2026-07-20,81,10000.0
DAM,2026-07-20,82,10000.0
DAM,2026-07-20,83,10000.0
DAM,2026-07-20,84,10000.0
DAM,2026-07-20,85,10000.0
DAM,2026-07-20,86,10000.0
DAM,2026-07-20,87,10000.0
DAM,2026-07-20,88,10000.0
DAM,2026-07-20,89,10000.0
DAM,2026-07-20,90,10000.0
DAM,2026-07-20,91,10000.0
DAM,2026-07-20,92,10000.0
DAM,2026-07-20,93,10000.0
DAM,2026-07-20,94,10000.0
DAM,2026-07-20,95,10000.0
DAM,2026-07-20,96,10000.0
DAM,2026-07-21,1,10000.0
DAM,2026-07-21,2,10000.0
DAM,2026-07-21,3,10000.0
DAM,2026-07-21,4,10000.0
DAM,2026-07-21,5,10000.0
DAM,2026-07-21,6,10000.0
DAM,2026-07-21,7,10000.0
DAM,2026-07-21,8,10000.0
DAM,2026-07-21,9,10000.0
DAM,2026-07-21,10,10000.0
DAM,2026-07-21,11,10000.0
DAM,2026-07-21,12,10000.0
DAM,2026-07-21,13,10000.0
DAM,2026-07-21,14,10000.0
DAM,2026-07-21,15,10000.0
DAM,2026-07-21,16,10000.0
DAM,2026-07-21,17,10000.0
DAM,2026-07-21,18,10000.0
DAM,2026-07-21,19,10000.0
DAM,2026-07-21,20,10000.0
DAM,2026-07-21,21,10000.0
DAM,2026-07-21,22,10000.0
DAM,2026-07-21,23,10000.0
DAM,2026-07-21,24,10000.0
DAM,2026-07-21,25,10000.0
DAM,2026-07-21,26,10000.0
DAM,2026-07-21,27,10000.0
DAM,2026-07-21,28,10000.0
DAM,2026-07-21,29,10000.0
DAM,2026-07-21,30,10000.0
DAM,2026-07-21,31,5249.81
DAM,2026-07-21,32,4002.11
DAM,2026-07-21,33,3282.31
DAM,2026-07-21,34,3109.79
DAM,2026-07-21,35,2880.99
DAM,2026-07-21,36,3098.51
DAM,2026-07-21,37,2660.97
DAM,2026-07-21,38,2660.25
DAM,2026-07-21,39,2490.07
DAM,2026-07-21,40,2270.72
DAM,2026-07-21,41,1919.67
DAM,2026-07-21,42,1919.31
DAM,2026-07-21,43,1840.43
DAM,2026-07-21,44,1840.53
DAM,2026-07-21,45,1840.77
DAM,2026-07-21,46,1840.67
DAM,2026-07-21,47,1823.97
DAM,2026-07-21,48,1822.93
DAM,2026-07-21,49,1810.09
DAM,2026-07-21,50,1750.87
DAM,2026-07-21,51,1702.77
DAM,2026-07-21,52,1699.7
DAM,2026-07-21,53,1617.91
DAM,2026-07-21,54,1699.25
DAM,2026-07-21,55,1808.02
DAM,2026-07-21,56,1810.86
DAM,2026-07-21,57,1870.79
DAM,2026-07-21,58,1928.95
DAM,2026-07-21,59,2120.05
DAM,2026-07-21,60,2166.41
DAM,2026-07-21,61,2544.41
DAM,2026-07-21,62,2544.44
DAM,2026-07-21,63,3083.95
DAM,2026-07-21,64,3205.66
DAM,2026-07-21,65,3342.94
DAM,2026-07-21,66,3300.24
DAM,2026-07-21,67,3337.32
DAM,2026-07-21,68,3361.93
DAM,2026-07-21,69,3386.78
DAM,2026-07-21,70,3366.76
DAM,2026-07-21,71,3442.99
DAM,2026-07-21,72,3579.69
DAM,2026-07-21,73,3730.5
DAM,2026-07-21,74,4523.39
DAM,2026-07-21,75,10000.0
DAM,2026-07-21,76,10000.0
DAM,2026-07-21,77,10000.0
DAM,2026-07-21,78,10000.0
DAM,2026-07-21,79,10000.0
DAM,2026-07-21,80,10000.0
DAM,2026-07-21,81,10000.0
DAM,2026-07-21,82,10000.0
DAM,2026-07-21,83,10000.0
DAM,2026-07-21,84,10000.0
DAM,2026-07-21,85,10000.0
DAM,2026-07-21,86,10000.0
DAM,2026-07-21,87,10000.0
DAM,2026-07-21,88,10000.0
DAM,2026-07-21,89,10000.0
DAM,2026-07-21,90,10000.0
DAM,2026-07-21,91,10000.0
DAM,2026-07-21,92,10000.0
DAM,2026-07-21,93,10000.0
DAM,2026-07-21,94,10000.0
DAM,2026-07-21,95,10000.0
DAM,2026-07-21,96,10000.0
DAM,2026-07-22,1,10000.0
DAM,2026-07-22,2,10000.0
DAM,2026-07-22,3,10000.0
DAM,2026-07-22,4,10000.0
DAM,2026-07-22,5,10000.0
DAM,2026-07-22,6,9999.9
DAM,2026-07-22,7,4808.64
DAM,2026-07-22,8,4808.34
DAM,2026-07-22,9,4002.44
DAM,2026-07-22,10,4002.2
DAM,2026-07-22,11,3850.72
DAM,2026-07-22,12,3834.14
DAM,2026-07-22,13,4002.74
DAM,2026-07-22,14,4002.46
DAM,2026-07-22,15,4002.12
DAM,2026-07-22,16,3834.86
DAM,2026-07-22,17,3901.82
DAM,2026-07-22,18,3835.0
DAM,2026-07-22,19,3999.6
DAM,2026-07-22,20,3999.62
DAM,2026-07-22,21,4002.64
DAM,2026-07-22,22,4146.57
DAM,2026-07-22,23,5202.85
DAM,2026-07-22,24,5202.63
DAM,2026-07-22,25,7161.45
DAM,2026-07-22,26,10000.0
DAM,2026-07-22,27,10000.0
DAM,2026-07-22,28,7299.02
DAM,2026-07-22,29,4114.21
DAM,2026-07-22,30,4002.37
DAM,2026-07-22,31,3749.41
DAM,2026-07-22,32,3540.27
DAM,2026-07-22,33,3226.39
DAM,2026-07-22,34,3132.47
DAM,2026-07-22,35,2851.3
DAM,2026-07-22,36,2660.61
DAM,2026-07-22,37,2685.22
DAM,2026-07-22,38,2620.75
DAM,2026-07-22,39,2520.34
DAM,2026-07-22,40,2270.21
DAM,2026-07-22,41,1930.5
DAM,2026-07-22,42,1880.84
DAM,2026-07-22,43,1840.55
DAM,2026-07-22,44,1840.31
DAM,2026-07-22,45,1810.15
DAM,2026-07-22,46,1700.86
DAM,2026-07-22,47,1619.66
DAM,2026-07-22,48,1617.28
DAM,2026-07-22,49,1546.32
DAM,2026-07-22,50,1541.94
DAM,2026-07-22,51,1541.76
DAM,2026-07-22,52,1541.09
DAM,2026-07-22,53,1379.7
DAM,2026-07-22,54,1429.48
DAM,2026-07-22,55,1555.4
DAM,2026-07-22,56,1627.58
DAM,2026-07-22,57,1810.14
DAM,2026-07-22,58,1840.01
DAM,2026-07-22,59,1840.87
DAM,2026-07-22,60,1870.21
DAM,2026-07-22,61,2060.74
DAM,2026-07-22,62,2120.55
DAM,2026-07-22,63,2277.71
DAM,2026-07-22,64,2450.2
DAM,2026-07-22,65,2620.68
DAM,2026-07-22,66,2660.88
DAM,2026-07-22,67,2999.88
DAM,2026-07-22,68,3137.87
DAM,2026-07-22,69,3342.88
DAM,2026-07-22,70,3300.64
DAM,2026-07-22,71,3502.41
DAM,2026-07-22,72,3630.91
DAM,2026-07-22,73,4028.3
DAM,2026-07-22,74,4800.14
DAM,2026-07-22,75,10000.0
DAM,2026-07-22,76,10000.0
DAM,2026-07-22,77,10000.0
DAM,2026-07-22,78,10000.0
DAM,2026-07-22,79,10000.0
DAM,2026-07-22,80,10000.0
DAM,2026-07-22,81,10000.0
DAM,2026-07-22,82,10000.0
DAM,2026-07-22,83,10000.0
DAM,2026-07-22,84,10000.0
DAM,2026-07-22,85,10000.0
DAM,2026-07-22,86,10000.0
DAM,2026-07-22,87,10000.0
DAM,2026-07-22,88,10000.0
DAM,2026-07-22,89,10000.0
DAM,2026-07-22,90,10000.0
DAM,2026-07-22,91,10000.0
DAM,2026-07-22,92,10000.0
DAM,2026-07-22,93,10000.0
DAM,2026-07-22,94,10000.0
DAM,2026-07-22,95,10000.0
DAM,2026-07-22,96,10000.0
DAM,2026-07-23,1,10000.0
DAM,2026-07-23,2,10000.0
DAM,2026-07-23,3,10000.0
DAM,2026-07-23,4,10000.0
DAM,2026-07-23,5,10000.0
DAM,2026-07-23,6,7299.68
DAM,2026-07-23,7,5886.67
DAM,2026-07-23,8,4520.21
DAM,2026-07-23,9,4270.62
DAM,2026-07-23,10,4000.93
DAM,2026-07-23,11,3850.03
DAM,2026-07-23,12,3668.16
DAM,2026-07-23,13,3609.19
DAM,2026-07-23,14,3499.91
DAM,2026-07-23,15,3400.71
DAM,2026-07-23,16,3339.22
DAM,2026-07-23,17,3426.32
DAM,2026-07-23,18,3409.53
DAM,2026-07-23,19,3426.71
DAM,2026-07-23,20,3599.15
DAM,2026-07-23,21,3950.19
DAM,2026-07-23,22,4152.13
DAM,2026-07-23,23,6759.86
DAM,2026-07-23,24,10000.0
DAM,2026-07-23,25,10000.0
DAM,2026-07-23,26,10000.0
DAM,2026-07-23,27,10000.0
DAM,2026-07-23,28,10000.0
DAM,2026-07-23,29,7000.02
DAM,2026-07-23,30,4727.59
DAM,2026-07-23,31,4028.35
DAM,2026-07-23,32,3800.77
DAM,2026-07-23,33,3430.84
DAM,2026-07-23,34,3337.55
DAM,2026-07-23,35,3282.59
DAM,2026-07-23,36,3075.54
DAM,2026-07-23,37,3005.53
DAM,2026-07-23,38,2999.06
DAM,2026-07-23,39,2736.5
DAM,2026-07-23,40,2558.0
DAM,2026-07-23,41,2184.38
DAM,2026-07-23,42,2120.55
DAM,2026-07-23,43,1949.65
DAM,2026-07-23,44,1901.73
DAM,2026-07-23,45,1840.42
DAM,2026-07-23,46,1840.28
DAM,2026-07-23,47,1837.25
DAM,2026-07-23,48,1810.88
DAM,2026-07-23,49,1617.99
DAM,2026-07-23,50,1617.56
DAM,2026-07-23,51,1556.97
DAM,2026-07-23,52,1556.02
DAM,2026-07-23,53,1541.25
DAM,2026-07-23,54,1541.49
DAM,2026-07-23,55,1617.07
DAM,2026-07-23,56,1659.3
DAM,2026-07-23,57,1840.05
DAM,2026-07-23,58,1840.63
DAM,2026-07-23,59,1928.01
DAM,2026-07-23,60,1999.49
DAM,2026-07-23,61,2120.86
DAM,2026-07-23,62,2270.9
DAM,2026-07-23,63,2441.47
DAM,2026-07-23,64,2470.86
DAM,2026-07-23,65,2620.82
DAM,2026-07-23,66,3000.07
DAM,2026-07-23,67,3210.35
DAM,2026-07-23,68,3374.92
DAM,2026-07-23,69,3275.8
DAM,2026-07-23,70,3250.14
DAM,2026-07-23,71,3536.71
DAM,2026-07-23,72,3801.0
DAM,2026-07-23,73,3950.52
DAM,2026-07-23,74,4575.37
DAM,2026-07-23,75,6250.47
DAM,2026-07-23,76,10000.0
DAM,2026-07-23,77,10000.0
DAM,2026-07-23,78,10000.0
DAM,2026-07-23,79,10000.0
DAM,2026-07-23,80,10000.0
DAM,2026-07-23,81,10000.0
DAM,2026-07-23,82,10000.0
DAM,2026-07-23,83,10000.0
DAM,2026-07-23,84,10000.0
DAM,2026-07-23,85,10000.0
DAM,2026-07-23,86,10000.0
DAM,2026-07-23,87,10000.0
DAM,2026-07-23,88,10000.0
DAM,2026-07-23,89,10000.0
DAM,2026-07-23,90,10000.0
DAM,2026-07-23,91,10000.0
DAM,2026-07-23,92,10000.0
DAM,2026-07-23,93,10000.0
DAM,2026-07-23,94,10000.0
DAM,2026-07-23,95,10000.0
DAM,2026-07-23,96,10000.0
DAM,2026-07-24,1,4000.26
DAM,2026-07-24,2,3950.94
DAM,2026-07-24,3,3800.1
DAM,2026-07-24,4,3733.38
DAM,2026-07-24,5,3461.55
DAM,2026-07-24,6,3400.67
DAM,2026-07-24,7,3339.61
DAM,2026-07-24,8,3300.95
DAM,2026-07-24,9,3073.69
DAM,2026-07-24,10,3072.54
DAM,2026-07-24,11,3068.05
DAM,2026-07-24,12,3063.71
DAM,2026-07-24,13,2999.87
DAM,2026-07-24,14,2999.98
DAM,2026-07-24,15,2999.82
DAM,2026-07-24,16,2999.79
DAM,2026-07-24,17,2999.7
DAM,2026-07-24,18,2999.53
DAM,2026-07-24,19,2999.9
DAM,2026-07-24,20,2999.84
DAM,2026-07-24,21,2999.37
DAM,2026-07-24,22,3012.36
DAM,2026-07-24,23,3377.28
DAM,2026-07-24,24,3500.09
DAM,2026-07-24,25,4647.55
DAM,2026-07-24,26,7299.15
DAM,2026-07-24,27,9499.7
DAM,2026-07-24,28,6413.43
DAM,2026-07-24,29,4384.94
DAM,2026-07-24,30,4028.37
DAM,2026-07-24,31,3769.86
DAM,2026-07-24,32,3523.45
DAM,2026-07-24,33,3100.84
DAM,2026-07-24,34,2999.72
DAM,2026-07-24,35,2752.48
DAM,2026-07-24,36,2636.84
DAM,2026-07-24,37,2620.2
DAM,2026-07-24,38,2449.06
DAM,2026-07-24,39,2410.72
DAM,2026-07-24,40,2193.12
DAM,2026-07-24,41,1870.7
DAM,2026-07-24,42,1840.54
DAM,2026-07-24,43,1793.2
DAM,2026-07-24,44,1709.16
DAM,2026-07-24,45,1617.6
DAM,2026-07-24,46,1617.05
DAM,2026-07-24,47,1555.34
DAM,2026-07-24,48,1617.43
DAM,2026-07-24,49,1546.2
DAM,2026-07-24,50,1541.67
DAM,2026-07-24,51,1499.56
DAM,2026-07-24,52,1499.54
DAM,2026-07-24,53,1315.54
DAM,2026-07-24,54,1315.81
DAM,2026-07-24,55,1546.7
DAM,2026-07-24,56,1700.15
DAM,2026-07-24,57,1810.21
DAM,2026-07-24,58,1840.46
DAM,2026-07-24,59,1890.97
DAM,2026-07-24,60,2000.52
DAM,2026-07-24,61,2130.74
DAM,2026-07-24,62,2280.95
DAM,2026-07-24,63,2470.64
DAM,2026-07-24,64,2544.75
DAM,2026-07-24,65,2826.36
DAM,2026-07-24,66,2999.28
DAM,2026-07-24,67,3077.55
DAM,2026-07-24,68,3096.47
DAM,2026-07-24,69,3166.15
DAM,2026-07-24,70,3300.57
DAM,2026-07-24,71,3500.75
DAM,2026-07-24,72,3609.71
DAM,2026-07-24,73,3523.35
DAM,2026-07-24,74,3677.08
DAM,2026-07-24,75,4440.15
DAM,2026-07-24,76,5999.27
DAM,2026-07-24,77,10000.0
DAM,2026-07-24,78,10000.0
DAM,2026-07-24,79,10000.0
DAM,2026-07-24,80,10000.0
DAM,2026-07-24,81,10000.0
DAM,2026-07-24,82,10000.0
DAM,2026-07-24,83,10000.0
DAM,2026-07-24,84,10000.0
DAM,2026-07-24,85,10000.0
DAM,2026-07-24,86,10000.0
DAM,2026-07-24,87,10000.0
DAM,2026-07-24,88,10000.0
DAM,2026-07-24,89,10000.0
DAM,2026-07-24,90,10000.0
DAM,2026-07-24,91,10000.0
DAM,2026-07-24,92,10000.0
DAM,2026-07-24,93,10000.0
DAM,2026-07-24,94,10000.0
DAM,2026-07-24,95,10000.0
DAM,2026-07-24,96,10000.0
DAM,2026-07-25,1,5483.81
DAM,2026-07-25,2,4850.56
DAM,2026-07-25,3,3749.48
DAM,2026-07-25,4,3677.33
DAM,2026-07-25,5,3409.58
DAM,2026-07-25,6,3300.5
DAM,2026-07-25,7,3157.66
DAM,2026-07-25,8,3214.24
DAM,2026-07-25,9,3110.44
DAM,2026-07-25,10,3059.34
DAM,2026-07-25,11,2999.56
DAM,2026-07-25,12,2999.9
DAM,2026-07-25,13,2999.13
DAM,2026-07-25,14,2999.03
DAM,2026-07-25,15,2909.96
DAM,2026-07-25,16,2909.53
DAM,2026-07-25,17,2896.61
DAM,2026-07-25,18,2896.96
DAM,2026-07-25,19,2889.54
DAM,2026-07-25,20,2999.38
DAM,2026-07-25,21,2999.04
DAM,2026-07-25,22,3434.58
DAM,2026-07-25,23,3700.02
DAM,2026-07-25,24,3950.21
DAM,2026-07-25,25,5165.26
DAM,2026-07-25,26,7057.89
DAM,2026-07-25,27,7299.69
DAM,2026-07-25,28,7057.58
DAM,2026-07-25,29,4487.8
DAM,2026-07-25,30,3999.39
DAM,2026-07-25,31,3659.94
DAM,2026-07-25,32,3400.52
DAM,2026-07-25,33,3157.4
DAM,2026-07-25,34,3100.42
DAM,2026-07-25,35,2872.61
DAM,2026-07-25,36,2672.47
DAM,2026-07-25,37,2544.32
DAM,2026-07-25,38,2476.04
DAM,2026-07-25,39,2165.6
DAM,2026-07-25,40,2100.87
DAM,2026-07-25,41,1840.78
DAM,2026-07-25,42,1840.66
DAM,2026-07-25,43,1810.98
DAM,2026-07-25,44,1750.09
DAM,2026-07-25,45,1617.1
DAM,2026-07-25,46,1617.25
DAM,2026-07-25,47,1555.25
DAM,2026-07-25,48,1555.19
DAM,2026-07-25,49,1546.96
DAM,2026-07-25,50,1547.0
DAM,2026-07-25,51,1546.75
DAM,2026-07-25,52,1546.79
DAM,2026-07-25,53,1541.08
DAM,2026-07-25,54,1541.24
DAM,2026-07-25,55,1546.52
DAM,2026-07-25,56,1617.42
DAM,2026-07-25,57,1840.02
DAM,2026-07-25,58,1840.75
DAM,2026-07-25,59,1999.2
DAM,2026-07-25,60,2060.14
DAM,2026-07-25,61,2295.97
DAM,2026-07-25,62,2555.08
DAM,2026-07-25,63,2840.74
DAM,2026-07-25,64,2990.6
DAM,2026-07-25,65,3150.92
DAM,2026-07-25,66,3257.71
DAM,2026-07-25,67,3370.95
DAM,2026-07-25,68,3381.35
DAM,2026-07-25,69,3435.92
DAM,2026-07-25,70,3502.88
DAM,2026-07-25,71,3641.83
DAM,2026-07-25,72,3786.56
DAM,2026-07-25,73,3786.45
DAM,2026-07-25,74,3999.44
DAM,2026-07-25,75,3900.62
DAM,2026-07-25,76,5999.04
DAM,2026-07-25,77,10000.0
DAM,2026-07-25,78,10000.0
DAM,2026-07-25,79,10000.0
DAM,2026-07-25,80,10000.0
DAM,2026-07-25,81,10000.0
DAM,2026-07-25,82,10000.0
DAM,2026-07-25,83,10000.0
DAM,2026-07-25,84,10000.0
DAM,2026-07-25,85,10000.0
DAM,2026-07-25,86,10000.0
DAM,2026-07-25,87,10000.0
DAM,2026-07-25,88,10000.0
DAM,2026-07-25,89,10000.0
DAM,2026-07-25,90,10000.0
DAM,2026-07-25,91,10000.0
DAM,2026-07-25,92,10000.0
DAM,2026-07-25,93,10000.0
DAM,2026-07-25,94,10000.0
DAM,2026-07-25,95,10000.0
DAM,2026-07-25,96,10000.0
DAM,2026-07-26,1,10000.0
DAM,2026-07-26,2,10000.0
DAM,2026-07-26,3,10000.0
DAM,2026-07-26,4,10000.0
DAM,2026-07-26,5,10000.0
DAM,2026-07-26,6,5100.59
DAM,2026-07-26,7,4999.71
DAM,2026-07-26,8,3949.54
DAM,2026-07-26,9,3499.9
DAM,2026-07-26,10,3409.35
DAM,2026-07-26,11,3300.01
DAM,2026-07-26,12,3259.72
DAM,2026-07-26,13,3119.39
DAM,2026-07-26,14,3079.96
DAM,2026-07-26,15,3029.85
DAM,2026-07-26,16,3029.24
DAM,2026-07-26,17,3119.28
DAM,2026-07-26,18,3119.01
DAM,2026-07-26,19,3079.57
DAM,2026-07-26,20,3339.35
DAM,2026-07-26,21,3533.18
DAM,2026-07-26,22,3950.7
DAM,2026-07-26,23,5500.35
DAM,2026-07-26,24,10000.0
DAM,2026-07-26,25,10000.0
DAM,2026-07-26,26,10000.0
DAM,2026-07-26,27,10000.0
DAM,2026-07-26,28,10000.0
DAM,2026-07-26,29,4727.18
DAM,2026-07-26,30,4092.1
DAM,2026-07-26,31,3479.58
DAM,2026-07-26,32,3256.8
DAM,2026-07-26,33,2702.3
DAM,2026-07-26,34,2197.17
DAM,2026-07-26,35,2120.65
DAM,2026-07-26,36,1957.09
DAM,2026-07-26,37,1870.6
DAM,2026-07-26,38,1840.24
DAM,2026-07-26,39,1800.2
DAM,2026-07-26,40,1556.76
DAM,2026-07-26,41,1287.42
DAM,2026-07-26,42,1115.92
DAM,2026-07-26,43,1115.71
DAM,2026-07-26,44,1115.63
DAM,2026-07-26,45,1115.41
DAM,2026-07-26,46,1115.36
DAM,2026-07-26,47,1115.25
DAM,2026-07-26,48,1115.21
DAM,2026-07-26,49,1115.28
DAM,2026-07-26,50,1115.19
DAM,2026-07-26,51,1115.14
DAM,2026-07-26,52,1115.15
DAM,2026-07-26,53,999.8
DAM,2026-07-26,54,999.78
DAM,2026-07-26,55,1115.21
DAM,2026-07-26,56,1115.32
DAM,2026-07-26,57,1115.93
DAM,2026-07-26,58,1281.4
DAM,2026-07-26,59,1300.39
DAM,2026-07-26,60,1429.45
DAM,2026-07-26,61,1733.6
DAM,2026-07-26,62,1809.04
DAM,2026-07-26,63,1840.65
DAM,2026-07-26,64,2014.41
DAM,2026-07-26,65,2229.31
DAM,2026-07-26,66,2410.87
DAM,2026-07-26,67,2620.11
DAM,2026-07-26,68,2620.53
DAM,2026-07-26,69,2620.22
DAM,2026-07-26,70,2470.4
DAM,2026-07-26,71,2600.8
DAM,2026-07-26,72,2620.44
DAM,2026-07-26,73,2940.06
DAM,2026-07-26,74,3099.27
DAM,2026-07-26,75,3373.61
DAM,2026-07-26,76,3462.5
DAM,2026-07-26,77,4252.83
DAM,2026-07-26,78,4727.03
DAM,2026-07-26,79,6329.75
DAM,2026-07-26,80,10000.0
DAM,2026-07-26,81,10000.0
DAM,2026-07-26,82,10000.0
DAM,2026-07-26,83,10000.0
DAM,2026-07-26,84,10000.0
DAM,2026-07-26,85,10000.0
DAM,2026-07-26,86,10000.0
DAM,2026-07-26,87,10000.0
DAM,2026-07-26,88,10000.0
DAM,2026-07-26,89,10000.0
DAM,2026-07-26,90,10000.0
DAM,2026-07-26,91,10000.0
DAM,2026-07-26,92,10000.0
DAM,2026-07-26,93,10000.0
DAM,2026-07-26,94,10000.0
DAM,2026-07-26,95,10000.0
DAM,2026-07-26,96,10000.0
DAM,2026-07-27,1,10000.0
DAM,2026-07-27,2,10000.0
DAM,2026-07-27,3,10000.0
DAM,2026-07-27,4,10000.0
DAM,2026-07-27,5,10000.0
DAM,2026-07-27,6,10000.0
DAM,2026-07-27,7,10000.0
DAM,2026-07-27,8,10000.0
DAM,2026-07-27,9,3741.97
DAM,2026-07-27,10,3741.54
DAM,2026-07-27,11,3730.2
DAM,2026-07-27,12,3700.59
DAM,2026-07-27,13,3400.34
DAM,2026-07-27,14,3400.61
DAM,2026-07-27,15,3400.5
DAM,2026-07-27,16,3400.22
DAM,2026-07-27,17,3499.74
DAM,2026-07-27,18,3400.62
DAM,2026-07-27,19,3600.98
DAM,2026-07-27,20,3753.6
DAM,2026-07-27,21,5244.15
DAM,2026-07-27,22,10000.0
DAM,2026-07-27,23,10000.0
DAM,2026-07-27,24,10000.0
DAM,2026-07-27,25,10000.0
DAM,2026-07-27,26,10000.0
DAM,2026-07-27,27,10000.0
DAM,2026-07-27,28,10000.0
DAM,2026-07-27,29,10000.0
DAM,2026-07-27,30,10000.0
DAM,2026-07-27,31,10000.0
DAM,2026-07-27,32,5300.6
DAM,2026-07-27,33,4000.58
DAM,2026-07-27,34,3540.89
DAM,2026-07-27,35,3367.61
DAM,2026-07-27,36,3088.94
DAM,2026-07-27,37,2999.48
DAM,2026-07-27,38,2672.86
DAM,2026-07-27,39,2544.2
DAM,2026-07-27,40,2304.7
DAM,2026-07-27,41,2097.09
DAM,2026-07-27,42,2007.02
DAM,2026-07-27,43,1870.95
DAM,2026-07-27,44,1870.28
DAM,2026-07-27,45,1840.0
DAM,2026-07-27,46,1822.41
DAM,2026-07-27,47,1810.41
DAM,2026-07-27,48,1810.89
DAM,2026-07-27,49,1782.72
DAM,2026-07-27,50,1743.65
DAM,2026-07-27,51,1697.62
DAM,2026-07-27,52,1617.18
DAM,2026-07-27,53,1379.48
DAM,2026-07-27,54,1500.43
DAM,2026-07-27,55,1546.04
DAM,2026-07-27,56,1617.8
DAM,2026-07-27,57,1840.35
DAM,2026-07-27,58,1919.27
DAM,2026-07-27,59,2002.21
DAM,2026-07-27,60,2174.35
DAM,2026-07-27,61,2320.38
DAM,2026-07-27,62,2620.19
DAM,2026-07-27,63,2930.99
DAM,2026-07-27,64,3097.35
DAM,2026-07-27,65,3399.71
DAM,2026-07-27,66,3500.14
DAM,2026-07-27,67,3540.27
DAM,2026-07-27,68,3540.34
DAM,2026-07-27,69,3540.93
DAM,2026-07-27,70,3677.09
DAM,2026-07-27,71,3950.84
DAM,2026-07-27,72,4300.48
DAM,2026-07-27,73,4809.55
DAM,2026-07-27,74,5202.87
DAM,2026-07-27,75,9500.13
DAM,2026-07-27,76,10000.0
DAM,2026-07-27,77,10000.0
DAM,2026-07-27,78,10000.0
DAM,2026-07-27,79,10000.0
DAM,2026-07-27,80,10000.0
DAM,2026-07-27,81,10000.0
DAM,2026-07-27,82,10000.0
DAM,2026-07-27,83,10000.0
DAM,2026-07-27,84,10000.0
DAM,2026-07-27,85,10000.0
DAM,2026-07-27,86,10000.0
DAM,2026-07-27,87,10000.0
DAM,2026-07-27,88,10000.0
DAM,2026-07-27,89,10000.0
DAM,2026-07-27,90,10000.0
DAM,2026-07-27,91,10000.0
DAM,2026-07-27,92,10000.0
DAM,2026-07-27,93,10000.0
DAM,2026-07-27,94,10000.0
DAM,2026-07-27,95,10000.0
DAM,2026-07-27,96,10000.0
DAM,2026-07-28,1,10000.0
DAM,2026-07-28,2,10000.0
DAM,2026-07-28,3,10000.0
DAM,2026-07-28,4,10000.0
DAM,2026-07-28,5,10000.0
DAM,2026-07-28,6,10000.0
DAM,2026-07-28,7,4800.74
DAM,2026-07-28,8,4036.33
DAM,2026-07-28,9,3599.74
DAM,2026-07-28,10,3523.85
DAM,2026-07-28,11,3409.66
DAM,2026-07-28,12,3399.64
DAM,2026-07-28,13,3259.84
DAM,2026-07-28,14,3119.92
DAM,2026-07-28,15,3119.73
DAM,2026-07-28,16,3119.73
DAM,2026-07-28,17,3119.93
DAM,2026-07-28,18,3119.87
DAM,2026-07-28,19,3259.57
DAM,2026-07-28,20,3409.79
DAM,2026-07-28,21,3700.64
DAM,2026-07-28,22,6000.99
DAM,2026-07-28,23,10000.0
DAM,2026-07-28,24,10000.0
DAM,2026-07-28,25,10000.0
DAM,2026-07-28,26,10000.0
DAM,2026-07-28,27,10000.0
DAM,2026-07-28,28,10000.0
DAM,2026-07-28,29,10000.0
DAM,2026-07-28,30,10000.0
DAM,2026-07-28,31,5240.88
DAM,2026-07-28,32,3768.29
DAM,2026-07-28,33,3361.26
DAM,2026-07-28,34,3077.68
DAM,2026-07-28,35,2674.66
DAM,2026-07-28,36,2672.54
DAM,2026-07-28,37,2544.93
DAM,2026-07-28,38,2449.98
DAM,2026-07-28,39,2159.52
DAM,2026-07-28,40,2040.78
DAM,2026-07-28,41,1840.17
DAM,2026-07-28,42,1810.89
DAM,2026-07-28,43,1725.69
DAM,2026-07-28,44,1510.95
DAM,2026-07-28,45,1437.57
DAM,2026-07-28,46,1400.47
DAM,2026-07-28,47,1379.83
DAM,2026-07-28,48,1379.82
DAM,2026-07-28,49,1379.39
DAM,2026-07-28,50,1366.66
DAM,2026-07-28,51,1366.71
DAM,2026-07-28,52,1366.43
DAM,2026-07-28,53,1287.75
DAM,2026-07-28,54,1287.76
DAM,2026-07-28,55,1300.38
DAM,2026-07-28,56,1316.0
DAM,2026-07-28,57,1511.0
DAM,2026-07-28,58,1696.61
DAM,2026-07-28,59,1810.86
DAM,2026-07-28,60,1840.27
DAM,2026-07-28,61,1840.98
DAM,2026-07-28,62,2002.92
DAM,2026-07-28,63,2181.92
DAM,2026-07-28,64,2395.66
DAM,2026-07-28,65,2739.69
DAM,2026-07-28,66,2991.17
DAM,2026-07-28,67,3065.42
DAM,2026-07-28,68,3076.35
DAM,2026-07-28,69,2999.39
DAM,2026-07-28,70,2862.39
DAM,2026-07-28,71,3049.4
DAM,2026-07-28,72,3065.42
DAM,2026-07-28,73,3098.89
DAM,2026-07-28,74,3394.82
DAM,2026-07-28,75,3751.47
DAM,2026-07-28,76,5150.56
DAM,2026-07-28,77,10000.0
DAM,2026-07-28,78,10000.0
DAM,2026-07-28,79,10000.0
DAM,2026-07-28,80,10000.0
DAM,2026-07-28,81,10000.0
DAM,2026-07-28,82,10000.0
DAM,2026-07-28,83,10000.0
DAM,2026-07-28,84,10000.0
DAM,2026-07-28,85,10000.0
DAM,2026-07-28,86,10000.0
DAM,2026-07-28,87,10000.0
DAM,2026-07-28,88,10000.0
DAM,2026-07-28,89,10000.0
DAM,2026-07-28,90,10000.0
DAM,2026-07-28,91,10000.0
DAM,2026-07-28,92,10000.0
DAM,2026-07-28,93,10000.0
DAM,2026-07-28,94,10000.0
DAM,2026-07-28,95,10000.0
DAM,2026-07-28,96,10000.0
DAM,2026-07-29,1,10000.0
DAM,2026-07-29,2,10000.0
DAM,2026-07-29,3,10000.0
DAM,2026-07-29,4,10000.0
DAM,2026-07-29,5,5450.22
DAM,2026-07-29,6,4013.41
DAM,2026-07-29,7,4000.95
DAM,2026-07-29,8,3882.45
DAM,2026-07-29,9,3500.77
DAM,2026-07-29,10,3500.03
DAM,2026-07-29,11,3361.29
DAM,2026-07-29,12,3339.47
DAM,2026-07-29,13,3240.0
DAM,2026-07-29,14,3189.76
DAM,2026-07-29,15,3201.4
DAM,2026-07-29,16,3119.82
DAM,2026-07-29,17,3123.87
DAM,2026-07-29,18,3119.67
DAM,2026-07-29,19,3184.8
DAM,2026-07-29,20,3361.24
DAM,2026-07-29,21,3339.25
DAM,2026-07-29,22,3626.79
DAM,2026-07-29,23,3950.29
DAM,2026-07-29,24,4750.52
DAM,2026-07-29,25,9889.34
DAM,2026-07-29,26,10000.0
DAM,2026-07-29,27,10000.0
DAM,2026-07-29,28,9889.61
DAM,2026-07-29,29,4999.36
DAM,2026-07-29,30,4429.79
DAM,2026-07-29,31,3600.29
DAM,2026-07-29,32,3100.01
DAM,2026-07-29,33,2672.5
DAM,2026-07-29,34,2449.64
DAM,2026-07-29,35,2175.12
DAM,2026-07-29,36,2100.72
DAM,2026-07-29,37,2000.63
DAM,2026-07-29,38,2000.18
DAM,2026-07-29,39,1928.38
DAM,2026-07-29,40,1840.86
DAM,2026-07-29,41,1799.49
DAM,2026-07-29,42,1617.73
DAM,2026-07-29,43,1510.59
DAM,2026-07-29,44,1429.57
DAM,2026-07-29,45,1379.36
DAM,2026-07-29,46,1366.07
DAM,2026-07-29,47,1369.16
DAM,2026-07-29,48,1366.37
DAM,2026-07-29,49,1350.94
DAM,2026-07-29,50,1350.83
DAM,2026-07-29,51,1350.61
DAM,2026-07-29,52,1350.44
DAM,2026-07-29,53,1287.57
DAM,2026-07-29,54,1287.64
DAM,2026-07-29,55,1350.06
DAM,2026-07-29,56,1350.98
DAM,2026-07-29,57,1379.38
DAM,2026-07-29,58,1510.18
DAM,2026-07-29,59,1546.98
DAM,2026-07-29,60,1617.29
DAM,2026-07-29,61,1816.78
DAM,2026-07-29,62,1840.95
DAM,2026-07-29,63,1930.44
DAM,2026-07-29,64,2076.45
DAM,2026-07-29,65,2420.5
DAM,2026-07-29,66,2461.66
DAM,2026-07-29,67,2620.46
DAM,2026-07-29,68,2694.82
DAM,2026-07-29,69,2848.43
DAM,2026-07-29,70,3005.72
DAM,2026-07-29,71,3076.78
DAM,2026-07-29,72,3323.88
DAM,2026-07-29,73,3599.22
DAM,2026-07-29,74,3599.89
DAM,2026-07-29,75,4400.28
DAM,2026-07-29,76,5999.79
DAM,2026-07-29,77,10000.0
DAM,2026-07-29,78,10000.0
DAM,2026-07-29,79,10000.0
DAM,2026-07-29,80,10000.0
DAM,2026-07-29,81,10000.0
DAM,2026-07-29,82,10000.0
DAM,2026-07-29,83,10000.0
DAM,2026-07-29,84,10000.0
DAM,2026-07-29,85,10000.0
DAM,2026-07-29,86,10000.0
DAM,2026-07-29,87,10000.0
DAM,2026-07-29,88,10000.0
DAM,2026-07-29,89,10000.0
DAM,2026-07-29,90,10000.0
DAM,2026-07-29,91,10000.0
DAM,2026-07-29,92,10000.0
DAM,2026-07-29,93,10000.0
DAM,2026-07-29,94,10000.0
DAM,2026-07-29,95,10000.0
DAM,2026-07-29,96,10000.0
DAM,2026-07-30,1,10000.0
DAM,2026-07-30,2,10000.0
DAM,2026-07-30,3,10000.0
DAM,2026-07-30,4,10000.0
DAM,2026-07-30,5,5000.87
DAM,2026-07-30,6,4036.84
DAM,2026-07-30,7,3834.3
DAM,2026-07-30,8,3676.91
DAM,2026-07-30,9,3630.0
DAM,2026-07-30,10,3676.53
DAM,2026-07-30,11,3676.06
DAM,2026-07-30,12,3676.46
DAM,2026-07-30,13,3599.09
DAM,2026-07-30,14,3500.21
DAM,2026-07-30,15,3400.28
DAM,2026-07-30,16,3361.43
DAM,2026-07-30,17,3300.93
DAM,2026-07-30,18,3259.1
DAM,2026-07-30,19,3259.19
DAM,2026-07-30,20,3499.08
DAM,2026-07-30,21,3630.31
DAM,2026-07-30,22,3950.34
DAM,2026-07-30,23,4750.32
DAM,2026-07-30,24,6822.25
DAM,2026-07-30,25,10000.0
DAM,2026-07-30,26,10000.0
DAM,2026-07-30,27,10000.0
DAM,2026-07-30,28,8999.71
DAM,2026-07-30,29,4999.99
DAM,2026-07-30,30,4083.28
DAM,2026-07-30,31,3540.38
DAM,2026-07-30,32,3361.33
DAM,2026-07-30,33,2526.29
DAM,2026-07-30,34,2193.17
DAM,2026-07-30,35,2044.1
DAM,2026-07-30,36,2000.51
DAM,2026-07-30,37,1928.07
DAM,2026-07-30,38,1840.57
DAM,2026-07-30,39,1747.17
DAM,2026-07-30,40,1573.18
DAM,2026-07-30,41,1500.27
DAM,2026-07-30,42,1366.04
DAM,2026-07-30,43,1287.55
DAM,2026-07-30,44,1115.96
DAM,2026-07-30,45,1115.69
DAM,2026-07-30,46,1115.6
DAM,2026-07-30,47,1115.63
DAM,2026-07-30,48,1115.66
DAM,2026-07-30,49,1115.66
DAM,2026-07-30,50,1115.63
DAM,2026-07-30,51,1115.61
DAM,2026-07-30,52,1115.59
DAM,2026-07-30,53,1115.32
DAM,2026-07-30,54,1115.34
DAM,2026-07-30,55,1115.57
DAM,2026-07-30,56,1115.67
DAM,2026-07-30,57,1115.84
DAM,2026-07-30,58,1281.29
DAM,2026-07-30,59,1300.21
DAM,2026-07-30,60,1300.94
DAM,2026-07-30,61,1411.9
DAM,2026-07-30,62,1699.66
DAM,2026-07-30,63,1818.71
DAM,2026-07-30,64,1840.68
DAM,2026-07-30,65,2000.94
DAM,2026-07-30,66,2113.14
DAM,2026-07-30,67,2155.78
DAM,2026-07-30,68,2449.47
DAM,2026-07-30,69,2449.88
DAM,2026-07-30,70,2526.04
DAM,2026-07-30,71,2672.15
DAM,2026-07-30,72,3012.11
DAM,2026-07-30,73,3435.21
DAM,2026-07-30,74,3630.77
DAM,2026-07-30,75,4569.77
DAM,2026-07-30,76,5999.94
DAM,2026-07-30,77,10000.0
DAM,2026-07-30,78,10000.0
DAM,2026-07-30,79,10000.0
DAM,2026-07-30,80,10000.0
DAM,2026-07-30,81,10000.0
DAM,2026-07-30,82,10000.0
DAM,2026-07-30,83,10000.0
DAM,2026-07-30,84,10000.0
DAM,2026-07-30,85,10000.0
DAM,2026-07-30,86,10000.0
DAM,2026-07-30,87,10000.0
DAM,2026-07-30,88,10000.0
DAM,2026-07-30,89,10000.0
DAM,2026-07-30,90,10000.0
DAM,2026-07-30,91,10000.0
DAM,2026-07-30,92,10000.0
DAM,2026-07-30,93,10000.0
DAM,2026-07-30,94,10000.0
DAM,2026-07-30,95,10000.0
DAM,2026-07-30,96,10000.0
DAM,2026-07-31,1,10000.0
DAM,2026-07-31,2,10000.0
DAM,2026-07-31,3,10000.0
DAM,2026-07-31,4,10000.0
DAM,2026-07-31,5,10000.0
DAM,2026-07-31,6,5886.59
DAM,2026-07-31,7,4750.69
DAM,2026-07-31,8,4569.12
DAM,2026-07-31,9,4000.25
DAM,2026-07-31,10,4000.47
DAM,2026-07-31,11,4000.51
DAM,2026-07-31,12,4013.63
DAM,2026-07-31,13,3950.5
DAM,2026-07-31,14,3871.14
DAM,2026-07-31,15,3741.34
DAM,2026-07-31,16,3676.58
DAM,2026-07-31,17,3599.4
DAM,2026-07-31,18,3599.15
DAM,2026-07-31,19,3599.24
DAM,2026-07-31,20,3676.45
DAM,2026-07-31,21,4000.22
DAM,2026-07-31,22,4727.37
DAM,2026-07-31,23,5249.43
DAM,2026-07-31,24,5500.25
DAM,2026-07-31,25,7299.87
DAM,2026-07-31,26,10000.0
DAM,2026-07-31,27,10000.0
DAM,2026-07-31,28,10000.0
DAM,2026-07-31,29,7057.9
DAM,2026-07-31,30,6000.58
DAM,2026-07-31,31,4532.43
DAM,2026-07-31,32,3523.22
DAM,2026-07-31,33,2999.1
DAM,2026-07-31,34,2686.8
DAM,2026-07-31,35,2449.94
DAM,2026-07-31,36,2426.81
DAM,2026-07-31,37,2120.9
DAM,2026-07-31,38,2040.82
DAM,2026-07-31,39,1919.89
DAM,2026-07-31,40,1870.6
DAM,2026-07-31,41,1750.59
DAM,2026-07-31,42,1556.95
DAM,2026-07-31,43,1500.96
DAM,2026-07-31,44,1366.31
DAM,2026-07-31,45,1287.31
DAM,2026-07-31,46,1287.16
DAM,2026-07-31,47,1281.85
DAM,2026-07-31,48,1281.59
DAM,2026-07-31,49,1281.53
DAM,2026-07-31,50,1270.61
DAM,2026-07-31,51,1270.6
DAM,2026-07-31,52,1200.0
DAM,2026-07-31,53,1115.89
DAM,2026-07-31,54,1115.95
DAM,2026-07-31,55,1270.69
DAM,2026-07-31,56,1287.42
DAM,2026-07-31,57,1366.89
DAM,2026-07-31,58,1500.54
DAM,2026-07-31,59,1556.13
DAM,2026-07-31,60,1556.17
DAM,2026-07-31,61,1840.08
DAM,2026-07-31,62,1840.99
DAM,2026-07-31,63,1979.72
DAM,2026-07-31,64,2159.84
DAM,2026-07-31,65,2620.32
DAM,2026-07-31,66,2732.67
DAM,2026-07-31,67,2800.66
DAM,2026-07-31,68,3000.29
DAM,2026-07-31,69,2999.67
DAM,2026-07-31,70,3081.41
DAM,2026-07-31,71,3377.43
DAM,2026-07-31,72,3600.32
DAM,2026-07-31,73,4518.48
DAM,2026-07-31,74,5000.19
DAM,2026-07-31,75,5999.64
DAM,2026-07-31,76,6500.3
DAM,2026-07-31,77,10000.0
DAM,2026-07-31,78,10000.0
DAM,2026-07-31,79,10000.0
DAM,2026-07-31,80,10000.0
DAM,2026-07-31,81,10000.0
DAM,2026-07-31,82,10000.0
DAM,2026-07-31,83,10000.0
DAM,2026-07-31,84,10000.0
DAM,2026-07-31,85,10000.0
DAM,2026-07-31,86,10000.0
DAM,2026-07-31,87,10000.0
DAM,2026-07-31,88,10000.0
DAM,2026-07-31,89,10000.0
DAM,2026-07-31,90,10000.0
DAM,2026-07-31,91,10000.0
DAM,2026-07-31,92,10000.0
DAM,2026-07-31,93,10000.0
DAM,2026-07-31,94,10000.0
DAM,2026-07-31,95,10000.0
DAM,2026-07-31,96,10000.0
DAM,2026-08-01,1,10000.0
DAM,2026-08-01,2,10000.0
DAM,2026-08-01,3,10000.0
DAM,2026-08-01,4,9989.95
DAM,2026-08-01,5,4632.78
DAM,2026-08-01,6,3850.97
DAM,2026-08-01,7,3711.1
DAM,2026-08-01,8,3676.17
DAM,2026-08-01,9,3339.39
DAM,2026-08-01,10,3339.76
DAM,2026-08-01,11,3259.76
DAM,2026-08-01,12,3339.6
DAM,2026-08-01,13,3000.29
DAM,2026-08-01,14,2672.76
DAM,2026-08-01,15,2645.73
DAM,2026-08-01,16,2645.17
DAM,2026-08-01,17,2487.78
DAM,2026-08-01,18,2487.38
DAM,2026-08-01,19,2487.5
DAM,2026-08-01,20,2487.41
DAM,2026-08-01,21,2672.81
DAM,2026-08-01,22,2840.61
DAM,2026-08-01,23,3045.48
DAM,2026-08-01,24,3491.74
DAM,2026-08-01,25,4999.72
DAM,2026-08-01,26,7299.32
DAM,2026-08-01,27,10000.0
DAM,2026-08-01,28,10000.0
DAM,2026-08-01,29,7057.32
DAM,2026-08-01,30,5000.08
DAM,2026-08-01,31,3950.05
DAM,2026-08-01,32,3402.96
DAM,2026-08-01,33,2940.79
DAM,2026-08-01,34,2672.17
DAM,2026-08-01,35,2557.64
DAM,2026-08-01,36,2370.6
DAM,2026-08-01,37,2169.11
DAM,2026-08-01,38,2070.39
DAM,2026-08-01,39,1952.73
DAM,2026-08-01,40,1876.75
DAM,2026-08-01,41,1810.34
DAM,2026-08-01,42,1769.26
DAM,2026-08-01,43,1699.36
DAM,2026-08-01,44,1556.27
DAM,2026-08-01,45,1541.94
DAM,2026-08-01,46,1538.62
DAM,2026-08-01,47,1499.55
DAM,2026-08-01,48,1499.03
DAM,2026-08-01,49,1379.61
DAM,2026-08-01,50,1366.65
DAM,2026-08-01,51,1315.68
DAM,2026-08-01,52,1342.22
DAM,2026-08-01,53,1299.1
DAM,2026-08-01,54,1299.2
DAM,2026-08-01,55,1379.85
DAM,2026-08-01,56,1500.27
DAM,2026-08-01,57,1546.3
DAM,2026-08-01,58,1573.86
DAM,2026-08-01,59,1749.53
DAM,2026-08-01,60,1806.59
DAM,2026-08-01,61,1840.88
DAM,2026-08-01,62,1999.68
DAM,2026-08-01,63,2159.14
DAM,2026-08-01,64,2318.3
DAM,2026-08-01,65,2600.05
DAM,2026-08-01,66,2672.2
DAM,2026-08-01,67,2956.89
DAM,2026-08-01,68,3000.34
DAM,2026-08-01,69,3084.34
DAM,2026-08-01,70,3212.63
DAM,2026-08-01,71,3600.27
DAM,2026-08-01,72,3676.25
DAM,2026-08-01,73,3776.29
DAM,2026-08-01,74,4704.62
DAM,2026-08-01,75,5999.92
DAM,2026-08-01,76,10000.0
DAM,2026-08-01,77,10000.0
DAM,2026-08-01,78,10000.0
DAM,2026-08-01,79,10000.0
DAM,2026-08-01,80,10000.0
DAM,2026-08-01,81,10000.0
DAM,2026-08-01,82,10000.0
DAM,2026-08-01,83,10000.0
DAM,2026-08-01,84,10000.0
DAM,2026-08-01,85,10000.0
DAM,2026-08-01,86,10000.0
DAM,2026-08-01,87,10000.0
DAM,2026-08-01,88,10000.0
DAM,2026-08-01,89,10000.0
DAM,2026-08-01,90,10000.0
DAM,2026-08-01,91,10000.0
DAM,2026-08-01,92,10000.0
DAM,2026-08-01,93,10000.0
DAM,2026-08-01,94,10000.0
DAM,2026-08-01,95,10000.0
DAM,2026-08-01,96,10000.0
DAM,2026-08-02,1,10000.0
DAM,2026-08-02,2,10000.0
DAM,2026-08-02,3,10000.0
DAM,2026-08-02,4,4999.31
DAM,2026-08-02,5,3950.61
DAM,2026-08-02,6,3599.51
DAM,2026-08-02,7,3550.11
DAM,2026-08-02,8,3250.01
DAM,2026-08-02,9,3000.16
DAM,2026-08-02,10,2620.91
DAM,2026-08-02,11,3000.45
DAM,2026-08-02,12,3122.42
DAM,2026-08-02,13,3000.83
DAM,2026-08-02,14,3000.57
DAM,2026-08-02,15,3000.3
DAM,2026-08-02,16,2672.67
DAM,2026-08-02,17,2672.29
DAM,2026-08-02,18,2620.52
DAM,2026-08-02,19,2620.13
DAM,2026-08-02,20,2672.66
DAM,2026-08-02,21,2620.87
DAM,2026-08-02,22,2730.66
DAM,2026-08-02,23,3000.7
DAM,2026-08-02,24,3479.42
DAM,2026-08-02,25,4750.46
DAM,2026-08-02,26,5000.17
DAM,2026-08-02,27,4999.7
DAM,2026-08-02,28,4799.47
DAM,2026-08-02,29,3950.87
DAM,2026-08-02,30,3659.5
DAM,2026-08-02,31,3200.56
DAM,2026-08-02,32,3050.76
DAM,2026-08-02,33,2086.23
DAM,2026-08-02,34,1930.81
DAM,2026-08-02,35,1898.5
DAM,2026-08-02,36,1840.6
DAM,2026-08-02,37,1840.49
DAM,2026-08-02,38,1840.18
DAM,2026-08-02,39,1800.92
DAM,2026-08-02,40,1699.43
DAM,2026-08-02,41,1546.23
DAM,2026-08-02,42,1500.94
DAM,2026-08-02,43,1500.26
DAM,2026-08-02,44,1437.37
DAM,2026-08-02,45,1499.18
DAM,2026-08-02,46,1379.77
DAM,2026-08-02,47,1366.28
DAM,2026-08-02,48,1379.53
DAM,2026-08-02,49,1410.23
DAM,2026-08-02,50,1379.6
DAM,2026-08-02,51,1342.62
DAM,2026-08-02,52,1287.9
DAM,2026-08-02,53,1219.91
DAM,2026-08-02,54,1115.82
DAM,2026-08-02,55,1281.27
DAM,2026-08-02,56,1340.48
DAM,2026-08-02,57,1410.6
DAM,2026-08-02,58,1499.95
DAM,2026-08-02,59,1544.5
DAM,2026-08-02,60,1555.88
DAM,2026-08-02,61,1787.1
DAM,2026-08-02,62,1808.0
DAM,2026-08-02,63,1840.6
DAM,2026-08-02,64,1928.2
DAM,2026-08-02,65,2016.91
DAM,2026-08-02,66,2120.2
DAM,2026-08-02,67,2380.58
DAM,2026-08-02,68,2562.9
DAM,2026-08-02,69,2501.0
DAM,2026-08-02,70,2600.02
DAM,2026-08-02,71,2620.56
DAM,2026-08-02,72,2730.4
DAM,2026-08-02,73,2620.73
DAM,2026-08-02,74,2620.82
DAM,2026-08-02,75,3000.74
DAM,2026-08-02,76,3499.87
DAM,2026-08-02,77,6000.2
DAM,2026-08-02,78,8400.31
DAM,2026-08-02,79,8400.97
DAM,2026-08-02,80,10000.0
DAM,2026-08-02,81,10000.0
DAM,2026-08-02,82,10000.0
DAM,2026-08-02,83,10000.0
DAM,2026-08-02,84,10000.0
DAM,2026-08-02,85,10000.0
DAM,2026-08-02,86,10000.0
DAM,2026-08-02,87,10000.0
DAM,2026-08-02,88,10000.0
DAM,2026-08-02,89,10000.0
DAM,2026-08-02,90,10000.0
DAM,2026-08-02,91,10000.0
DAM,2026-08-02,92,10000.0
DAM,2026-08-02,93,10000.0
DAM,2026-08-02,94,10000.0
DAM,2026-08-02,95,10000.0
DAM,2026-08-02,96,10000.0
DAM,2026-08-03,1,10000.0
DAM,2026-08-03,2,10000.0
DAM,2026-08-03,3,10000.0
DAM,2026-08-03,4,10000.0
DAM,2026-08-03,5,9999.93
DAM,2026-08-03,6,9999.22
DAM,2026-08-03,7,5600.77
DAM,2026-08-03,8,5000.92
DAM,2026-08-03,9,3550.23
DAM,2026-08-03,10,3499.81
DAM,2026-08-03,11,3000.99
DAM,2026-08-03,12,3150.7
DAM,2026-08-03,13,3000.15
DAM,2026-08-03,14,2999.89
DAM,2026-08-03,15,2999.63
DAM,2026-08-03,16,2999.45
DAM,2026-08-03,17,2999.87
DAM,2026-08-03,18,2999.78
DAM,2026-08-03,19,3000.03
DAM,2026-08-03,20,3361.02
DAM,2026-08-03,21,3550.36
DAM,2026-08-03,22,4028.82
DAM,2026-08-03,23,5202.75
DAM,2026-08-03,24,10000.0
DAM,2026-08-03,25,10000.0
DAM,2026-08-03,26,10000.0
DAM,2026-08-03,27,10000.0
DAM,2026-08-03,28,10000.0
DAM,2026-08-03,29,9999.31
DAM,2026-08-03,30,7500.79
DAM,2026-08-03,31,5440.16
DAM,2026-08-03,32,4028.92
DAM,2026-08-03,33,3450.2
DAM,2026-08-03,34,3361.64
DAM,2026-08-03,35,2999.32
DAM,2026-08-03,36,2576.56
DAM,2026-08-03,37,2518.25
DAM,2026-08-03,38,2430.54
DAM,2026-08-03,39,2087.26
DAM,2026-08-03,40,2000.1
DAM,2026-08-03,41,1850.32
DAM,2026-08-03,42,1823.8
DAM,2026-08-03,43,1810.78
DAM,2026-08-03,44,1799.09
DAM,2026-08-03,45,1750.95
DAM,2026-08-03,46,1730.35
DAM,2026-08-03,47,1699.06
DAM,2026-08-03,48,1672.97
DAM,2026-08-03,49,1603.66
DAM,2026-08-03,50,1573.02
DAM,2026-08-03,51,1546.96
DAM,2026-08-03,52,1546.39
DAM,2026-08-03,53,1500.47
DAM,2026-08-03,54,1437.93
DAM,2026-08-03,55,1546.4
DAM,2026-08-03,56,1617.48
DAM,2026-08-03,57,1749.34
DAM,2026-08-03,58,1799.96
DAM,2026-08-03,59,1928.06
DAM,2026-08-03,60,2000.49
DAM,2026-08-03,61,2171.05
DAM,2026-08-03,62,2400.66
DAM,2026-08-03,63,2537.69
DAM,2026-08-03,64,2557.43
DAM,2026-08-03,65,2999.95
DAM,2026-08-03,66,3128.5
DAM,2026-08-03,67,3378.86
DAM,2026-08-03,68,3442.14
DAM,2026-08-03,69,3499.61
DAM,2026-08-03,70,3523.43
DAM,2026-08-03,71,3690.22
DAM,2026-08-03,72,3712.2
DAM,2026-08-03,73,3765.31
DAM,2026-08-03,74,5385.68
DAM,2026-08-03,75,7057.24
DAM,2026-08-03,76,10000.0
DAM,2026-08-03,77,10000.0
DAM,2026-08-03,78,10000.0
DAM,2026-08-03,79,10000.0
DAM,2026-08-03,80,10000.0
DAM,2026-08-03,81,10000.0
DAM,2026-08-03,82,10000.0
DAM,2026-08-03,83,10000.0
DAM,2026-08-03,84,10000.0
DAM,2026-08-03,85,10000.0
DAM,2026-08-03,86,10000.0
DAM,2026-08-03,87,10000.0
DAM,2026-08-03,88,10000.0
DAM,2026-08-03,89,10000.0
DAM,2026-08-03,90,10000.0
DAM,2026-08-03,91,10000.0
DAM,2026-08-03,92,10000.0
DAM,2026-08-03,93,10000.0
DAM,2026-08-03,94,10000.0
DAM,2026-08-03,95,10000.0
DAM,2026-08-03,96,10000.0
DAM,2026-08-04,1,10000.0
DAM,2026-08-04,2,10000.0
DAM,2026-08-04,3,10000.0
DAM,2026-08-04,4,10000.0
DAM,2026-08-04,5,10000.0
DAM,2026-08-04,6,10000.0
DAM,2026-08-04,7,10000.0
DAM,2026-08-04,8,10000.0
DAM,2026-08-04,9,10000.0
DAM,2026-08-04,10,10000.0
DAM,2026-08-04,11,7484.86
DAM,2026-08-04,12,6822.43
DAM,2026-08-04,13,4500.41
DAM,2026-08-04,14,4500.35
DAM,2026-08-04,15,4500.02
DAM,2026-08-04,16,4213.84
DAM,2026-08-04,17,4213.78
DAM,2026-08-04,18,4450.56
DAM,2026-08-04,19,4500.89
DAM,2026-08-04,20,4999.0
DAM,2026-08-04,21,7299.08
DAM,2026-08-04,22,10000.0
DAM,2026-08-04,23,10000.0
DAM,2026-08-04,24,10000.0
DAM,2026-08-04,25,10000.0
DAM,2026-08-04,26,10000.0
DAM,2026-08-04,27,10000.0
DAM,2026-08-04,28,10000.0
DAM,2026-08-04,29,10000.0
DAM,2026-08-04,30,10000.0
DAM,2026-08-04,31,6236.44
DAM,2026-08-04,32,4999.38
DAM,2026-08-04,33,3790.91
DAM,2026-08-04,34,3613.58
DAM,2026-08-04,35,3369.32
DAM,2026-08-04,36,3200.22
DAM,2026-08-04,37,2800.7
DAM,2026-08-04,38,2678.39
DAM,2026-08-04,39,2492.01
DAM,2026-08-04,40,2167.06
DAM,2026-08-04,41,1999.16
DAM,2026-08-04,42,1860.51
DAM,2026-08-04,43,1810.7
DAM,2026-08-04,44,1760.97
DAM,2026-08-04,45,1760.34
DAM,2026-08-04,46,1760.31
DAM,2026-08-04,47,1750.65
DAM,2026-08-04,48,1750.96
DAM,2026-08-04,49,1752.94
DAM,2026-08-04,50,1760.03
DAM,2026-08-04,51,1750.47
DAM,2026-08-04,52,1715.62
DAM,2026-08-04,53,1617.23
DAM,2026-08-04,54,1617.22
DAM,2026-08-04,55,1750.57
DAM,2026-08-04,56,1760.31
DAM,2026-08-04,57,1760.96
DAM,2026-08-04,58,1810.91
DAM,2026-08-04,59,1940.67
DAM,2026-08-04,60,2040.82
DAM,2026-08-04,61,2180.28
DAM,2026-08-04,62,2420.92
DAM,2026-08-04,63,2560.23
DAM,2026-08-04,64,2560.94
DAM,2026-08-04,65,3065.73
DAM,2026-08-04,66,3187.24
DAM,2026-08-04,67,3352.83
DAM,2026-08-04,68,3479.79
DAM,2026-08-04,69,3499.46
DAM,2026-08-04,70,3500.05
DAM,2026-08-04,71,3763.07
DAM,2026-08-04,72,4028.63
DAM,2026-08-04,73,3759.02
DAM,2026-08-04,74,4727.08
DAM,2026-08-04,75,5365.31
DAM,2026-08-04,76,7999.45
DAM,2026-08-04,77,10000.0
DAM,2026-08-04,78,10000.0
DAM,2026-08-04,79,10000.0
DAM,2026-08-04,80,10000.0
DAM,2026-08-04,81,10000.0
DAM,2026-08-04,82,10000.0
DAM,2026-08-04,83,10000.0
DAM,2026-08-04,84,10000.0
DAM,2026-08-04,85,10000.0
DAM,2026-08-04,86,10000.0
DAM,2026-08-04,87,10000.0
DAM,2026-08-04,88,10000.0
DAM,2026-08-04,89,10000.0
DAM,2026-08-04,90,10000.0
DAM,2026-08-04,91,10000.0
DAM,2026-08-04,92,10000.0
DAM,2026-08-04,93,10000.0
DAM,2026-08-04,94,10000.0
DAM,2026-08-04,95,10000.0
DAM,2026-08-04,96,10000.0
DAM,2026-08-05,1,10000.0
DAM,2026-08-05,2,10000.0
DAM,2026-08-05,3,10000.0
DAM,2026-08-05,4,10000.0
DAM,2026-08-05,5,10000.0
DAM,2026-08-05,6,9999.04
DAM,2026-08-05,7,5450.46
DAM,2026-08-05,8,4489.85
DAM,2026-08-05,9,3778.88
DAM,2026-08-05,10,3764.24
DAM,2026-08-05,11,3749.85
DAM,2026-08-05,12,3733.06
DAM,2026-08-05,13,3469.35
DAM,2026-08-05,14,3442.3
DAM,2026-08-05,15,3407.65
DAM,2026-08-05,16,3271.3
DAM,2026-08-05,17,3420.63
DAM,2026-08-05,18,3429.04
DAM,2026-08-05,19,3422.98
DAM,2026-08-05,20,3454.58
DAM,2026-08-05,21,3428.78
DAM,2026-08-05,22,3758.91
DAM,2026-08-05,23,4243.68
DAM,2026-08-05,24,4400.45
DAM,2026-08-05,25,4990.4
DAM,2026-08-05,26,5300.61
DAM,2026-08-05,27,5100.06
DAM,2026-08-05,28,4799.0
DAM,2026-08-05,29,4399.65
DAM,2026-08-05,30,4293.36
DAM,2026-08-05,31,3769.99
DAM,2026-08-05,32,3579.28
DAM,2026-08-05,33,3142.9
DAM,2026-08-05,34,2989.2
DAM,2026-08-05,35,2544.2
DAM,2026-08-05,36,2470.32
DAM,2026-08-05,37,2208.13
DAM,2026-08-05,38,2090.31
DAM,2026-08-05,39,2000.41
DAM,2026-08-05,40,1852.12
DAM,2026-08-05,41,1760.42
DAM,2026-08-05,42,1750.08
DAM,2026-08-05,43,1617.35
DAM,2026-08-05,44,1541.79
DAM,2026-08-05,45,1546.55
DAM,2026-08-05,46,1546.47
DAM,2026-08-05,47,1541.6
DAM,2026-08-05,48,1541.66
DAM,2026-08-05,49,1410.04
DAM,2026-08-05,50,1429.79
DAM,2026-08-05,51,1429.48
DAM,2026-08-05,52,1383.64
DAM,2026-08-05,53,1300.19
DAM,2026-08-05,54,1315.21
DAM,2026-08-05,55,1546.36
DAM,2026-08-05,56,1617.89
DAM,2026-08-05,57,1617.03
DAM,2026-08-05,58,1750.7
DAM,2026-08-05,59,1773.81
DAM,2026-08-05,60,1810.07
DAM,2026-08-05,61,1928.11
DAM,2026-08-05,62,2090.08
DAM,2026-08-05,63,2123.15
DAM,2026-08-05,64,2170.27
DAM,2026-08-05,65,2549.92
DAM,2026-08-05,66,2570.77
DAM,2026-08-05,67,2672.56
DAM,2026-08-05,68,2800.75
DAM,2026-08-05,69,3058.92
DAM,2026-08-05,70,3191.03
DAM,2026-08-05,71,3450.88
DAM,2026-08-05,72,3466.33
DAM,2026-08-05,73,3436.87
DAM,2026-08-05,74,3630.8
DAM,2026-08-05,75,4443.66
DAM,2026-08-05,76,10000.0
DAM,2026-08-05,77,10000.0
DAM,2026-08-05,78,10000.0
DAM,2026-08-05,79,10000.0
DAM,2026-08-05,80,10000.0
DAM,2026-08-05,81,10000.0
DAM,2026-08-05,82,10000.0
DAM,2026-08-05,83,10000.0
DAM,2026-08-05,84,10000.0
DAM,2026-08-05,85,10000.0
DAM,2026-08-05,86,10000.0
DAM,2026-08-05,87,10000.0
DAM,2026-08-05,88,10000.0
DAM,2026-08-05,89,10000.0
DAM,2026-08-05,90,10000.0
DAM,2026-08-05,91,10000.0
DAM,2026-08-05,92,10000.0
DAM,2026-08-05,93,10000.0
DAM,2026-08-05,94,10000.0
DAM,2026-08-05,95,10000.0
DAM,2026-08-05,96,10000.0
DAM,2026-08-06,1,10000.0
DAM,2026-08-06,2,7299.57
DAM,2026-08-06,3,5450.8
DAM,2026-08-06,4,4750.44
DAM,2026-08-06,5,4425.47
DAM,2026-08-06,6,4142.61
DAM,2026-08-06,7,4000.29
DAM,2026-08-06,8,3881.42
DAM,2026-08-06,9,3619.42
DAM,2026-08-06,10,3600.11
DAM,2026-08-06,11,3550.98
DAM,2026-08-06,12,3616.36
DAM,2026-08-06,13,3414.13
DAM,2026-08-06,14,3370.61
DAM,2026-08-06,15,3250.8
DAM,2026-08-06,16,3200.28
DAM,2026-08-06,17,3210.99
DAM,2026-08-06,18,3200.94
DAM,2026-08-06,19,3204.75
DAM,2026-08-06,20,3200.52
DAM,2026-08-06,21,3361.7
DAM,2026-08-06,22,3500.63
DAM,2026-08-06,23,4000.4
DAM,2026-08-06,24,4028.53
DAM,2026-08-06,25,4661.47
DAM,2026-08-06,26,5345.6
DAM,2026-08-06,27,5000.14
DAM,2026-08-06,28,4999.54
DAM,2026-08-06,29,4146.99
DAM,2026-08-06,30,4012.07
DAM,2026-08-06,31,3731.34
DAM,2026-08-06,32,3479.2
DAM,2026-08-06,33,3200.09
DAM,2026-08-06,34,3063.51
DAM,2026-08-06,35,2610.02
DAM,2026-08-06,36,2514.88
DAM,2026-08-06,37,2420.56
DAM,2026-08-06,38,2168.65
DAM,2026-08-06,39,2000.51
DAM,2026-08-06,40,1919.59
DAM,2026-08-06,41,1760.93
DAM,2026-08-06,42,1760.69
DAM,2026-08-06,43,1760.16
DAM,2026-08-06,44,1760.47
DAM,2026-08-06,45,1760.25
DAM,2026-08-06,46,1760.01
DAM,2026-08-06,47,1689.59
DAM,2026-08-06,48,1603.8
DAM,2026-08-06,49,1524.91
DAM,2026-08-06,50,1532.96
DAM,2026-08-06,51,1524.3
DAM,2026-08-06,52,1523.75
DAM,2026-08-06,53,1366.65
DAM,2026-08-06,54,1379.19
DAM,2026-08-06,55,1523.58
DAM,2026-08-06,56,1523.64
DAM,2026-08-06,57,1530.22
DAM,2026-08-06,58,1699.59
DAM,2026-08-06,59,1760.2
DAM,2026-08-06,60,1760.74
DAM,2026-08-06,61,1760.93
DAM,2026-08-06,62,1850.91
DAM,2026-08-06,63,2120.64
DAM,2026-08-06,64,2180.81
DAM,2026-08-06,65,2570.19
DAM,2026-08-06,66,2615.9
DAM,2026-08-06,67,2999.71
DAM,2026-08-06,68,3097.93
DAM,2026-08-06,69,3189.55
DAM,2026-08-06,70,3352.73
DAM,2026-08-06,71,3416.73
DAM,2026-08-06,72,3490.09
DAM,2026-08-06,73,3412.16
DAM,2026-08-06,74,3600.98
DAM,2026-08-06,75,4121.18
DAM,2026-08-06,76,6416.28
DAM,2026-08-06,77,10000.0
DAM,2026-08-06,78,10000.0
DAM,2026-08-06,79,10000.0
DAM,2026-08-06,80,10000.0
DAM,2026-08-06,81,10000.0
DAM,2026-08-06,82,10000.0
DAM,2026-08-06,83,10000.0
DAM,2026-08-06,84,10000.0
DAM,2026-08-06,85,10000.0
DAM,2026-08-06,86,10000.0
DAM,2026-08-06,87,10000.0
DAM,2026-08-06,88,10000.0
DAM,2026-08-06,89,10000.0
DAM,2026-08-06,90,10000.0
DAM,2026-08-06,91,10000.0
DAM,2026-08-06,92,10000.0
DAM,2026-08-06,93,10000.0
DAM,2026-08-06,94,10000.0
DAM,2026-08-06,95,10000.0
DAM,2026-08-06,96,10000.0
DAM,2026-08-07,1,4850.08
DAM,2026-08-07,2,4516.23
DAM,2026-08-07,3,4500.93
DAM,2026-08-07,4,4400.56
DAM,2026-08-07,5,3790.89
DAM,2026-08-07,6,3761.52
DAM,2026-08-07,7,3740.04
DAM,2026-08-07,8,3700.67
DAM,2026-08-07,9,3250.65
DAM,2026-08-07,10,3250.37
DAM,2026-08-07,11,3159.65
DAM,2026-08-07,12,3087.01
DAM,2026-08-07,13,2570.99
DAM,2026-08-07,14,2610.16
DAM,2026-08-07,15,2610.01
DAM,2026-08-07,16,2570.87
DAM,2026-08-07,17,2672.61
DAM,2026-08-07,18,2701.02
DAM,2026-08-07,19,2701.9
DAM,2026-08-07,20,2920.73
DAM,2026-08-07,21,3184.01
DAM,2026-08-07,22,3424.49
DAM,2026-08-07,23,3745.89
DAM,2026-08-07,24,4727.86
DAM,2026-08-07,25,7276.4
DAM,2026-08-07,26,8712.8
DAM,2026-08-07,27,8999.48
DAM,2026-08-07,28,8999.59
DAM,2026-08-07,29,6000.14
DAM,2026-08-07,30,5200.04
DAM,2026-08-07,31,3790.43
DAM,2026-08-07,32,3472.47
DAM,2026-08-07,33,3197.72
DAM,2026-08-07,34,2920.96
DAM,2026-08-07,35,2542.21
DAM,2026-08-07,36,2395.52
DAM,2026-08-07,37,2050.5
DAM,2026-08-07,38,1978.52
DAM,2026-08-07,39,1831.35
DAM,2026-08-07,40,1760.89
DAM,2026-08-07,41,1699.2
DAM,2026-08-07,42,1603.48
DAM,2026-08-07,43,1524.4
DAM,2026-08-07,44,1523.24
DAM,2026-08-07,45,1430.14
DAM,2026-08-07,46,1379.3
DAM,2026-08-07,47,1300.92
DAM,2026-08-07,48,1300.09
DAM,2026-08-07,49,1300.7
DAM,2026-08-07,50,1300.67
DAM,2026-08-07,51,1300.52
DAM,2026-08-07,52,1300.42
DAM,2026-08-07,53,1287.12
DAM,2026-08-07,54,1287.9
DAM,2026-08-07,55,1300.8
DAM,2026-08-07,56,1366.3
DAM,2026-08-07,57,1379.19
DAM,2026-08-07,58,1523.52
DAM,2026-08-07,59,1603.55
DAM,2026-08-07,60,1706.59
DAM,2026-08-07,61,1790.29
DAM,2026-08-07,62,1813.42
DAM,2026-08-07,63,2090.72
DAM,2026-08-07,64,2390.13
DAM,2026-08-07,65,2672.34
DAM,2026-08-07,66,2834.52
DAM,2026-08-07,67,3072.86
DAM,2026-08-07,68,3139.91
DAM,2026-08-07,69,3025.46
DAM,2026-08-07,70,3005.64
DAM,2026-08-07,71,3093.96
DAM,2026-08-07,72,3300.54
DAM,2026-08-07,73,3630.26
DAM,2026-08-07,74,3765.36
DAM,2026-08-07,75,4400.7
DAM,2026-08-07,76,6999.69
DAM,2026-08-07,77,10000.0
DAM,2026-08-07,78,10000.0
DAM,2026-08-07,79,10000.0
DAM,2026-08-07,80,10000.0
DAM,2026-08-07,81,10000.0
DAM,2026-08-07,82,10000.0
DAM,2026-08-07,83,10000.0
DAM,2026-08-07,84,10000.0
DAM,2026-08-07,85,10000.0
DAM,2026-08-07,86,10000.0
DAM,2026-08-07,87,10000.0
DAM,2026-08-07,88,10000.0
DAM,2026-08-07,89,10000.0
DAM,2026-08-07,90,10000.0
DAM,2026-08-07,91,10000.0
DAM,2026-08-07,92,10000.0
DAM,2026-08-07,93,10000.0
DAM,2026-08-07,94,10000.0
DAM,2026-08-07,95,10000.0
DAM,2026-08-07,96,10000.0
DAM,2026-08-08,1,3800.83
DAM,2026-08-08,2,3619.94
DAM,2026-08-08,3,3619.3
DAM,2026-08-08,4,3550.44
DAM,2026-08-08,5,3700.62
DAM,2026-08-08,6,3599.34
DAM,2026-08-08,7,3549.18
DAM,2026-08-08,8,3250.83
DAM,2026-08-08,9,3169.95
DAM,2026-08-08,10,3169.42
DAM,2026-08-08,11,3119.64
DAM,2026-08-08,12,3119.98
DAM,2026-08-08,13,3100.36
DAM,2026-08-08,14,3000.8
DAM,2026-08-08,15,2999.92
DAM,2026-08-08,16,2999.44
DAM,2026-08-08,17,2999.14
DAM,2026-08-08,18,2999.57
DAM,2026-08-08,19,2999.55
DAM,2026-08-08,20,3012.5
DAM,2026-08-08,21,3150.1
DAM,2026-08-08,22,3479.25
DAM,2026-08-08,23,3600.45
DAM,2026-08-08,24,4002.71
DAM,2026-08-08,25,4150.06
DAM,2026-08-08,26,4212.93
DAM,2026-08-08,27,4357.48
DAM,2026-08-08,28,4146.41
DAM,2026-08-08,29,3950.74
DAM,2026-08-08,30,3659.03
DAM,2026-08-08,31,3291.8
DAM,2026-08-08,32,3200.2
DAM,2026-08-08,33,2475.9
DAM,2026-08-08,34,2475.68
DAM,2026-08-08,35,2085.83
DAM,2026-08-08,36,1928.15
DAM,2026-08-08,37,1810.11
DAM,2026-08-08,38,1780.33
DAM,2026-08-08,39,1754.53
DAM,2026-08-08,40,1525.77
DAM,2026-08-08,41,1379.43
DAM,2026-08-08,42,1300.93
DAM,2026-08-08,43,1287.72
DAM,2026-08-08,44,1288.83
DAM,2026-08-08,45,1115.93
DAM,2026-08-08,46,1115.85
DAM,2026-08-08,47,1115.79
DAM,2026-08-08,48,1115.72
DAM,2026-08-08,49,1115.7
DAM,2026-08-08,50,1115.64
DAM,2026-08-08,51,1115.63
DAM,2026-08-08,52,1115.6
DAM,2026-08-08,53,1115.61
DAM,2026-08-08,54,1115.63
DAM,2026-08-08,55,1115.73
DAM,2026-08-08,56,1260.69
DAM,2026-08-08,57,1287.57
DAM,2026-08-08,58,1287.76
DAM,2026-08-08,59,1379.91
DAM,2026-08-08,60,1524.84
DAM,2026-08-08,61,1750.08
DAM,2026-08-08,62,1760.59
DAM,2026-08-08,63,1800.13
DAM,2026-08-08,64,1810.69
DAM,2026-08-08,65,2170.53
DAM,2026-08-08,66,2280.81
DAM,2026-08-08,67,2395.76
DAM,2026-08-08,68,2500.93
DAM,2026-08-08,69,2500.33
DAM,2026-08-08,70,2450.39
DAM,2026-08-08,71,2570.22
DAM,2026-08-08,72,2672.17
DAM,2026-08-08,73,2672.43
DAM,2026-08-08,74,3630.94
DAM,2026-08-08,75,4689.59
DAM,2026-08-08,76,5345.36
DAM,2026-08-08,77,10000.0
DAM,2026-08-08,78,10000.0
DAM,2026-08-08,79,10000.0
DAM,2026-08-08,80,10000.0
DAM,2026-08-08,81,10000.0
DAM,2026-08-08,82,10000.0
DAM,2026-08-08,83,10000.0
DAM,2026-08-08,84,10000.0
DAM,2026-08-08,85,10000.0
DAM,2026-08-08,86,10000.0
DAM,2026-08-08,87,10000.0
DAM,2026-08-08,88,10000.0
DAM,2026-08-08,89,10000.0
DAM,2026-08-08,90,10000.0
DAM,2026-08-08,91,10000.0
DAM,2026-08-08,92,10000.0
DAM,2026-08-08,93,10000.0
DAM,2026-08-08,94,10000.0
DAM,2026-08-08,95,10000.0
DAM,2026-08-08,96,9999.82
DAM,2026-08-09,1,3219.62
DAM,2026-08-09,2,3150.44
DAM,2026-08-09,3,3119.95
DAM,2026-08-09,4,3119.59
DAM,2026-08-09,5,3219.2
DAM,2026-08-09,6,3119.83
DAM,2026-08-09,7,3119.61
DAM,2026-08-09,8,2999.76
DAM,2026-08-09,9,2900.8
DAM,2026-08-09,10,2809.7
DAM,2026-08-09,11,2809.55
DAM,2026-08-09,12,2809.86
DAM,2026-08-09,13,2685.44
DAM,2026-08-09,14,2672.78
DAM,2026-08-09,15,2672.52
DAM,2026-08-09,16,2672.21
DAM,2026-08-09,17,2620.99
DAM,2026-08-09,18,2500.74
DAM,2026-08-09,19,2500.97
DAM,2026-08-09,20,2500.53
DAM,2026-08-09,21,2443.82
DAM,2026-08-09,22,2500.37
DAM,2026-08-09,23,2570.22
DAM,2026-08-09,24,2999.37
DAM,2026-08-09,25,3999.54
DAM,2026-08-09,26,3731.58
DAM,2026-08-09,27,3800.84
DAM,2026-08-09,28,3600.43
DAM,2026-08-09,29,3337.17
DAM,2026-08-09,30,3125.53
DAM,2026-08-09,31,2570.72
DAM,2026-08-09,32,2169.55
DAM,2026-08-09,33,1830.03
DAM,2026-08-09,34,1760.49
DAM,2026-08-09,35,1523.89
DAM,2026-08-09,36,1513.1
DAM,2026-08-09,37,1300.7
DAM,2026-08-09,38,1199.54
DAM,2026-08-09,39,997.45
DAM,2026-08-09,40,971.2
DAM,2026-08-09,41,300.7
DAM,2026-08-09,42,300.66
DAM,2026-08-09,43,300.34
DAM,2026-08-09,44,300.63
DAM,2026-08-09,45,300.13
DAM,2026-08-09,46,300.14
DAM,2026-08-09,47,299.02
DAM,2026-08-09,48,240.92
DAM,2026-08-09,49,119.2
DAM,2026-08-09,50,99.99
DAM,2026-08-09,51,99.97
DAM,2026-08-09,52,99.96
DAM,2026-08-09,53,99.91
DAM,2026-08-09,54,99.91
DAM,2026-08-09,55,99.91
DAM,2026-08-09,56,99.93
DAM,2026-08-09,57,299.91
DAM,2026-08-09,58,300.05
DAM,2026-08-09,59,300.37
DAM,2026-08-09,60,300.62
DAM,2026-08-09,61,997.42
DAM,2026-08-09,62,1111.28
DAM,2026-08-09,63,1111.45
DAM,2026-08-09,64,1300.75
DAM,2026-08-09,65,1619.37
DAM,2026-08-09,66,1760.52
DAM,2026-08-09,67,1830.22
DAM,2026-08-09,68,1850.22
DAM,2026-08-09,69,1928.71
DAM,2026-08-09,70,1969.14
DAM,2026-08-09,71,2000.02
DAM,2026-08-09,72,2090.27
DAM,2026-08-09,73,2054.11
DAM,2026-08-09,74,2280.28
DAM,2026-08-09,75,2500.9
DAM,2026-08-09,76,2570.8
DAM,2026-08-09,77,3712.49
DAM,2026-08-09,78,4300.93
DAM,2026-08-09,79,5000.15
DAM,2026-08-09,80,4749.51
DAM,2026-08-09,81,5450.85
DAM,2026-08-09,82,6000.17
DAM,2026-08-09,83,6000.05
DAM,2026-08-09,84,5500.79
DAM,2026-08-09,85,5000.52
DAM,2026-08-09,86,5000.71
DAM,2026-08-09,87,5200.08
DAM,2026-08-09,88,5130.52
DAM,2026-08-09,89,4489.88
DAM,2026-08-09,90,4499.73
DAM,2026-08-09,91,4500.29
DAM,2026-08-09,92,4500.35
DAM,2026-08-09,93,3712.83
DAM,2026-08-09,94,3619.89
DAM,2026-08-09,95,3539.45
DAM,2026-08-09,96,3259.76
DAM,2026-08-10,1,3329.73
DAM,2026-08-10,2,3219.16
DAM,2026-08-10,3,3100.65
DAM,2026-08-10,4,3100.67
DAM,2026-08-10,5,3219.54
DAM,2026-08-10,6,3100.2
DAM,2026-08-10,7,3059.66
DAM,2026-08-10,8,2999.52
DAM,2026-08-10,9,2929.42
DAM,2026-08-10,10,2672.77
DAM,2026-08-10,11,2672.22
DAM,2026-08-10,12,2672.15
DAM,2026-08-10,13,2305.32
DAM,2026-08-10,14,2171.94
DAM,2026-08-10,15,2171.37
DAM,2026-08-10,16,2169.07
DAM,2026-08-10,17,2029.61
DAM,2026-08-10,18,2029.5
DAM,2026-08-10,19,2029.36
DAM,2026-08-10,20,2100.14
DAM,2026-08-10,21,2390.03
DAM,2026-08-10,22,2570.41
DAM,2026-08-10,23,3100.01
DAM,2026-08-10,24,3579.78
DAM,2026-08-10,25,4199.63
DAM,2026-08-10,26,4199.94
DAM,2026-08-10,27,4329.13
DAM,2026-08-10,28,4146.63
DAM,2026-08-10,29,4000.55
DAM,2026-08-10,30,3614.88
DAM,2026-08-10,31,3282.92
DAM,2026-08-10,32,2999.75
DAM,2026-08-10,33,2100.67
DAM,2026-08-10,34,2100.16
DAM,2026-08-10,35,1928.4
DAM,2026-08-10,36,1928.17
DAM,2026-08-10,37,1819.13
DAM,2026-08-10,38,1760.78
DAM,2026-08-10,39,1760.18
DAM,2026-08-10,40,1699.3
DAM,2026-08-10,41,1504.49
DAM,2026-08-10,42,1499.33
DAM,2026-08-10,43,1342.46
DAM,2026-08-10,44,1366.25
DAM,2026-08-10,45,1260.31
DAM,2026-08-10,46,1111.92
DAM,2026-08-10,47,1111.62
DAM,2026-08-10,48,1111.64
DAM,2026-08-10,49,1111.47
DAM,2026-08-10,50,1111.43
DAM,2026-08-10,51,1111.4
DAM,2026-08-10,52,1111.4
DAM,2026-08-10,53,1111.26
DAM,2026-08-10,54,1111.25
DAM,2026-08-10,55,1111.41
DAM,2026-08-10,56,1111.51
DAM,2026-08-10,57,1111.71
DAM,2026-08-10,58,1111.69
DAM,2026-08-10,59,1169.4
DAM,2026-08-10,60,1342.33
DAM,2026-08-10,61,1525.87
DAM,2026-08-10,62,1689.22
DAM,2026-08-10,63,1750.24
DAM,2026-08-10,64,1821.62
DAM,2026-08-10,65,2100.31
DAM,2026-08-10,66,2100.76
DAM,2026-08-10,67,2400.47
DAM,2026-08-10,68,2477.42
DAM,2026-08-10,69,2570.01
DAM,2026-08-10,70,2480.78
DAM,2026-08-10,71,2570.83
DAM,2026-08-10,72,2999.0
DAM,2026-08-10,73,2672.51
DAM,2026-08-10,74,2999.98
DAM,2026-08-10,75,4000.38
DAM,2026-08-10,76,4829.91
DAM,2026-08-10,77,10000.0
DAM,2026-08-10,78,10000.0
DAM,2026-08-10,79,10000.0
DAM,2026-08-10,80,10000.0
DAM,2026-08-10,81,10000.0
DAM,2026-08-10,82,10000.0
DAM,2026-08-10,83,10000.0
DAM,2026-08-10,84,10000.0
DAM,2026-08-10,85,10000.0
DAM,2026-08-10,86,10000.0
DAM,2026-08-10,87,10000.0
DAM,2026-08-10,88,10000.0
DAM,2026-08-10,89,10000.0
DAM,2026-08-10,90,10000.0
DAM,2026-08-10,91,10000.0
DAM,2026-08-10,92,10000.0
DAM,2026-08-10,93,9909.43
DAM,2026-08-10,94,6000.25
DAM,2026-08-10,95,5365.88
DAM,2026-08-10,96,5365.01
DAM,2026-08-11,1,3800.93
DAM,2026-08-11,2,3630.38
DAM,2026-08-11,3,3619.43
DAM,2026-08-11,4,3600.59
DAM,2026-08-11,5,3619.92
DAM,2026-08-11,6,3499.71
DAM,2026-08-11,7,3259.79
DAM,2026-08-11,8,3109.22
DAM,2026-08-11,9,2999.34
DAM,2026-08-11,10,2685.89
DAM,2026-08-11,11,2672.77
DAM,2026-08-11,12,2672.24
DAM,2026-08-11,13,2494.5
DAM,2026-08-11,14,2456.58
DAM,2026-08-11,15,2449.63
DAM,2026-08-11,16,2449.7
DAM,2026-08-11,17,2449.95
DAM,2026-08-11,18,2449.39
DAM,2026-08-11,19,2420.65
DAM,2026-08-11,20,2510.36
DAM,2026-08-11,21,2570.83
DAM,2026-08-11,22,2800.78
DAM,2026-08-11,23,2920.68
DAM,2026-08-11,24,3059.14
DAM,2026-08-11,25,4070.83
DAM,2026-08-11,26,4126.5
DAM,2026-08-11,27,4081.86
DAM,2026-08-11,28,4028.93
DAM,2026-08-11,29,3731.94
DAM,2026-08-11,30,3540.7
DAM,2026-08-11,31,3139.75
DAM,2026-08-11,32,2999.04
DAM,2026-08-11,33,2420.93
DAM,2026-08-11,34,2203.51
DAM,2026-08-11,35,2000.71
DAM,2026-08-11,36,2000.24
DAM,2026-08-11,37,1928.4
DAM,2026-08-11,38,1840.98
DAM,2026-08-11,39,1760.86
DAM,2026-08-11,40,1708.57
DAM,2026-08-11,41,1524.97
DAM,2026-08-11,42,1523.75
DAM,2026-08-11,43,1523.1
DAM,2026-08-11,44,1429.3
DAM,2026-08-11,45,1315.83
DAM,2026-08-11,46,1287.22
DAM,2026-08-11,47,1111.91
DAM,2026-08-11,48,1111.92
DAM,2026-08-11,49,1111.69
DAM,2026-08-11,50,1111.74
DAM,2026-08-11,51,1111.6
DAM,2026-08-11,52,1111.59
DAM,2026-08-11,53,1111.35
DAM,2026-08-11,54,1111.38
DAM,2026-08-11,55,1111.61
DAM,2026-08-11,56,1111.74
DAM,2026-08-11,57,1287.16
DAM,2026-08-11,58,1287.11
DAM,2026-08-11,59,1315.31
DAM,2026-08-11,60,1519.79
DAM,2026-08-11,61,1689.25
DAM,2026-08-11,62,1760.31
DAM,2026-08-11,63,1801.67
DAM,2026-08-11,64,1850.44
DAM,2026-08-11,65,2124.39
DAM,2026-08-11,66,2170.97
DAM,2026-08-11,67,2514.91
DAM,2026-08-11,68,2570.34
DAM,2026-08-11,69,2615.95
DAM,2026-08-11,70,2560.88
DAM,2026-08-11,71,2680.93
DAM,2026-08-11,72,2800.85
DAM,2026-08-11,73,2999.44
DAM,2026-08-11,74,3119.28
DAM,2026-08-11,75,4000.33
DAM,2026-08-11,76,4829.57
DAM,2026-08-11,77,10000.0
DAM,2026-08-11,78,10000.0
DAM,2026-08-11,79,10000.0
DAM,2026-08-11,80,10000.0
DAM,2026-08-11,81,10000.0
DAM,2026-08-11,82,10000.0
DAM,2026-08-11,83,10000.0
DAM,2026-08-11,84,10000.0
DAM,2026-08-11,85,10000.0
DAM,2026-08-11,86,10000.0
DAM,2026-08-11,87,10000.0
DAM,2026-08-11,88,10000.0
DAM,2026-08-11,89,10000.0
DAM,2026-08-11,90,10000.0
DAM,2026-08-11,91,10000.0
DAM,2026-08-11,92,10000.0
DAM,2026-08-11,93,10000.0
DAM,2026-08-11,94,10000.0
DAM,2026-08-11,95,6999.45
DAM,2026-08-11,96,6000.75
DAM,2026-08-12,1,4679.58
DAM,2026-08-12,2,4500.15
DAM,2026-08-12,3,4200.3
DAM,2026-08-12,4,4028.25
DAM,2026-08-12,5,3786.44
DAM,2026-08-12,6,3749.58
DAM,2026-08-12,7,3676.8
DAM,2026-08-12,8,3619.68
DAM,2026-08-12,9,3109.27
DAM,2026-08-12,10,3109.04
DAM,2026-08-12,11,3049.92
DAM,2026-08-12,12,3109.17
DAM,2026-08-12,13,2958.43
DAM,2026-08-12,14,2957.82
DAM,2026-08-12,15,2957.49
DAM,2026-08-12,16,2957.09
DAM,2026-08-12,17,2957.13
DAM,2026-08-12,18,2956.6
DAM,2026-08-12,19,2956.57
DAM,2026-08-12,20,2957.06
DAM,2026-08-12,21,2999.43
DAM,2026-08-12,22,3361.51
DAM,2026-08-12,23,3900.58
DAM,2026-08-12,24,4679.44
DAM,2026-08-12,25,4800.81
DAM,2026-08-12,26,4999.3
DAM,2026-08-12,27,4999.96
DAM,2026-08-12,28,4999.52
DAM,2026-08-12,29,4485.63
DAM,2026-08-12,30,4400.45
DAM,2026-08-12,31,4028.11
DAM,2026-08-12,32,3997.9
DAM,2026-08-12,33,3561.5
DAM,2026-08-12,34,3417.53
DAM,2026-08-12,35,3065.56
DAM,2026-08-12,36,2519.76
DAM,2026-08-12,37,2200.99
DAM,2026-08-12,38,2120.34
DAM,2026-08-12,39,1928.45
DAM,2026-08-12,40,1840.7
DAM,2026-08-12,41,1760.4
DAM,2026-08-12,42,1750.21
DAM,2026-08-12,43,1689.73
DAM,2026-08-12,44,1600.29
DAM,2026-08-12,45,1603.8
DAM,2026-08-12,46,1599.63
DAM,2026-08-12,47,1572.92
DAM,2026-08-12,48,1599.24
DAM,2026-08-12,49,1524.2
DAM,2026-08-12,50,1524.49
DAM,2026-08-12,51,1523.16
DAM,2026-08-12,52,1523.18
DAM,2026-08-12,53,1379.52
DAM,2026-08-12,54,1379.76
DAM,2026-08-12,55,1523.01
DAM,2026-08-12,56,1599.13
DAM,2026-08-12,57,1603.55
DAM,2026-08-12,58,1700.46
DAM,2026-08-12,59,1700.09
DAM,2026-08-12,60,1760.14
DAM,2026-08-12,61,1850.09
DAM,2026-08-12,62,1935.14
DAM,2026-08-12,63,2130.43
DAM,2026-08-12,64,2390.46
DAM,2026-08-12,65,2545.55
DAM,2026-08-12,66,2793.73
DAM,2026-08-12,67,3160.38
DAM,2026-08-12,68,3300.12
DAM,2026-08-12,69,3404.07
DAM,2026-08-12,70,3398.29
DAM,2026-08-12,71,3690.56
DAM,2026-08-12,72,3754.94
DAM,2026-08-12,73,4044.17
DAM,2026-08-12,74,5200.18
DAM,2026-08-12,75,8001.06
DAM,2026-08-12,76,10000.0
DAM,2026-08-12,77,10000.0
DAM,2026-08-12,78,10000.0
DAM,2026-08-12,79,10000.0
DAM,2026-08-12,80,10000.0
DAM,2026-08-12,81,10000.0
DAM,2026-08-12,82,10000.0
DAM,2026-08-12,83,10000.0
DAM,2026-08-12,84,10000.0
DAM,2026-08-12,85,10000.0
DAM,2026-08-12,86,10000.0
DAM,2026-08-12,87,10000.0
DAM,2026-08-12,88,10000.0
DAM,2026-08-12,89,10000.0
DAM,2026-08-12,90,10000.0
DAM,2026-08-12,91,10000.0
DAM,2026-08-12,92,10000.0
DAM,2026-08-12,93,10000.0
DAM,2026-08-12,94,10000.0
DAM,2026-08-12,95,10000.0
DAM,2026-08-12,96,10000.0
DAM,2026-08-13,1,10000.0
DAM,2026-08-13,2,10000.0
DAM,2026-08-13,3,10000.0
DAM,2026-08-13,4,10000.0
DAM,2026-08-13,5,5365.31
DAM,2026-08-13,6,5100.63
DAM,2026-08-13,7,5100.13
DAM,2026-08-13,8,4809.94
DAM,2026-08-13,9,3755.31
DAM,2026-08-13,10,3726.04
DAM,2026-08-13,11,3619.96
DAM,2026-08-13,12,3619.03
DAM,2026-08-13,13,3329.53
DAM,2026-08-13,14,3355.98
DAM,2026-08-13,15,3329.49
DAM,2026-08-13,16,3220.88
DAM,2026-08-13,17,3219.88
DAM,2026-08-13,18,3219.5
DAM,2026-08-13,19,3219.09
DAM,2026-08-13,20,3499.96
DAM,2026-08-13,21,3749.88
DAM,2026-08-13,22,4809.83
DAM,2026-08-13,23,5500.71
DAM,2026-08-13,24,6999.35
DAM,2026-08-13,25,7999.37
DAM,2026-08-13,26,7999.91
DAM,2026-08-13,27,8731.48
DAM,2026-08-13,28,9263.94
DAM,2026-08-13,29,5909.09
DAM,2026-08-13,30,4913.31
DAM,2026-08-13,31,4425.02
DAM,2026-08-13,32,4028.99
DAM,2026-08-13,33,3727.36
DAM,2026-08-13,34,3614.96
DAM,2026-08-13,35,3518.29
DAM,2026-08-13,36,3311.57
DAM,2026-08-13,37,3018.75
DAM,2026-08-13,38,2776.48
DAM,2026-08-13,39,2449.81
DAM,2026-08-13,40,2130.18
DAM,2026-08-13,41,1928.69
DAM,2026-08-13,42,1901.54
DAM,2026-08-13,43,1760.96
DAM,2026-08-13,44,1760.34
DAM,2026-08-13,45,1760.58
DAM,2026-08-13,46,1760.14
DAM,2026-08-13,47,1689.88
DAM,2026-08-13,48,1689.9
DAM,2026-08-13,49,1603.78
DAM,2026-08-13,50,1603.41
DAM,2026-08-13,51,1599.93
DAM,2026-08-13,52,1599.75
DAM,2026-08-13,53,1568.35
DAM,2026-08-13,54,1582.98
DAM,2026-08-13,55,1603.9
DAM,2026-08-13,56,1699.79
DAM,2026-08-13,57,1760.35
DAM,2026-08-13,58,1760.77
DAM,2026-08-13,59,1850.18
DAM,2026-08-13,60,1900.81
DAM,2026-08-13,61,2130.38
DAM,2026-08-13,62,2362.26
DAM,2026-08-13,63,2501.78
DAM,2026-08-13,64,2672.69
DAM,2026-08-13,65,3073.09
DAM,2026-08-13,66,3359.98
DAM,2026-08-13,67,3599.1
DAM,2026-08-13,68,3614.3
DAM,2026-08-13,69,3741.44
DAM,2026-08-13,70,4028.3
DAM,2026-08-13,71,4100.78
DAM,2026-08-13,72,4100.21
DAM,2026-08-13,73,3746.8
DAM,2026-08-13,74,4126.46
DAM,2026-08-13,75,5483.54
DAM,2026-08-13,76,10000.0
DAM,2026-08-13,77,10000.0
DAM,2026-08-13,78,10000.0
DAM,2026-08-13,79,10000.0
DAM,2026-08-13,80,10000.0
DAM,2026-08-13,81,10000.0
DAM,2026-08-13,82,10000.0
DAM,2026-08-13,83,10000.0
DAM,2026-08-13,84,10000.0
DAM,2026-08-13,85,10000.0
DAM,2026-08-13,86,10000.0
DAM,2026-08-13,87,10000.0
DAM,2026-08-13,88,10000.0
DAM,2026-08-13,89,10000.0
DAM,2026-08-13,90,10000.0
DAM,2026-08-13,91,10000.0
DAM,2026-08-13,92,10000.0
DAM,2026-08-13,93,10000.0
DAM,2026-08-13,94,10000.0
DAM,2026-08-13,95,10000.0
DAM,2026-08-13,96,10000.0
DAM,2026-08-14,1,10000.0
DAM,2026-08-14,2,10000.0
DAM,2026-08-14,3,10000.0
DAM,2026-08-14,4,10000.0
DAM,2026-08-14,5,10000.0
DAM,2026-08-14,6,10000.0
DAM,2026-08-14,7,10000.0
DAM,2026-08-14,8,10000.0
DAM,2026-08-14,9,5013.63
DAM,2026-08-14,10,4940.83
DAM,2026-08-14,11,4810.6
DAM,2026-08-14,12,4768.6
DAM,2026-08-14,13,3760.94
DAM,2026-08-14,14,3760.44
DAM,2026-08-14,15,3749.75
DAM,2026-08-14,16,3747.79
DAM,2026-08-14,17,3711.3
DAM,2026-08-14,18,3700.6
DAM,2026-08-14,19,3730.19
DAM,2026-08-14,20,3699.37
DAM,2026-08-14,21,3760.74
DAM,2026-08-14,22,5129.23
DAM,2026-08-14,23,7999.28
DAM,2026-08-14,24,8149.7
DAM,2026-08-14,25,8559.55
DAM,2026-08-14,26,9800.87
DAM,2026-08-14,27,10000.0
DAM,2026-08-14,28,9800.52
DAM,2026-08-14,29,7000.0
DAM,2026-08-14,30,5099.31
DAM,2026-08-14,31,4081.44
DAM,2026-08-14,32,3997.68
DAM,2026-08-14,33,3398.4
DAM,2026-08-14,34,3195.72
DAM,2026-08-14,35,2850.06
DAM,2026-08-14,36,2570.54
DAM,2026-08-14,37,2272.47
DAM,2026-08-14,38,2100.23
DAM,2026-08-14,39,1928.56
DAM,2026-08-14,40,1893.23
DAM,2026-08-14,41,1760.5
DAM,2026-08-14,42,1760.38
DAM,2026-08-14,43,1700.73
DAM,2026-08-14,44,1523.41
DAM,2026-08-14,45,1342.13
DAM,2026-08-14,46,1315.51
DAM,2026-08-14,47,1315.7
DAM,2026-08-14,48,1359.72
DAM,2026-08-14,49,1287.95
DAM,2026-08-14,50,1287.31
DAM,2026-08-14,51,1199.61
DAM,2026-08-14,52,1199.68
DAM,2026-08-14,53,1199.51
DAM,2026-08-14,54,1199.76
DAM,2026-08-14,55,1287.88
DAM,2026-08-14,56,1379.73
DAM,2026-08-14,57,1699.64
DAM,2026-08-14,58,1760.43
DAM,2026-08-14,59,1840.01
DAM,2026-08-14,60,1888.03
DAM,2026-08-14,61,2100.46
DAM,2026-08-14,62,2168.78
DAM,2026-08-14,63,2411.72
DAM,2026-08-14,64,2570.71
DAM,2026-08-14,65,2850.96
DAM,2026-08-14,66,3052.2
DAM,2026-08-14,67,3337.43
DAM,2026-08-14,68,3417.92
DAM,2026-08-14,69,3731.56
DAM,2026-08-14,70,3760.84
DAM,2026-08-14,71,4002.5
DAM,2026-08-14,72,4081.08
DAM,2026-08-14,73,4081.07
DAM,2026-08-14,74,3964.63
DAM,2026-08-14,75,4892.42
DAM,2026-08-14,76,10000.0
DAM,2026-08-14,77,10000.0
DAM,2026-08-14,78,10000.0
DAM,2026-08-14,79,10000.0
DAM,2026-08-14,80,10000.0
DAM,2026-08-14,81,10000.0
DAM,2026-08-14,82,10000.0
DAM,2026-08-14,83,10000.0
DAM,2026-08-14,84,10000.0
DAM,2026-08-14,85,10000.0
DAM,2026-08-14,86,10000.0
DAM,2026-08-14,87,10000.0
DAM,2026-08-14,88,10000.0
DAM,2026-08-14,89,10000.0
DAM,2026-08-14,90,10000.0
DAM,2026-08-14,91,10000.0
DAM,2026-08-14,92,10000.0
DAM,2026-08-14,93,10000.0
DAM,2026-08-14,94,10000.0
DAM,2026-08-14,95,10000.0
DAM,2026-08-14,96,10000.0
DAM,2026-08-15,1,9499.48
DAM,2026-08-15,2,7599.2
DAM,2026-08-15,3,5450.51
DAM,2026-08-15,4,4999.2
DAM,2026-08-15,5,4999.64
DAM,2026-08-15,6,4607.25
DAM,2026-08-15,7,4500.45
DAM,2026-08-15,8,4407.06
DAM,2026-08-15,9,3760.73
DAM,2026-08-15,10,3758.16
DAM,2026-08-15,11,3738.78
DAM,2026-08-15,12,3711.71
DAM,2026-08-15,13,3374.63
DAM,2026-08-15,14,3299.25
DAM,2026-08-15,15,3294.61
DAM,2026-08-15,16,3259.95
DAM,2026-08-15,17,3219.4
DAM,2026-08-15,18,3045.67
DAM,2026-08-15,19,3045.73
DAM,2026-08-15,20,3219.51
DAM,2026-08-15,21,3221.32
DAM,2026-08-15,22,3690.21
DAM,2026-08-15,23,4000.75
DAM,2026-08-15,24,4913.54
DAM,2026-08-15,25,6500.45
DAM,2026-08-15,26,7229.85
DAM,2026-08-15,27,7229.7
DAM,2026-08-15,28,5421.77
DAM,2026-08-15,29,4730.68
DAM,2026-08-15,30,4028.41
DAM,2026-08-15,31,3579.93
DAM,2026-08-15,32,2800.4
DAM,2026-08-15,33,2100.53
DAM,2026-08-15,34,1899.31
DAM,2026-08-15,35,1760.45
DAM,2026-08-15,36,1500.6
DAM,2026-08-15,37,1111.91
DAM,2026-08-15,38,1111.73
DAM,2026-08-15,39,1111.33
DAM,2026-08-15,40,1111.17
DAM,2026-08-15,41,947.27
DAM,2026-08-15,42,800.46
DAM,2026-08-15,43,300.89
DAM,2026-08-15,44,493.24
DAM,2026-08-15,45,300.61
DAM,2026-08-15,46,300.51
DAM,2026-08-15,47,300.51
DAM,2026-08-15,48,300.48
DAM,2026-08-15,49,300.82
DAM,2026-08-15,50,300.92
DAM,2026-08-15,51,300.95
DAM,2026-08-15,52,300.93
DAM,2026-08-15,53,300.76
DAM,2026-08-15,54,300.78
DAM,2026-08-15,55,499.46
DAM,2026-08-15,56,499.97
DAM,2026-08-15,57,1033.78
DAM,2026-08-15,58,1033.16
DAM,2026-08-15,59,800.24
DAM,2026-08-15,60,800.63
DAM,2026-08-15,61,1111.41
DAM,2026-08-15,62,1111.78
DAM,2026-08-15,63,1111.84
DAM,2026-08-15,64,1366.83
DAM,2026-08-15,65,1840.97
DAM,2026-08-15,66,1928.7
DAM,2026-08-15,67,2098.07
DAM,2026-08-15,68,2100.66
DAM,2026-08-15,69,2080.43
DAM,2026-08-15,70,2100.68
DAM,2026-08-15,71,2100.22
DAM,2026-08-15,72,2164.89
DAM,2026-08-15,73,2130.22
DAM,2026-08-15,74,2170.81
DAM,2026-08-15,75,2698.81
DAM,2026-08-15,76,3293.99
DAM,2026-08-15,77,3950.71
DAM,2026-08-15,78,4407.2
DAM,2026-08-15,79,5365.61
DAM,2026-08-15,80,5365.36
DAM,2026-08-15,81,5345.1
DAM,2026-08-15,82,5365.37
DAM,2026-08-15,83,5365.14
DAM,2026-08-15,84,5450.7
DAM,2026-08-15,85,6000.98
DAM,2026-08-15,86,7599.16
DAM,2026-08-15,87,7566.84
DAM,2026-08-15,88,5500.41
DAM,2026-08-15,89,5450.57
DAM,2026-08-15,90,9887.47
DAM,2026-08-15,91,9912.64
DAM,2026-08-15,92,7946.34
DAM,2026-08-15,93,5000.83
DAM,2026-08-15,94,4350.03
DAM,2026-08-15,95,3964.87
DAM,2026-08-15,96,3745.36
DAM,2026-08-16,1,3059.39
DAM,2026-08-16,2,3000.89
DAM,2026-08-16,3,2999.88
DAM,2026-08-16,4,2999.22
DAM,2026-08-16,5,3059.06
DAM,2026-08-16,6,2999.73
DAM,2026-08-16,7,2929.63
DAM,2026-08-16,8,2842.79
DAM,2026-08-16,9,2794.78
DAM,2026-08-16,10,2791.98
DAM,2026-08-16,11,2788.43
DAM,2026-08-16,12,2785.72
DAM,2026-08-16,13,2492.74
DAM,2026-08-16,14,2492.17
DAM,2026-08-16,15,2396.94
DAM,2026-08-16,16,2396.51
DAM,2026-08-16,17,2492.66
DAM,2026-08-16,18,2500.1
DAM,2026-08-16,19,2492.78
DAM,2026-08-16,20,2492.45
DAM,2026-08-16,21,2390.74
DAM,2026-08-16,22,2570.29
DAM,2026-08-16,23,2763.71
DAM,2026-08-16,24,3042.98
DAM,2026-08-16,25,4419.72
DAM,2026-08-16,26,4363.49
DAM,2026-08-16,27,4363.5
DAM,2026-08-16,28,4254.45
DAM,2026-08-16,29,3900.34
DAM,2026-08-16,30,3398.23
DAM,2026-08-16,31,2842.42
DAM,2026-08-16,32,2500.18
DAM,2026-08-16,33,1966.91
DAM,2026-08-16,34,1840.73
DAM,2026-08-16,35,1699.2
DAM,2026-08-16,36,1400.01
DAM,2026-08-16,37,1111.31
DAM,2026-08-16,38,1111.2
DAM,2026-08-16,39,1111.02
DAM,2026-08-16,40,899.2
DAM,2026-08-16,41,303.85
DAM,2026-08-16,42,300.64
DAM,2026-08-16,43,299.79
DAM,2026-08-16,44,300.12
DAM,2026-08-16,45,299.59
DAM,2026-08-16,46,299.33
DAM,2026-08-16,47,299.65
DAM,2026-08-16,48,300.04
DAM,2026-08-16,49,300.0
DAM,2026-08-16,50,299.86
DAM,2026-08-16,51,299.84
DAM,2026-08-16,52,299.65
DAM,2026-08-16,53,249.27
DAM,2026-08-16,54,240.88
DAM,2026-08-16,55,299.43
DAM,2026-08-16,56,299.81
DAM,2026-08-16,57,300.64
DAM,2026-08-16,58,300.73
DAM,2026-08-16,59,300.95
DAM,2026-08-16,60,499.9
DAM,2026-08-16,61,1111.16
DAM,2026-08-16,62,1111.35
DAM,2026-08-16,63,1111.54
DAM,2026-08-16,64,1111.85
DAM,2026-08-16,65,1699.0
DAM,2026-08-16,66,1760.84
DAM,2026-08-16,67,1850.19
DAM,2026-08-16,68,1966.44
DAM,2026-08-16,69,2000.49
DAM,2026-08-16,70,2020.66
DAM,2026-08-16,71,2060.02
DAM,2026-08-16,72,2100.9
DAM,2026-08-16,73,2160.18
DAM,2026-08-16,74,2389.97
DAM,2026-08-16,75,2756.29
DAM,2026-08-16,76,3187.3
DAM,2026-08-16,77,3950.84
DAM,2026-08-16,78,4829.08
DAM,2026-08-16,79,5000.37
DAM,2026-08-16,80,5000.97
DAM,2026-08-16,81,4999.05
DAM,2026-08-16,82,4999.19
DAM,2026-08-16,83,4829.42
DAM,2026-08-16,84,4829.12
DAM,2026-08-16,85,4929.58
DAM,2026-08-16,86,4929.06
DAM,2026-08-16,87,4500.88
DAM,2026-08-16,88,4500.34
DAM,2026-08-16,89,4098.26
DAM,2026-08-16,90,4098.84
DAM,2026-08-16,91,4098.04
DAM,2026-08-16,92,4000.13
DAM,2026-08-16,93,3619.78
DAM,2026-08-16,94,3579.1
DAM,2026-08-16,95,3219.52
DAM,2026-08-16,96,3059.77
DAM,2026-08-17,1,3900.36
DAM,2026-08-17,2,3741.17
DAM,2026-08-17,3,3619.99
DAM,2026-08-17,4,3690.62
DAM,2026-08-17,5,3329.89
DAM,2026-08-17,6,3325.56
DAM,2026-08-17,7,3297.57
DAM,2026-08-17,8,3259.82
DAM,2026-08-17,9,2999.94
DAM,2026-08-17,10,2999.15
DAM,2026-08-17,11,2999.7
DAM,2026-08-17,12,3013.35
DAM,2026-08-17,13,2999.08
DAM,2026-08-17,14,2845.85
DAM,2026-08-17,15,2845.76
DAM,2026-08-17,16,2845.43
DAM,2026-08-17,17,2999.18
DAM,2026-08-17,18,2999.99
DAM,2026-08-17,19,3013.39
DAM,2026-08-17,20,3084.08
DAM,2026-08-17,21,3349.43
DAM,2026-08-17,22,4000.78
DAM,2026-08-17,23,4363.76
DAM,2026-08-17,24,4529.32
DAM,2026-08-17,25,4999.79
DAM,2026-08-17,26,5726.57
DAM,2026-08-17,27,10000.0
DAM,2026-08-17,28,6909.79
DAM,2026-08-17,29,5099.14
DAM,2026-08-17,30,4515.06
DAM,2026-08-17,31,3998.8
DAM,2026-08-17,32,3550.35
DAM,2026-08-17,33,3250.21
DAM,2026-08-17,34,2999.68
DAM,2026-08-17,35,2510.59
DAM,2026-08-17,36,2130.3
DAM,2026-08-17,37,1892.62
DAM,2026-08-17,38,1800.58
DAM,2026-08-17,39,1750.96
DAM,2026-08-17,40,1400.77
DAM,2026-08-17,41,1111.78
DAM,2026-08-17,42,1111.6
DAM,2026-08-17,43,1111.48
DAM,2026-08-17,44,1111.51
DAM,2026-08-17,45,1111.45
DAM,2026-08-17,46,1111.42
DAM,2026-08-17,47,1111.36
DAM,2026-08-17,48,1111.31
DAM,2026-08-17,49,1111.29
DAM,2026-08-17,50,1111.29
DAM,2026-08-17,51,1111.28
DAM,2026-08-17,52,1111.26
DAM,2026-08-17,53,1111.11
DAM,2026-08-17,54,1111.1
DAM,2026-08-17,55,1111.24
DAM,2026-08-17,56,1111.3
DAM,2026-08-17,57,1111.52
DAM,2026-08-17,58,1111.74
DAM,2026-08-17,59,1111.8
DAM,2026-08-17,60,1400.01
DAM,2026-08-17,61,1757.18
DAM,2026-08-17,62,1780.95
DAM,2026-08-17,63,1840.91
DAM,2026-08-17,64,2000.44
DAM,2026-08-17,65,2280.59
DAM,2026-08-17,66,2519.65
DAM,2026-08-17,67,2840.06
DAM,2026-08-17,68,2986.99
DAM,2026-08-17,69,3086.73
DAM,2026-08-17,70,3069.36
DAM,2026-08-17,71,3049.5
DAM,2026-08-17,72,3195.81
DAM,2026-08-17,73,3400.8
DAM,2026-08-17,74,3619.64
DAM,2026-08-17,75,4586.06
DAM,2026-08-17,76,10000.0
DAM,2026-08-17,77,10000.0
DAM,2026-08-17,78,10000.0
DAM,2026-08-17,79,10000.0
DAM,2026-08-17,80,10000.0
DAM,2026-08-17,81,10000.0
DAM,2026-08-17,82,10000.0
DAM,2026-08-17,83,10000.0
DAM,2026-08-17,84,10000.0
DAM,2026-08-17,85,10000.0
DAM,2026-08-17,86,10000.0
DAM,2026-08-17,87,10000.0
DAM,2026-08-17,88,10000.0
DAM,2026-08-17,89,10000.0
DAM,2026-08-17,90,10000.0
DAM,2026-08-17,91,10000.0
DAM,2026-08-17,92,10000.0
DAM,2026-08-17,93,10000.0
DAM,2026-08-17,94,10000.0
DAM,2026-08-17,95,10000.0
DAM,2026-08-17,96,10000.0
DAM,2026-08-18,1,3741.02
DAM,2026-08-18,2,3690.15
DAM,2026-08-18,3,3619.41
DAM,2026-08-18,4,3630.0
DAM,2026-08-18,5,3329.3
DAM,2026-08-18,6,3325.35
DAM,2026-08-18,7,3329.03
DAM,2026-08-18,8,3301.65
DAM,2026-08-18,9,2999.4
DAM,2026-08-18,10,2998.16
DAM,2026-08-18,11,2845.4
DAM,2026-08-18,12,2842.31
DAM,2026-08-18,13,2550.27
DAM,2026-08-18,14,2478.59
DAM,2026-08-18,15,2420.47
DAM,2026-08-18,16,2390.71
DAM,2026-08-18,17,2516.6
DAM,2026-08-18,18,2516.93
DAM,2026-08-18,19,2584.71
DAM,2026-08-18,20,2629.28
DAM,2026-08-18,21,3199.23
DAM,2026-08-18,22,3799.78
DAM,2026-08-18,23,3998.56
DAM,2026-08-18,24,4098.1
DAM,2026-08-18,25,4419.26
DAM,2026-08-18,26,4800.92
DAM,2026-08-18,27,4913.7
DAM,2026-08-18,28,4949.9
DAM,2026-08-18,29,4254.94
DAM,2026-08-18,30,4020.83
DAM,2026-08-18,31,3720.9
DAM,2026-08-18,32,3410.76
DAM,2026-08-18,33,3099.99
DAM,2026-08-18,34,2999.99
DAM,2026-08-18,35,2570.9
DAM,2026-08-18,36,2420.9
DAM,2026-08-18,37,2390.37
DAM,2026-08-18,38,2279.74
DAM,2026-08-18,39,2100.35
DAM,2026-08-18,40,1850.66
DAM,2026-08-18,41,1760.09
DAM,2026-08-18,42,1699.23
DAM,2026-08-18,43,1523.53
DAM,2026-08-18,44,1400.74
DAM,2026-08-18,45,1400.55
DAM,2026-08-18,46,1400.08
DAM,2026-08-18,47,1212.32
DAM,2026-08-18,48,1111.99
DAM,2026-08-18,49,1111.8
DAM,2026-08-18,50,1111.78
DAM,2026-08-18,51,1111.75
DAM,2026-08-18,52,1111.74
DAM,2026-08-18,53,1111.66
DAM,2026-08-18,54,1111.64
DAM,2026-08-18,55,1111.73
DAM,2026-08-18,56,1111.83
DAM,2026-08-18,57,1400.02
DAM,2026-08-18,58,1524.1
DAM,2026-08-18,59,1600.19
DAM,2026-08-18,60,1699.34
DAM,2026-08-18,61,1760.9
DAM,2026-08-18,62,1840.91
DAM,2026-08-18,63,1998.0
DAM,2026-08-18,64,2129.68
DAM,2026-08-18,65,2477.56
DAM,2026-08-18,66,2539.78
DAM,2026-08-18,67,2830.16
DAM,2026-08-18,68,2842.92
DAM,2026-08-18,69,2990.83
DAM,2026-08-18,70,2955.55
DAM,2026-08-18,71,2634.2
DAM,2026-08-18,72,2845.89
DAM,2026-08-18,73,3202.0
DAM,2026-08-18,74,3630.47
DAM,2026-08-18,75,4131.52
DAM,2026-08-18,76,5570.82
DAM,2026-08-18,77,10000.0
DAM,2026-08-18,78,10000.0
DAM,2026-08-18,79,10000.0
DAM,2026-08-18,80,10000.0
DAM,2026-08-18,81,10000.0
DAM,2026-08-18,82,10000.0
DAM,2026-08-18,83,10000.0
DAM,2026-08-18,84,10000.0
DAM,2026-08-18,85,10000.0
DAM,2026-08-18,86,10000.0
DAM,2026-08-18,87,10000.0
DAM,2026-08-18,88,10000.0
DAM,2026-08-18,89,10000.0
DAM,2026-08-18,90,10000.0
DAM,2026-08-18,91,10000.0
DAM,2026-08-18,92,10000.0
DAM,2026-08-18,93,10000.0
DAM,2026-08-18,94,10000.0
DAM,2026-08-18,95,10000.0
DAM,2026-08-18,96,10000.0
DAM,2026-08-19,1,3619.32
DAM,2026-08-19,2,3619.29
DAM,2026-08-19,3,3600.23
DAM,2026-08-19,4,3619.26
DAM,2026-08-19,5,3259.65
DAM,2026-08-19,6,3259.65
DAM,2026-08-19,7,3259.5
DAM,2026-08-19,8,3219.81
DAM,2026-08-19,9,3000.38
DAM,2026-08-19,10,2842.45
DAM,2026-08-19,11,2585.66
DAM,2026-08-19,12,2570.53
DAM,2026-08-19,13,2390.78
DAM,2026-08-19,14,2390.68
DAM,2026-08-19,15,2390.52
DAM,2026-08-19,16,2390.41
DAM,2026-08-19,17,2520.16
DAM,2026-08-19,18,2520.32
DAM,2026-08-19,19,2568.24
DAM,2026-08-19,20,2620.7
DAM,2026-08-19,21,2946.61
DAM,2026-08-19,22,3264.83
DAM,2026-08-19,23,3900.59
DAM,2026-08-19,24,4000.06
DAM,2026-08-19,25,4254.46
DAM,2026-08-19,26,4829.28
DAM,2026-08-19,27,4999.73
DAM,2026-08-19,28,4999.83
DAM,2026-08-19,29,4500.68
DAM,2026-08-19,30,4113.89
DAM,2026-08-19,31,3998.12
DAM,2026-08-19,32,3600.23
DAM,2026-08-19,33,3215.62
DAM,2026-08-19,34,2850.84
DAM,2026-08-19,35,2534.71
DAM,2026-08-19,36,2390.81
DAM,2026-08-19,37,2311.15
DAM,2026-08-19,38,2162.28
DAM,2026-08-19,39,2000.4
DAM,2026-08-19,40,1885.25
DAM,2026-08-19,41,1718.08
DAM,2026-08-19,42,1600.44
DAM,2026-08-19,43,1523.67
DAM,2026-08-19,44,1411.11
DAM,2026-08-19,45,1422.42
DAM,2026-08-19,46,1410.61
DAM,2026-08-19,47,1400.5
DAM,2026-08-19,48,1400.37
DAM,2026-08-19,49,1341.48
DAM,2026-08-19,50,1259.03
DAM,2026-08-19,51,1120.88
DAM,2026-08-19,52,1120.52
DAM,2026-08-19,53,1111.64
DAM,2026-08-19,54,1111.66
DAM,2026-08-19,55,1120.07
DAM,2026-08-19,56,1301.24
DAM,2026-08-19,57,1400.79
DAM,2026-08-19,58,1523.98
DAM,2026-08-19,59,1563.36
DAM,2026-08-19,60,1603.8
DAM,2026-08-19,61,1750.46
DAM,2026-08-19,62,1850.98
DAM,2026-08-19,63,1999.05
DAM,2026-08-19,64,2100.11
DAM,2026-08-19,65,2279.5
DAM,2026-08-19,66,2390.54
DAM,2026-08-19,67,2570.63
DAM,2026-08-19,68,2763.97
DAM,2026-08-19,69,2800.37
DAM,2026-08-19,70,2860.9
DAM,2026-08-19,71,2845.81
DAM,2026-08-19,72,2850.95
DAM,2026-08-19,73,3006.79
DAM,2026-08-19,74,3707.6
DAM,2026-08-19,75,5000.26
DAM,2026-08-19,76,5570.37
DAM,2026-08-19,77,10000.0
DAM,2026-08-19,78,10000.0
DAM,2026-08-19,79,10000.0
DAM,2026-08-19,80,10000.0
DAM,2026-08-19,81,10000.0
DAM,2026-08-19,82,10000.0
DAM,2026-08-19,83,10000.0
DAM,2026-08-19,84,10000.0
DAM,2026-08-19,85,10000.0
DAM,2026-08-19,86,10000.0
DAM,2026-08-19,87,10000.0
DAM,2026-08-19,88,10000.0
DAM,2026-08-19,89,10000.0
DAM,2026-08-19,90,10000.0
DAM,2026-08-19,91,10000.0
DAM,2026-08-19,92,10000.0
DAM,2026-08-19,93,10000.0
DAM,2026-08-19,94,10000.0
DAM,2026-08-19,95,10000.0
DAM,2026-08-19,96,10000.0
DAM,2026-08-20,1,4300.05
DAM,2026-08-20,2,3964.16
DAM,2026-08-20,3,3856.53
DAM,2026-08-20,4,3800.69
DAM,2026-08-20,5,3856.09
DAM,2026-08-20,6,3800.78
DAM,2026-08-20,7,3711.73
DAM,2026-08-20,8,3699.61
DAM,2026-08-20,9,3603.24
DAM,2026-08-20,10,3600.73
DAM,2026-08-20,11,3600.19
DAM,2026-08-20,12,3439.06
DAM,2026-08-20,13,3109.82
DAM,2026-08-20,14,3109.66
DAM,2026-08-20,15,3109.79
DAM,2026-08-20,16,3109.16
DAM,2026-08-20,17,3109.53
DAM,2026-08-20,18,3109.54
DAM,2026-08-20,19,3109.9
DAM,2026-08-20,20,3305.23
DAM,2026-08-20,21,3499.8
DAM,2026-08-20,22,3700.34
DAM,2026-08-20,23,4167.48
DAM,2026-08-20,24,4775.14
DAM,2026-08-20,25,5177.06
DAM,2026-08-20,26,5609.89
DAM,2026-08-20,27,7999.02
DAM,2026-08-20,28,7697.67
DAM,2026-08-20,29,5290.4
DAM,2026-08-20,30,4619.49
DAM,2026-08-20,31,4234.87
DAM,2026-08-20,32,3998.64
DAM,2026-08-20,33,3550.28
DAM,2026-08-20,34,3369.43
DAM,2026-08-20,35,2930.29
DAM,2026-08-20,36,2600.61
DAM,2026-08-20,37,2476.02
DAM,2026-08-20,38,2470.21
DAM,2026-08-20,39,2400.07
DAM,2026-08-20,40,2045.42
DAM,2026-08-20,41,1840.45
DAM,2026-08-20,42,1700.63
DAM,2026-08-20,43,1603.36
DAM,2026-08-20,44,1551.25
DAM,2026-08-20,45,1460.91
DAM,2026-08-20,46,1410.37
DAM,2026-08-20,47,1111.85
DAM,2026-08-20,48,1111.84
DAM,2026-08-20,49,1111.73
DAM,2026-08-20,50,1111.67
DAM,2026-08-20,51,1111.63
DAM,2026-08-20,52,1111.57
DAM,2026-08-20,53,1111.45
DAM,2026-08-20,54,1111.42
DAM,2026-08-20,55,1111.61
DAM,2026-08-20,56,1111.76
DAM,2026-08-20,57,1410.63
DAM,2026-08-20,58,1524.54
DAM,2026-08-20,59,1572.04
DAM,2026-08-20,60,1600.79
DAM,2026-08-20,61,1750.72
DAM,2026-08-20,62,1881.95
DAM,2026-08-20,63,2060.39
DAM,2026-08-20,64,2158.96
DAM,2026-08-20,65,2449.63
DAM,2026-08-20,66,2510.22
DAM,2026-08-20,67,2845.36
DAM,2026-08-20,68,2845.53
DAM,2026-08-20,69,2860.94
DAM,2026-08-20,70,2929.73
DAM,2026-08-20,71,2850.95
DAM,2026-08-20,72,2920.63
DAM,2026-08-20,73,3470.45
DAM,2026-08-20,74,3856.03
DAM,2026-08-20,75,5440.34
DAM,2026-08-20,76,7000.74
DAM,2026-08-20,77,10000.0
DAM,2026-08-20,78,10000.0
DAM,2026-08-20,79,10000.0
DAM,2026-08-20,80,10000.0
DAM,2026-08-20,81,10000.0
DAM,2026-08-20,82,10000.0
DAM,2026-08-20,83,10000.0
DAM,2026-08-20,84,10000.0
DAM,2026-08-20,85,10000.0
DAM,2026-08-20,86,10000.0
DAM,2026-08-20,87,10000.0
DAM,2026-08-20,88,10000.0
DAM,2026-08-20,89,10000.0
DAM,2026-08-20,90,10000.0
DAM,2026-08-20,91,10000.0
DAM,2026-08-20,92,10000.0
DAM,2026-08-20,93,10000.0
DAM,2026-08-20,94,10000.0
DAM,2026-08-20,95,10000.0
DAM,2026-08-20,96,10000.0
DAM,2026-08-21,1,10000.0
DAM,2026-08-21,2,10000.0
DAM,2026-08-21,3,6569.35
DAM,2026-08-21,4,5450.23
DAM,2026-08-21,5,5138.65
DAM,2026-08-21,6,4700.73
DAM,2026-08-21,7,4700.48
DAM,2026-08-21,8,4344.03
DAM,2026-08-21,9,3600.85
DAM,2026-08-21,10,3600.61
DAM,2026-08-21,11,3600.97
DAM,2026-08-21,12,3669.3
DAM,2026-08-21,13,3600.19
DAM,2026-08-21,14,3499.09
DAM,2026-08-21,15,3369.73
DAM,2026-08-21,16,3150.46
DAM,2026-08-21,17,3439.52
DAM,2026-08-21,18,3249.62
DAM,2026-08-21,19,3404.56
DAM,2026-08-21,20,3600.68
DAM,2026-08-21,21,3801.13
DAM,2026-08-21,22,5500.54
DAM,2026-08-21,23,7999.93
DAM,2026-08-21,24,8500.82
DAM,2026-08-21,25,10000.0
DAM,2026-08-21,26,10000.0
DAM,2026-08-21,27,10000.0
DAM,2026-08-21,28,10000.0
DAM,2026-08-21,29,9999.06
DAM,2026-08-21,30,5800.55
DAM,2026-08-21,31,4254.84
DAM,2026-08-21,32,4020.88
DAM,2026-08-21,33,3561.58
DAM,2026-08-21,34,3299.18
DAM,2026-08-21,35,3172.5
DAM,2026-08-21,36,2900.03
DAM,2026-08-21,37,2480.59
DAM,2026-08-21,38,2470.05
DAM,2026-08-21,39,2182.51
DAM,2026-08-21,40,2080.24
DAM,2026-08-21,41,1966.15
DAM,2026-08-21,42,1896.28
DAM,2026-08-21,43,1700.61
DAM,2026-08-21,44,1699.51
DAM,2026-08-21,45,1619.81
DAM,2026-08-21,46,1603.15
DAM,2026-08-21,47,1563.67
DAM,2026-08-21,48,1524.79
DAM,2026-08-21,49,1523.72
DAM,2026-08-21,50,1523.58
DAM,2026-08-21,51,1523.26
DAM,2026-08-21,52,1400.96
DAM,2026-08-21,53,1399.87
DAM,2026-08-21,54,1400.85
DAM,2026-08-21,55,1523.45
DAM,2026-08-21,56,1603.03
DAM,2026-08-21,57,1699.97
DAM,2026-08-21,58,1700.32
DAM,2026-08-21,59,1700.63
DAM,2026-08-21,60,1706.88
DAM,2026-08-21,61,1998.19
DAM,2026-08-21,62,2100.05
DAM,2026-08-21,63,2279.79
DAM,2026-08-21,64,2400.72
DAM,2026-08-21,65,2519.23
DAM,2026-08-21,66,2773.5
DAM,2026-08-21,67,3064.84
DAM,2026-08-21,68,3369.81
DAM,2026-08-21,69,3614.08
DAM,2026-08-21,70,3736.71
DAM,2026-08-21,71,3743.93
DAM,2026-08-21,72,3627.95
DAM,2026-08-21,73,4098.18
DAM,2026-08-21,74,5250.56
DAM,2026-08-21,75,10000.0
DAM,2026-08-21,76,10000.0
DAM,2026-08-21,77,10000.0
DAM,2026-08-21,78,10000.0
DAM,2026-08-21,79,10000.0
DAM,2026-08-21,80,10000.0
DAM,2026-08-21,81,10000.0
DAM,2026-08-21,82,10000.0
DAM,2026-08-21,83,10000.0
DAM,2026-08-21,84,10000.0
DAM,2026-08-21,85,10000.0
DAM,2026-08-21,86,10000.0
DAM,2026-08-21,87,10000.0
DAM,2026-08-21,88,10000.0
DAM,2026-08-21,89,10000.0
DAM,2026-08-21,90,10000.0
DAM,2026-08-21,91,10000.0
DAM,2026-08-21,92,10000.0
DAM,2026-08-21,93,10000.0
DAM,2026-08-21,94,10000.0
DAM,2026-08-21,95,10000.0
DAM,2026-08-21,96,10000.0
DAM,2026-08-22,1,10000.0
DAM,2026-08-22,2,10000.0
DAM,2026-08-22,3,10000.0
DAM,2026-08-22,4,10000.0
DAM,2026-08-22,5,10000.0
DAM,2026-08-22,6,10000.0
DAM,2026-08-22,7,10000.0
DAM,2026-08-22,8,10000.0
DAM,2026-08-22,9,9999.84
DAM,2026-08-22,10,9999.48
DAM,2026-08-22,11,5806.55
DAM,2026-08-22,12,5500.71
DAM,2026-08-22,13,3650.14
DAM,2026-08-22,14,3530.28
DAM,2026-08-22,15,3439.57
DAM,2026-08-22,16,3249.74
DAM,2026-08-22,17,3499.3
DAM,2026-08-22,18,3499.41
DAM,2026-08-22,19,3800.19
DAM,2026-08-22,20,4730.38
DAM,2026-08-22,21,8149.42
DAM,2026-08-22,22,10000.0
DAM,2026-08-22,23,10000.0
DAM,2026-08-22,24,10000.0
DAM,2026-08-22,25,10000.0
DAM,2026-08-22,26,10000.0
DAM,2026-08-22,27,10000.0
DAM,2026-08-22,28,10000.0
DAM,2026-08-22,29,10000.0
DAM,2026-08-22,30,7999.7
DAM,2026-08-22,31,5483.96
DAM,2026-08-22,32,4650.49
DAM,2026-08-22,33,4294.43
DAM,2026-08-22,34,4098.31
DAM,2026-08-22,35,3614.19
DAM,2026-08-22,36,3398.98
DAM,2026-08-22,37,3160.05
DAM,2026-08-22,38,2800.87
DAM,2026-08-22,39,2519.9
DAM,2026-08-22,40,2470.33
DAM,2026-08-22,41,2156.26
DAM,2026-08-22,42,2000.44
DAM,2026-08-22,43,1900.98
DAM,2026-08-22,44,1800.1
DAM,2026-08-22,45,1774.62
DAM,2026-08-22,46,1706.02
DAM,2026-08-22,47,1700.64
DAM,2026-08-22,48,1700.44
DAM,2026-08-22,49,1700.22
DAM,2026-08-22,50,1700.15
DAM,2026-08-22,51,1699.82
DAM,2026-08-22,52,1603.09
DAM,2026-08-22,53,1523.37
DAM,2026-08-22,54,1524.57
DAM,2026-08-22,55,1699.83
DAM,2026-08-22,56,1700.45
DAM,2026-08-22,57,1750.73
DAM,2026-08-22,58,1800.26
DAM,2026-08-22,59,1890.35
DAM,2026-08-22,60,1930.64
DAM,2026-08-22,61,2167.0
DAM,2026-08-22,62,2470.31
DAM,2026-08-22,63,2519.93
DAM,2026-08-22,64,2558.73
DAM,2026-08-22,65,3160.21
DAM,2026-08-22,66,3292.53
DAM,2026-08-22,67,3599.33
DAM,2026-08-22,68,3614.97
DAM,2026-08-22,69,3856.17
DAM,2026-08-22,70,4100.72
DAM,2026-08-22,71,5250.52
DAM,2026-08-22,72,5570.82
DAM,2026-08-22,73,4913.17
DAM,2026-08-22,74,5467.28
DAM,2026-08-22,75,9999.96
DAM,2026-08-22,76,10000.0
DAM,2026-08-22,77,10000.0
DAM,2026-08-22,78,10000.0
DAM,2026-08-22,79,10000.0
DAM,2026-08-22,80,10000.0
DAM,2026-08-22,81,10000.0
DAM,2026-08-22,82,10000.0
DAM,2026-08-22,83,10000.0
DAM,2026-08-22,84,10000.0
DAM,2026-08-22,85,10000.0
DAM,2026-08-22,86,10000.0
DAM,2026-08-22,87,10000.0
DAM,2026-08-22,88,10000.0
DAM,2026-08-22,89,10000.0
DAM,2026-08-22,90,10000.0
DAM,2026-08-22,91,10000.0
DAM,2026-08-22,92,10000.0
DAM,2026-08-22,93,10000.0
DAM,2026-08-22,94,10000.0
DAM,2026-08-22,95,10000.0
DAM,2026-08-22,96,10000.0
DAM,2026-08-23,1,10000.0
DAM,2026-08-23,2,10000.0
DAM,2026-08-23,3,10000.0
DAM,2026-08-23,4,10000.0
DAM,2026-08-23,5,10000.0
DAM,2026-08-23,6,10000.0
DAM,2026-08-23,7,10000.0
DAM,2026-08-23,8,10000.0
DAM,2026-08-23,9,6800.34
DAM,2026-08-23,10,6800.15
DAM,2026-08-23,11,5855.84
DAM,2026-08-23,12,5600.82
DAM,2026-08-23,13,4098.91
DAM,2026-08-23,14,4098.68
DAM,2026-08-23,15,4000.7
DAM,2026-08-23,16,3856.68
DAM,2026-08-23,17,4098.07
DAM,2026-08-23,18,4098.4
DAM,2026-08-23,19,4431.59
DAM,2026-08-23,20,7500.99
DAM,2026-08-23,21,10000.0
DAM,2026-08-23,22,10000.0
DAM,2026-08-23,23,10000.0
DAM,2026-08-23,24,10000.0
DAM,2026-08-23,25,10000.0
DAM,2026-08-23,26,10000.0
DAM,2026-08-23,27,10000.0
DAM,2026-08-23,28,10000.0
DAM,2026-08-23,29,8149.71
DAM,2026-08-23,30,6499.46
DAM,2026-08-23,31,4979.48
DAM,2026-08-23,32,4167.72
DAM,2026-08-23,33,3614.48
DAM,2026-08-23,34,3311.91
DAM,2026-08-23,35,3065.16
DAM,2026-08-23,36,2624.6
DAM,2026-08-23,37,2470.6
DAM,2026-08-23,38,2470.04
DAM,2026-08-23,39,2100.21
DAM,2026-08-23,40,1969.5
DAM,2026-08-23,41,1840.23
DAM,2026-08-23,42,1701.0
DAM,2026-08-23,43,1572.05
DAM,2026-08-23,44,1524.99
DAM,2026-08-23,45,1572.59
DAM,2026-08-23,46,1523.86
DAM,2026-08-23,47,1400.96
DAM,2026-08-23,48,1400.84
DAM,2026-08-23,49,1400.44
DAM,2026-08-23,50,1399.3
DAM,2026-08-23,51,1301.77
DAM,2026-08-23,52,1263.74
DAM,2026-08-23,53,1111.92
DAM,2026-08-23,54,1111.97
DAM,2026-08-23,55,1300.84
DAM,2026-08-23,56,1399.65
DAM,2026-08-23,57,1523.97
DAM,2026-08-23,58,1524.03
DAM,2026-08-23,59,1604.44
DAM,2026-08-23,60,1700.04
DAM,2026-08-23,61,1892.26
DAM,2026-08-23,62,1999.93
DAM,2026-08-23,63,2279.82
DAM,2026-08-23,64,2458.1
DAM,2026-08-23,65,2718.25
DAM,2026-08-23,66,3095.27
DAM,2026-08-23,67,3292.69
DAM,2026-08-23,68,3561.02
DAM,2026-08-23,69,3398.23
DAM,2026-08-23,70,3353.92
DAM,2026-08-23,71,3353.75
DAM,2026-08-23,72,3353.98
DAM,2026-08-23,73,3470.39
DAM,2026-08-23,74,3630.76
DAM,2026-08-23,75,4999.7
DAM,2026-08-23,76,5099.84
DAM,2026-08-23,77,10000.0
DAM,2026-08-23,78,10000.0
DAM,2026-08-23,79,10000.0
DAM,2026-08-23,80,10000.0
DAM,2026-08-23,81,10000.0
DAM,2026-08-23,82,10000.0
DAM,2026-08-23,83,10000.0
DAM,2026-08-23,84,10000.0
DAM,2026-08-23,85,10000.0
DAM,2026-08-23,86,10000.0
DAM,2026-08-23,87,10000.0
DAM,2026-08-23,88,10000.0
DAM,2026-08-23,89,10000.0
DAM,2026-08-23,90,10000.0
DAM,2026-08-23,91,10000.0
DAM,2026-08-23,92,10000.0
DAM,2026-08-23,93,10000.0
DAM,2026-08-23,94,10000.0
DAM,2026-08-23,95,10000.0
DAM,2026-08-23,96,10000.0
DAM,2026-08-24,1,10000.0
DAM,2026-08-24,2,10000.0
DAM,2026-08-24,3,10000.0
DAM,2026-08-24,4,10000.0
DAM,2026-08-24,5,10000.0
DAM,2026-08-24,6,10000.0
DAM,2026-08-24,7,10000.0
DAM,2026-08-24,8,10000.0
DAM,2026-08-24,9,10000.0
DAM,2026-08-24,10,10000.0
DAM,2026-08-24,11,10000.0
DAM,2026-08-24,12,10000.0
DAM,2026-08-24,13,10000.0
DAM,2026-08-24,14,10000.0
DAM,2026-08-24,15,10000.0
DAM,2026-08-24,16,9999.79
DAM,2026-08-24,17,10000.0
DAM,2026-08-24,18,10000.0
DAM,2026-08-24,19,10000.0
DAM,2026-08-24,20,10000.0
DAM,2026-08-24,21,10000.0
DAM,2026-08-24,22,10000.0
DAM,2026-08-24,23,10000.0
DAM,2026-08-24,24,10000.0
DAM,2026-08-24,25,10000.0
DAM,2026-08-24,26,10000.0
DAM,2026-08-24,27,10000.0
DAM,2026-08-24,28,10000.0
DAM,2026-08-24,29,10000.0
DAM,2026-08-24,30,10000.0
DAM,2026-08-24,31,10000.0
DAM,2026-08-24,32,10000.0
DAM,2026-08-24,33,5570.05
DAM,2026-08-24,34,5000.73
DAM,2026-08-24,35,4254.63
DAM,2026-08-24,36,3738.92
DAM,2026-08-24,37,3500.52
DAM,2026-08-24,38,3369.61
DAM,2026-08-24,39,3046.14
DAM,2026-08-24,40,2845.93
DAM,2026-08-24,41,2279.65
DAM,2026-08-24,42,2120.84
DAM,2026-08-24,43,1999.72
DAM,2026-08-24,44,1999.1
DAM,2026-08-24,45,1966.99
DAM,2026-08-24,46,1966.3
DAM,2026-08-24,47,1918.94
DAM,2026-08-24,48,1898.1
DAM,2026-08-24,49,1887.26
DAM,2026-08-24,50,1881.78
DAM,2026-08-24,51,1862.55
DAM,2026-08-24,52,1860.89
DAM,2026-08-24,53,1860.26
DAM,2026-08-24,54,1860.42
DAM,2026-08-24,55,1860.94
DAM,2026-08-24,56,1995.64
DAM,2026-08-24,57,2000.84
DAM,2026-08-24,58,2129.6
DAM,2026-08-24,59,2220.12
DAM,2026-08-24,60,2279.52
DAM,2026-08-24,61,2514.9
DAM,2026-08-24,62,2700.66
DAM,2026-08-24,63,3084.68
DAM,2026-08-24,64,3199.01
DAM,2026-08-24,65,3599.55
DAM,2026-08-24,66,3997.74
DAM,2026-08-24,67,5001.67
DAM,2026-08-24,68,5509.07
DAM,2026-08-24,69,10000.0
DAM,2026-08-24,70,10000.0
DAM,2026-08-24,71,10000.0
DAM,2026-08-24,72,10000.0
DAM,2026-08-24,73,10000.0
DAM,2026-08-24,74,10000.0
DAM,2026-08-24,75,10000.0
DAM,2026-08-24,76,10000.0
DAM,2026-08-24,77,10000.0
DAM,2026-08-24,78,10000.0
DAM,2026-08-24,79,10000.0
DAM,2026-08-24,80,10000.0
DAM,2026-08-24,81,10000.0
DAM,2026-08-24,82,10000.0
DAM,2026-08-24,83,10000.0
DAM,2026-08-24,84,10000.0
DAM,2026-08-24,85,10000.0
DAM,2026-08-24,86,10000.0
DAM,2026-08-24,87,10000.0
DAM,2026-08-24,88,10000.0
DAM,2026-08-24,89,10000.0
DAM,2026-08-24,90,10000.0
DAM,2026-08-24,91,10000.0
DAM,2026-08-24,92,10000.0
DAM,2026-08-24,93,10000.0
DAM,2026-08-24,94,10000.0
DAM,2026-08-24,95,10000.0
DAM,2026-08-24,96,10000.0
DAM,2026-08-25,1,10000.0
DAM,2026-08-25,2,10000.0
DAM,2026-08-25,3,10000.0
DAM,2026-08-25,4,10000.0
DAM,2026-08-25,5,10000.0
DAM,2026-08-25,6,10000.0
DAM,2026-08-25,7,10000.0
DAM,2026-08-25,8,10000.0
DAM,2026-08-25,9,10000.0
DAM,2026-08-25,10,10000.0
DAM,2026-08-25,11,10000.0
DAM,2026-08-25,12,8503.26
DAM,2026-08-25,13,10000.0
DAM,2026-08-25,14,7999.53
DAM,2026-08-25,15,6500.49
DAM,2026-08-25,16,6500.33
DAM,2026-08-25,17,8149.9
DAM,2026-08-25,18,10000.0
DAM,2026-08-25,19,10000.0
DAM,2026-08-25,20,10000.0
DAM,2026-08-25,21,10000.0
DAM,2026-08-25,22,10000.0
DAM,2026-08-25,23,10000.0
DAM,2026-08-25,24,10000.0
DAM,2026-08-25,25,10000.0
DAM,2026-08-25,26,10000.0
DAM,2026-08-25,27,10000.0
DAM,2026-08-25,28,10000.0
DAM,2026-08-25,29,10000.0
DAM,2026-08-25,30,10000.0
DAM,2026-08-25,31,10000.0
DAM,2026-08-25,32,8881.07
DAM,2026-08-25,33,4113.56
DAM,2026-08-25,34,3600.53
DAM,2026-08-25,35,3200.71
DAM,2026-08-25,36,3030.36
DAM,2026-08-25,37,3060.47
DAM,2026-08-25,38,3010.24
DAM,2026-08-25,39,2845.94
DAM,2026-08-25,40,2694.37
DAM,2026-08-25,41,2279.8
DAM,2026-08-25,42,2165.29
DAM,2026-08-25,43,2000.7
DAM,2026-08-25,44,1999.7
DAM,2026-08-25,45,1966.28
DAM,2026-08-25,46,1946.44
DAM,2026-08-25,47,1918.91
DAM,2026-08-25,48,1917.18
DAM,2026-08-25,49,1907.29
DAM,2026-08-25,50,1903.65
DAM,2026-08-25,51,1888.63
DAM,2026-08-25,52,1860.55
DAM,2026-08-25,53,1860.11
DAM,2026-08-25,54,1860.23
DAM,2026-08-25,55,1867.25
DAM,2026-08-25,56,1920.09
DAM,2026-08-25,57,1997.76
DAM,2026-08-25,58,2000.6
DAM,2026-08-25,59,2000.99
DAM,2026-08-25,60,2159.22
DAM,2026-08-25,61,2615.08
DAM,2026-08-25,62,2845.41
DAM,2026-08-25,63,2924.76
DAM,2026-08-25,64,3090.27
DAM,2026-08-25,65,3280.77
DAM,2026-08-25,66,3561.29
DAM,2026-08-25,67,3614.85
DAM,2026-08-25,68,4012.42
DAM,2026-08-25,69,4570.49
DAM,2026-08-25,70,4574.63
DAM,2026-08-25,71,5345.03
DAM,2026-08-25,72,5570.01
DAM,2026-08-25,73,6902.66
DAM,2026-08-25,74,10000.0
DAM,2026-08-25,75,10000.0
DAM,2026-08-25,76,10000.0
DAM,2026-08-25,77,10000.0
DAM,2026-08-25,78,10000.0
DAM,2026-08-25,79,10000.0
DAM,2026-08-25,80,10000.0
DAM,2026-08-25,81,10000.0
DAM,2026-08-25,82,10000.0
DAM,2026-08-25,83,10000.0
DAM,2026-08-25,84,10000.0
DAM,2026-08-25,85,10000.0
DAM,2026-08-25,86,10000.0
DAM,2026-08-25,87,10000.0
DAM,2026-08-25,88,10000.0
DAM,2026-08-25,89,10000.0
DAM,2026-08-25,90,10000.0
DAM,2026-08-25,91,10000.0
DAM,2026-08-25,92,10000.0
DAM,2026-08-25,93,10000.0
DAM,2026-08-25,94,10000.0
DAM,2026-08-25,95,10000.0
DAM,2026-08-25,96,10000.0
DAM,2026-08-26,1,10000.0
DAM,2026-08-26,2,10000.0
DAM,2026-08-26,3,10000.0
DAM,2026-08-26,4,10000.0
DAM,2026-08-26,5,10000.0
DAM,2026-08-26,6,10000.0
DAM,2026-08-26,7,10000.0
DAM,2026-08-26,8,10000.0
DAM,2026-08-26,9,6789.04
DAM,2026-08-26,10,6000.43
DAM,2026-08-26,11,6000.26
DAM,2026-08-26,12,5886.44
DAM,2026-08-26,13,4060.13
DAM,2026-08-26,14,3850.44
DAM,2026-08-26,15,3630.6
DAM,2026-08-26,16,3600.01
DAM,2026-08-26,17,3850.38
DAM,2026-08-26,18,4000.73
DAM,2026-08-26,19,6000.86
DAM,2026-08-26,20,7697.35
DAM,2026-08-26,21,10000.0
DAM,2026-08-26,22,10000.0
DAM,2026-08-26,23,10000.0
DAM,2026-08-26,24,10000.0
DAM,2026-08-26,25,10000.0
DAM,2026-08-26,26,10000.0
DAM,2026-08-26,27,10000.0
DAM,2026-08-26,28,10000.0
DAM,2026-08-26,29,10000.0
DAM,2026-08-26,30,10000.0
DAM,2026-08-26,31,10000.0
DAM,2026-08-26,32,5609.26
DAM,2026-08-26,33,4020.27
DAM,2026-08-26,34,4020.18
DAM,2026-08-26,35,3734.59
DAM,2026-08-26,36,3519.07
DAM,2026-08-26,37,3500.71
DAM,2026-08-26,38,3345.32
DAM,2026-08-26,39,3056.11
DAM,2026-08-26,40,2757.69
DAM,2026-08-26,41,2499.38
DAM,2026-08-26,42,2400.73
DAM,2026-08-26,43,2279.97
DAM,2026-08-26,44,2157.87
DAM,2026-08-26,45,2150.0
DAM,2026-08-26,46,2151.28
DAM,2026-08-26,47,2102.09
DAM,2026-08-26,48,2090.98
DAM,2026-08-26,49,2090.66
DAM,2026-08-26,50,2050.76
DAM,2026-08-26,51,2050.52
DAM,2026-08-26,52,1966.85
DAM,2026-08-26,53,1868.09
DAM,2026-08-26,54,1882.55
DAM,2026-08-26,55,1966.44
DAM,2026-08-26,56,2000.61
DAM,2026-08-26,57,2220.83
DAM,2026-08-26,58,2500.17
DAM,2026-08-26,59,2440.98
DAM,2026-08-26,60,2519.26
DAM,2026-08-26,61,2701.67
DAM,2026-08-26,62,2947.64
DAM,2026-08-26,63,3199.1
DAM,2026-08-26,64,3060.67
DAM,2026-08-26,65,3381.47
DAM,2026-08-26,66,3560.17
DAM,2026-08-26,67,3729.94
DAM,2026-08-26,68,4363.76
DAM,2026-08-26,69,4689.71
DAM,2026-08-26,70,4574.65
DAM,2026-08-26,71,3499.26
DAM,2026-08-26,72,3810.95
DAM,2026-08-26,73,7697.29
DAM,2026-08-26,74,10000.0
DAM,2026-08-26,75,10000.0
DAM,2026-08-26,76,10000.0
DAM,2026-08-26,77,10000.0
DAM,2026-08-26,78,10000.0
DAM,2026-08-26,79,10000.0
DAM,2026-08-26,80,10000.0
DAM,2026-08-26,81,10000.0
DAM,2026-08-26,82,10000.0
DAM,2026-08-26,83,10000.0
DAM,2026-08-26,84,10000.0
DAM,2026-08-26,85,10000.0
DAM,2026-08-26,86,10000.0
DAM,2026-08-26,87,10000.0
DAM,2026-08-26,88,10000.0
DAM,2026-08-26,89,10000.0
DAM,2026-08-26,90,10000.0
DAM,2026-08-26,91,10000.0
DAM,2026-08-26,92,10000.0
DAM,2026-08-26,93,10000.0
DAM,2026-08-26,94,10000.0
DAM,2026-08-26,95,10000.0
DAM,2026-08-26,96,10000.0
DAM,2026-08-27,1,10000.0
DAM,2026-08-27,2,10000.0
DAM,2026-08-27,3,10000.0
DAM,2026-08-27,4,10000.0
DAM,2026-08-27,5,10000.0
DAM,2026-08-27,6,10000.0
DAM,2026-08-27,7,10000.0
DAM,2026-08-27,8,10000.0
DAM,2026-08-27,9,8149.37
DAM,2026-08-27,10,7000.81
DAM,2026-08-27,11,5500.96
DAM,2026-08-27,12,5500.84
DAM,2026-08-27,13,5000.48
DAM,2026-08-27,14,4913.19
DAM,2026-08-27,15,4213.47
DAM,2026-08-27,16,4060.56
DAM,2026-08-27,17,4060.71
DAM,2026-08-27,18,4822.36
DAM,2026-08-27,19,5138.4
DAM,2026-08-27,20,10000.0
DAM,2026-08-27,21,10000.0
DAM,2026-08-27,22,10000.0
DAM,2026-08-27,23,10000.0
DAM,2026-08-27,24,10000.0
DAM,2026-08-27,25,10000.0
DAM,2026-08-27,26,10000.0
DAM,2026-08-27,27,10000.0
DAM,2026-08-27,28,10000.0
DAM,2026-08-27,29,10000.0
DAM,2026-08-27,30,10000.0
DAM,2026-08-27,31,10000.0
DAM,2026-08-27,32,10000.0
DAM,2026-08-27,33,4570.74
DAM,2026-08-27,34,4324.12
DAM,2026-08-27,35,4012.63
DAM,2026-08-27,36,3638.82
DAM,2026-08-27,37,3395.39
DAM,2026-08-27,38,3200.92
DAM,2026-08-27,39,3160.68
DAM,2026-08-27,40,2946.39
DAM,2026-08-27,41,2560.08
DAM,2026-08-27,42,2440.76
DAM,2026-08-27,43,2090.86
DAM,2026-08-27,44,2132.72
DAM,2026-08-27,45,2140.2
DAM,2026-08-27,46,2119.43
DAM,2026-08-27,47,2000.47
DAM,2026-08-27,48,1999.78
DAM,2026-08-27,49,1954.04
DAM,2026-08-27,50,1959.81
DAM,2026-08-27,51,1909.37
DAM,2026-08-27,52,1860.53
DAM,2026-08-27,53,1860.01
DAM,2026-08-27,54,1860.42
DAM,2026-08-27,55,1966.45
DAM,2026-08-27,56,2000.13
DAM,2026-08-27,57,2080.47
DAM,2026-08-27,58,2080.16
DAM,2026-08-27,59,2203.03
DAM,2026-08-27,60,2396.95
DAM,2026-08-27,61,2620.69
DAM,2026-08-27,62,2989.95
DAM,2026-08-27,63,3189.54
DAM,2026-08-27,64,3399.51
DAM,2026-08-27,65,3603.98
DAM,2026-08-27,66,3743.21
DAM,2026-08-27,67,4419.83
DAM,2026-08-27,68,5483.95
DAM,2026-08-27,69,5483.84
DAM,2026-08-27,70,6000.12
DAM,2026-08-27,71,6999.17
DAM,2026-08-27,72,9992.5
DAM,2026-08-27,73,10000.0
DAM,2026-08-27,74,10000.0
DAM,2026-08-27,75,10000.0
DAM,2026-08-27,76,10000.0
DAM,2026-08-27,77,10000.0
DAM,2026-08-27,78,10000.0
DAM,2026-08-27,79,10000.0
DAM,2026-08-27,80,10000.0
DAM,2026-08-27,81,10000.0
DAM,2026-08-27,82,10000.0
DAM,2026-08-27,83,10000.0
DAM,2026-08-27,84,10000.0
DAM,2026-08-27,85,10000.0
DAM,2026-08-27,86,10000.0
DAM,2026-08-27,87,10000.0
DAM,2026-08-27,88,10000.0
DAM,2026-08-27,89,10000.0
DAM,2026-08-27,90,10000.0
DAM,2026-08-27,91,10000.0
DAM,2026-08-27,92,10000.0
DAM,2026-08-27,93,10000.0
DAM,2026-08-27,94,10000.0
DAM,2026-08-27,95,10000.0
DAM,2026-08-27,96,10000.0
DAM,2026-08-28,1,10000.0
DAM,2026-08-28,2,10000.0
DAM,2026-08-28,3,10000.0
DAM,2026-08-28,4,10000.0
DAM,2026-08-28,5,10000.0
DAM,2026-08-28,6,10000.0
DAM,2026-08-28,7,10000.0
DAM,2026-08-28,8,10000.0
DAM,2026-08-28,9,6926.04
DAM,2026-08-28,10,5500.95
DAM,2026-08-28,11,5500.99
DAM,2026-08-28,12,5828.02
DAM,2026-08-28,13,5138.52
DAM,2026-08-28,14,4913.61
DAM,2026-08-28,15,4169.42
DAM,2026-08-28,16,4060.88
DAM,2026-08-28,17,4913.27
DAM,2026-08-28,18,4866.5
DAM,2026-08-28,19,5500.51
DAM,2026-08-28,20,10000.0
DAM,2026-08-28,21,10000.0
DAM,2026-08-28,22,10000.0
DAM,2026-08-28,23,10000.0
DAM,2026-08-28,24,10000.0
DAM,2026-08-28,25,10000.0
DAM,2026-08-28,26,10000.0
DAM,2026-08-28,27,10000.0
DAM,2026-08-28,28,10000.0
DAM,2026-08-28,29,10000.0
DAM,2026-08-28,30,10000.0
DAM,2026-08-28,31,10000.0
DAM,2026-08-28,32,9998.46
DAM,2026-08-28,33,4305.09
DAM,2026-08-28,34,4113.04
DAM,2026-08-28,35,3742.23
DAM,2026-08-28,36,3500.18
DAM,2026-08-28,37,2989.46
DAM,2026-08-28,38,2615.87
DAM,2026-08-28,39,2169.83
DAM,2026-08-28,40,2081.71
DAM,2026-08-28,41,1860.2
DAM,2026-08-28,42,1819.28
DAM,2026-08-28,43,1709.24
DAM,2026-08-28,44,1804.63
DAM,2026-08-28,45,1819.35
DAM,2026-08-28,46,1749.56
DAM,2026-08-28,47,1704.37
DAM,2026-08-28,48,1703.8
DAM,2026-08-28,49,1717.59
DAM,2026-08-28,50,1699.24
DAM,2026-08-28,51,1689.82
DAM,2026-08-28,52,1603.36
DAM,2026-08-28,53,1524.64
DAM,2026-08-28,54,1603.54
DAM,2026-08-28,55,1699.21
DAM,2026-08-28,56,1858.15
DAM,2026-08-28,57,1860.44
DAM,2026-08-28,58,1860.47
DAM,2026-08-28,59,1860.91
DAM,2026-08-28,60,1956.88
DAM,2026-08-28,61,2199.22
DAM,2026-08-28,62,2396.36
DAM,2026-08-28,63,2620.4
DAM,2026-08-28,64,3060.11
DAM,2026-08-28,65,3499.81
DAM,2026-08-28,66,3614.62
DAM,2026-08-28,67,3856.23
DAM,2026-08-28,68,4113.27
DAM,2026-08-28,69,4254.6
DAM,2026-08-28,70,4700.19
DAM,2026-08-28,71,4450.5
DAM,2026-08-28,72,4689.7
DAM,2026-08-28,73,6500.48
DAM,2026-08-28,74,10000.0
DAM,2026-08-28,75,10000.0
DAM,2026-08-28,76,10000.0
DAM,2026-08-28,77,10000.0
DAM,2026-08-28,78,10000.0
DAM,2026-08-28,79,10000.0
DAM,2026-08-28,80,10000.0
DAM,2026-08-28,81,10000.0
DAM,2026-08-28,82,10000.0
DAM,2026-08-28,83,10000.0
DAM,2026-08-28,84,10000.0
DAM,2026-08-28,85,10000.0
DAM,2026-08-28,86,10000.0
DAM,2026-08-28,87,10000.0
DAM,2026-08-28,88,10000.0
DAM,2026-08-28,89,10000.0
DAM,2026-08-28,90,10000.0
DAM,2026-08-28,91,10000.0
DAM,2026-08-28,92,10000.0
DAM,2026-08-28,93,10000.0
DAM,2026-08-28,94,10000.0
DAM,2026-08-28,95,10000.0
DAM,2026-08-28,96,10000.0
DAM,2026-08-29,1,10000.0
DAM,2026-08-29,2,10000.0
DAM,2026-08-29,3,10000.0
DAM,2026-08-29,4,10000.0
DAM,2026-08-29,5,7999.22
DAM,2026-08-29,6,7000.77
DAM,2026-08-29,7,7000.37
DAM,2026-08-29,8,6999.31
DAM,2026-08-29,9,3856.25
DAM,2026-08-29,10,3856.15
DAM,2026-08-29,11,3743.59
DAM,2026-08-29,12,3743.42
DAM,2026-08-29,13,3251.79
DAM,2026-08-29,14,3300.94
DAM,2026-08-29,15,3251.88
DAM,2026-08-29,16,3251.93
DAM,2026-08-29,17,3603.98
DAM,2026-08-29,18,3630.36
DAM,2026-08-29,19,3856.39
DAM,2026-08-29,20,4000.9
DAM,2026-08-29,21,9990.38
DAM,2026-08-29,22,10000.0
DAM,2026-08-29,23,10000.0
DAM,2026-08-29,24,10000.0
DAM,2026-08-29,25,10000.0
DAM,2026-08-29,26,10000.0
DAM,2026-08-29,27,10000.0
DAM,2026-08-29,28,10000.0
DAM,2026-08-29,29,10000.0
DAM,2026-08-29,30,10000.0
DAM,2026-08-29,31,10000.0
DAM,2026-08-29,32,4419.57
DAM,2026-08-29,33,4305.18
DAM,2026-08-29,34,3729.95
DAM,2026-08-29,35,3478.42
DAM,2026-08-29,36,3269.08
DAM,2026-08-29,37,2560.97
DAM,2026-08-29,38,2199.42
DAM,2026-08-29,39,2057.33
DAM,2026-08-29,40,1886.38
DAM,2026-08-29,41,1709.87
DAM,2026-08-29,42,1660.23
DAM,2026-08-29,43,1499.3
DAM,2026-08-29,44,1499.99
DAM,2026-08-29,45,1400.35
DAM,2026-08-29,46,1400.05
DAM,2026-08-29,47,1111.97
DAM,2026-08-29,48,1111.87
DAM,2026-08-29,49,1111.83
DAM,2026-08-29,50,1111.81
DAM,2026-08-29,51,1111.7
DAM,2026-08-29,52,1111.52
DAM,2026-08-29,53,1111.41
DAM,2026-08-29,54,1111.42
DAM,2026-08-29,55,1111.5
DAM,2026-08-29,56,1111.85
DAM,2026-08-29,57,1400.82
DAM,2026-08-29,58,1699.06
DAM,2026-08-29,59,1860.16
DAM,2026-08-29,60,1860.84
DAM,2026-08-29,61,2153.59
DAM,2026-08-29,62,2203.39
DAM,2026-08-29,63,2400.29
DAM,2026-08-29,64,2800.3
DAM,2026-08-29,65,3285.59
DAM,2026-08-29,66,3499.54
DAM,2026-08-29,67,3720.35
DAM,2026-08-29,68,4012.35
DAM,2026-08-29,69,5138.77
DAM,2026-08-29,70,5138.42
DAM,2026-08-29,71,6500.01
DAM,2026-08-29,72,6902.95
DAM,2026-08-29,73,6999.77
DAM,2026-08-29,74,10000.0
DAM,2026-08-29,75,10000.0
DAM,2026-08-29,76,10000.0
DAM,2026-08-29,77,10000.0
DAM,2026-08-29,78,10000.0
DAM,2026-08-29,79,10000.0
DAM,2026-08-29,80,10000.0
DAM,2026-08-29,81,10000.0
DAM,2026-08-29,82,10000.0
DAM,2026-08-29,83,10000.0
DAM,2026-08-29,84,10000.0
DAM,2026-08-29,85,10000.0
DAM,2026-08-29,86,10000.0
DAM,2026-08-29,87,10000.0
DAM,2026-08-29,88,10000.0
DAM,2026-08-29,89,10000.0
DAM,2026-08-29,90,10000.0
DAM,2026-08-29,91,10000.0
DAM,2026-08-29,92,10000.0
DAM,2026-08-29,93,10000.0
DAM,2026-08-29,94,10000.0
DAM,2026-08-29,95,10000.0
DAM,2026-08-29,96,10000.0
DAM,2026-08-30,1,4169.06
DAM,2026-08-30,2,4041.26
DAM,2026-08-30,3,4000.02
DAM,2026-08-30,4,3856.98
DAM,2026-08-30,5,3856.94
DAM,2026-08-30,6,3856.1
DAM,2026-08-30,7,3743.93
DAM,2026-08-30,8,3743.29
DAM,2026-08-30,9,3299.01
DAM,2026-08-30,10,3000.87
DAM,2026-08-30,11,2999.18
DAM,2026-08-30,12,2899.92
DAM,2026-08-30,13,2845.8
DAM,2026-08-30,14,2842.94
DAM,2026-08-30,15,2760.89
DAM,2026-08-30,16,2760.98
DAM,2026-08-30,17,2899.32
DAM,2026-08-30,18,2899.28
DAM,2026-08-30,19,2946.58
DAM,2026-08-30,20,3000.84
DAM,2026-08-30,21,3325.85
DAM,2026-08-30,22,3741.72
DAM,2026-08-30,23,4069.02
DAM,2026-08-30,24,4949.64
DAM,2026-08-30,25,6407.49
DAM,2026-08-30,26,7749.17
DAM,2026-08-30,27,6799.4
DAM,2026-08-30,28,5138.55
DAM,2026-08-30,29,4689.68
DAM,2026-08-30,30,4100.72
DAM,2026-08-30,31,3856.36
DAM,2026-08-30,32,3210.23
DAM,2026-08-30,33,2380.39
DAM,2026-08-30,34,2034.07
DAM,2026-08-30,35,1966.91
DAM,2026-08-30,36,1860.61
DAM,2026-08-30,37,1772.67
DAM,2026-08-30,38,1669.08
DAM,2026-08-30,39,1510.15
DAM,2026-08-30,40,1335.4
DAM,2026-08-30,41,1000.24
DAM,2026-08-30,42,867.85
DAM,2026-08-30,43,398.22
DAM,2026-08-30,44,398.21
DAM,2026-08-30,45,398.64
DAM,2026-08-30,46,398.45
DAM,2026-08-30,47,398.5
DAM,2026-08-30,48,398.33
DAM,2026-08-30,49,318.45
DAM,2026-08-30,50,300.97
DAM,2026-08-30,51,300.95
DAM,2026-08-30,52,300.96
DAM,2026-08-30,53,300.84
DAM,2026-08-30,54,300.83
DAM,2026-08-30,55,300.93
DAM,2026-08-30,56,398.41
DAM,2026-08-30,57,450.05
DAM,2026-08-30,58,999.84
DAM,2026-08-30,59,1111.11
DAM,2026-08-30,60,1111.49
DAM,2026-08-30,61,1400.75
DAM,2026-08-30,62,1699.46
DAM,2026-08-30,63,1860.0
DAM,2026-08-30,64,1860.87
DAM,2026-08-30,65,2000.25
DAM,2026-08-30,66,2080.62
DAM,2026-08-30,67,2080.37
DAM,2026-08-30,68,2220.37
DAM,2026-08-30,69,2000.72
DAM,2026-08-30,70,2000.89
DAM,2026-08-30,71,2380.54
DAM,2026-08-30,72,2560.72
DAM,2026-08-30,73,2602.69
DAM,2026-08-30,74,2620.35
DAM,2026-08-30,75,2970.93
DAM,2026-08-30,76,3500.33
DAM,2026-08-30,77,4370.53
DAM,2026-08-30,78,5000.85
DAM,2026-08-30,79,5170.33
DAM,2026-08-30,80,5138.38
DAM,2026-08-30,81,5138.97
DAM,2026-08-30,82,5138.62
DAM,2026-08-30,83,5450.97
DAM,2026-08-30,84,6000.5
DAM,2026-08-30,85,6520.88
DAM,2026-08-30,86,6999.13
DAM,2026-08-30,87,6999.0
DAM,2026-08-30,88,6200.4
DAM,2026-08-30,89,5999.83
DAM,2026-08-30,90,6200.84
DAM,2026-08-30,91,5500.94
DAM,2026-08-30,92,6999.48
DAM,2026-08-30,93,5000.27
DAM,2026-08-30,94,4850.6
DAM,2026-08-30,95,4000.16
DAM,2026-08-30,96,3856.26
DAM,2026-08-31,1,6999.46
DAM,2026-08-31,2,5509.64
DAM,2026-08-31,3,5450.03
DAM,2026-08-31,4,5500.98
DAM,2026-08-31,5,4500.0
DAM,2026-08-31,6,3856.7
DAM,2026-08-31,7,3743.86
DAM,2026-08-31,8,3743.28
DAM,2026-08-31,9,3189.66
DAM,2026-08-31,10,3050.32
DAM,2026-08-31,11,3325.8
DAM,2026-08-31,12,3630.86
DAM,2026-08-31,13,3499.24
DAM,2026-08-31,14,3070.85
DAM,2026-08-31,15,2999.84
DAM,2026-08-31,16,2999.51
DAM,2026-08-31,17,3070.46
DAM,2026-08-31,18,3000.42
DAM,2026-08-31,19,2999.91
DAM,2026-08-31,20,3311.92
DAM,2026-08-31,21,3856.71
DAM,2026-08-31,22,7000.52
DAM,2026-08-31,23,9990.77
DAM,2026-08-31,24,10000.0
DAM,2026-08-31,25,10000.0
DAM,2026-08-31,26,10000.0
DAM,2026-08-31,27,10000.0
DAM,2026-08-31,28,10000.0
DAM,2026-08-31,29,10000.0
DAM,2026-08-31,30,7749.55
DAM,2026-08-31,31,5540.73
DAM,2026-08-31,32,4592.31
DAM,2026-08-31,33,4028.54
DAM,2026-08-31,34,3980.82
DAM,2026-08-31,35,3539.48
DAM,2026-08-31,36,3499.11
DAM,2026-08-31,37,3398.09
DAM,2026-08-31,38,2845.94
DAM,2026-08-31,39,2433.77
DAM,2026-08-31,40,2046.86
DAM,2026-08-31,41,1936.39
DAM,2026-08-31,42,1894.9
DAM,2026-08-31,43,1850.88
DAM,2026-08-31,44,1850.33
DAM,2026-08-31,45,1850.12
DAM,2026-08-31,46,1820.78
DAM,2026-08-31,47,1768.71
DAM,2026-08-31,48,1779.11
DAM,2026-08-31,49,1699.89
DAM,2026-08-31,50,1699.54
DAM,2026-08-31,51,1694.85
DAM,2026-08-31,52,1605.53
DAM,2026-08-31,53,1563.44
DAM,2026-08-31,54,1699.2
DAM,2026-08-31,55,1750.52
DAM,2026-08-31,56,1826.58
DAM,2026-08-31,57,1850.21
DAM,2026-08-31,58,1850.96
DAM,2026-08-31,59,1905.48
DAM,2026-08-31,60,1966.71
DAM,2026-08-31,61,2250.32
DAM,2026-08-31,62,2519.56
DAM,2026-08-31,63,3160.88
DAM,2026-08-31,64,3398.28
DAM,2026-08-31,65,3561.52
DAM,2026-08-31,66,3614.78
DAM,2026-08-31,67,3743.44
DAM,2026-08-31,68,4020.21
DAM,2026-08-31,69,4000.94
DAM,2026-08-31,70,4020.67
DAM,2026-08-31,71,4167.45
DAM,2026-08-31,72,4167.89
DAM,2026-08-31,73,6700.85
DAM,2026-08-31,74,10000.0
DAM,2026-08-31,75,10000.0
DAM,2026-08-31,76,10000.0
DAM,2026-08-31,77,10000.0
DAM,2026-08-31,78,10000.0
DAM,2026-08-31,79,10000.0
DAM,2026-08-31,80,10000.0
DAM,2026-08-31,81,10000.0
DAM,2026-08-31,82,10000.0
DAM,2026-08-31,83,10000.0
DAM,2026-08-31,84,10000.0
DAM,2026-08-31,85,10000.0
DAM,2026-08-31,86,10000.0
DAM,2026-08-31,87,10000.0
DAM,2026-08-31,88,10000.0
DAM,2026-08-31,89,10000.0
DAM,2026-08-31,90,10000.0
DAM,2026-08-31,91,10000.0
DAM,2026-08-31,92,10000.0
DAM,2026-08-31,93,10000.0
DAM,2026-08-31,94,10000.0
DAM,2026-08-31,95,10000.0
DAM,2026-08-31,96,10000.0
DAM,2026-09-01,1,10000.0
DAM,2026-09-01,2,10000.0
DAM,2026-09-01,3,10000.0
DAM,2026-09-01,4,10000.0
DAM,2026-09-01,5,10000.0
DAM,2026-09-01,6,10000.0
DAM,2026-09-01,7,8000.48
DAM,2026-09-01,8,8000.08
DAM,2026-09-01,9,4400.66
DAM,2026-09-01,10,4169.01
DAM,2026-09-01,11,4203.77
DAM,2026-09-01,12,4499.52
DAM,2026-09-01,13,4060.51
DAM,2026-09-01,14,4000.19
DAM,2026-09-01,15,3995.05
DAM,2026-09-01,16,3899.43
DAM,2026-09-01,17,4000.45
DAM,2026-09-01,18,4169.67
DAM,2026-09-01,19,5000.22
DAM,2026-09-01,20,5431.86
DAM,2026-09-01,21,10000.0
DAM,2026-09-01,22,10000.0
DAM,2026-09-01,23,10000.0
DAM,2026-09-01,24,10000.0
DAM,2026-09-01,25,10000.0
DAM,2026-09-01,26,10000.0
DAM,2026-09-01,27,10000.0
DAM,2026-09-01,28,10000.0
DAM,2026-09-01,29,10000.0
DAM,2026-09-01,30,10000.0
DAM,2026-09-01,31,8363.83
DAM,2026-09-01,32,5909.7
DAM,2026-09-01,33,3438.77
DAM,2026-09-01,34,3320.48
DAM,2026-09-01,35,3249.55
DAM,2026-09-01,36,3000.21
DAM,2026-09-01,37,2760.43
DAM,2026-09-01,38,2560.74
DAM,2026-09-01,39,2159.13
DAM,2026-09-01,40,2000.59
DAM,2026-09-01,41,1860.11
DAM,2026-09-01,42,1706.39
DAM,2026-09-01,43,1619.21
DAM,2026-09-01,44,1699.18
DAM,2026-09-01,45,1699.37
DAM,2026-09-01,46,1619.75
DAM,2026-09-01,47,1301.3
DAM,2026-09-01,48,1299.65
DAM,2026-09-01,49,1217.45
DAM,2026-09-01,50,1235.38
DAM,2026-09-01,51,1220.62
DAM,2026-09-01,52,1175.47
DAM,2026-09-01,53,1111.9
DAM,2026-09-01,54,1111.97
DAM,2026-09-01,55,1263.08
DAM,2026-09-01,56,1367.72
DAM,2026-09-01,57,1499.92
DAM,2026-09-01,58,1563.86
DAM,2026-09-01,59,1860.01
DAM,2026-09-01,60,1860.75
DAM,2026-09-01,61,2000.89
DAM,2026-09-01,62,2159.41
DAM,2026-09-01,63,2449.87
DAM,2026-09-01,64,2682.1
DAM,2026-09-01,65,3231.85
DAM,2026-09-01,66,3411.02
DAM,2026-09-01,67,3599.18
DAM,2026-09-01,68,3856.89
DAM,2026-09-01,69,3997.61
DAM,2026-09-01,70,3997.65
DAM,2026-09-01,71,4167.82
DAM,2026-09-01,72,4499.66
DAM,2026-09-01,73,8250.17
DAM,2026-09-01,74,10000.0
DAM,2026-09-01,75,10000.0
DAM,2026-09-01,76,10000.0
DAM,2026-09-01,77,10000.0
DAM,2026-09-01,78,10000.0
DAM,2026-09-01,79,10000.0
DAM,2026-09-01,80,10000.0
DAM,2026-09-01,81,10000.0
DAM,2026-09-01,82,10000.0
DAM,2026-09-01,83,10000.0
DAM,2026-09-01,84,10000.0
DAM,2026-09-01,85,10000.0
DAM,2026-09-01,86,10000.0
DAM,2026-09-01,87,10000.0
DAM,2026-09-01,88,10000.0
DAM,2026-09-01,89,10000.0
DAM,2026-09-01,90,10000.0
DAM,2026-09-01,91,10000.0
DAM,2026-09-01,92,10000.0
DAM,2026-09-01,93,10000.0
DAM,2026-09-01,94,10000.0
DAM,2026-09-01,95,10000.0
DAM,2026-09-01,96,10000.0
DAM,2026-09-02,1,10000.0
DAM,2026-09-02,2,10000.0
DAM,2026-09-02,3,10000.0
DAM,2026-09-02,4,10000.0
DAM,2026-09-02,5,10000.0
DAM,2026-09-02,6,10000.0
DAM,2026-09-02,7,10000.0
DAM,2026-09-02,8,10000.0
DAM,2026-09-02,9,10000.0
DAM,2026-09-02,10,10000.0
DAM,2026-09-02,11,10000.0
DAM,2026-09-02,12,10000.0
DAM,2026-09-02,13,10000.0
DAM,2026-09-02,14,8500.16
DAM,2026-09-02,15,7500.99
DAM,2026-09-02,16,8149.25
DAM,2026-09-02,17,10000.0
DAM,2026-09-02,18,9990.85
DAM,2026-09-02,19,10000.0
DAM,2026-09-02,20,10000.0
DAM,2026-09-02,21,10000.0
DAM,2026-09-02,22,10000.0
DAM,2026-09-02,23,10000.0
DAM,2026-09-02,24,10000.0
DAM,2026-09-02,25,10000.0
DAM,2026-09-02,26,10000.0
DAM,2026-09-02,27,10000.0
DAM,2026-09-02,28,10000.0
DAM,2026-09-02,29,10000.0
DAM,2026-09-02,30,10000.0
DAM,2026-09-02,31,10000.0
DAM,2026-09-02,32,10000.0
DAM,2026-09-02,33,8735.27
DAM,2026-09-02,34,6500.15
DAM,2026-09-02,35,5059.94
DAM,2026-09-02,36,4300.36
DAM,2026-09-02,37,4020.36
DAM,2026-09-02,38,3741.17
DAM,2026-09-02,39,3500.45
DAM,2026-09-02,40,3200.87
DAM,2026-09-02,41,2520.26
DAM,2026-09-02,42,2450.35
DAM,2026-09-02,43,2169.27
DAM,2026-09-02,44,2089.69
DAM,2026-09-02,45,1966.4
DAM,2026-09-02,46,1960.64
DAM,2026-09-02,47,1960.7
DAM,2026-09-02,48,1960.98
DAM,2026-09-02,49,1960.46
DAM,2026-09-02,50,1960.99
DAM,2026-09-02,51,1892.44
DAM,2026-09-02,52,1901.78
DAM,2026-09-02,53,1799.52
DAM,2026-09-02,54,1799.85
DAM,2026-09-02,55,1870.15
DAM,2026-09-02,56,1960.03
DAM,2026-09-02,57,1960.95
DAM,2026-09-02,58,2145.24
DAM,2026-09-02,59,2170.89
DAM,2026-09-02,60,2279.01
DAM,2026-09-02,61,2520.43
DAM,2026-09-02,62,2707.86
DAM,2026-09-02,63,3045.31
DAM,2026-09-02,64,3561.62
DAM,2026-09-02,65,4020.46
DAM,2026-09-02,66,4320.6
DAM,2026-09-02,67,5083.97
DAM,2026-09-02,68,5250.46
DAM,2026-09-02,69,5612.62
DAM,2026-09-02,70,6000.87
DAM,2026-09-02,71,10000.0
DAM,2026-09-02,72,10000.0
DAM,2026-09-02,73,10000.0
DAM,2026-09-02,74,10000.0
DAM,2026-09-02,75,10000.0
DAM,2026-09-02,76,10000.0
DAM,2026-09-02,77,10000.0
DAM,2026-09-02,78,10000.0
DAM,2026-09-02,79,10000.0
DAM,2026-09-02,80,10000.0
DAM,2026-09-02,81,10000.0
DAM,2026-09-02,82,10000.0
DAM,2026-09-02,83,10000.0
DAM,2026-09-02,84,10000.0
DAM,2026-09-02,85,10000.0
DAM,2026-09-02,86,10000.0
DAM,2026-09-02,87,10000.0
DAM,2026-09-02,88,10000.0
DAM,2026-09-02,89,10000.0
DAM,2026-09-02,90,10000.0
DAM,2026-09-02,91,10000.0
DAM,2026-09-02,92,10000.0
DAM,2026-09-02,93,10000.0
DAM,2026-09-02,94,10000.0
DAM,2026-09-02,95,10000.0
DAM,2026-09-02,96,10000.0
DAM,2026-09-03,1,10000.0
DAM,2026-09-03,2,10000.0
DAM,2026-09-03,3,10000.0
DAM,2026-09-03,4,10000.0
DAM,2026-09-03,5,10000.0
DAM,2026-09-03,6,10000.0
DAM,2026-09-03,7,10000.0
DAM,2026-09-03,8,10000.0
DAM,2026-09-03,9,10000.0
DAM,2026-09-03,10,10000.0
DAM,2026-09-03,11,10000.0
DAM,2026-09-03,12,10000.0
DAM,2026-09-03,13,10000.0
DAM,2026-09-03,14,10000.0
DAM,2026-09-03,15,10000.0
DAM,2026-09-03,16,10000.0
DAM,2026-09-03,17,10000.0
DAM,2026-09-03,18,10000.0
DAM,2026-09-03,19,10000.0
DAM,2026-09-03,20,10000.0
DAM,2026-09-03,21,10000.0
DAM,2026-09-03,22,10000.0
DAM,2026-09-03,23,10000.0
DAM,2026-09-03,24,10000.0
DAM,2026-09-03,25,10000.0
DAM,2026-09-03,26,10000.0
DAM,2026-09-03,27,10000.0
DAM,2026-09-03,28,10000.0
DAM,2026-09-03,29,10000.0
DAM,2026-09-03,30,10000.0
DAM,2026-09-03,31,10000.0
DAM,2026-09-03,32,10000.0
DAM,2026-09-03,33,10000.0
DAM,2026-09-03,34,8000.91
DAM,2026-09-03,35,6902.04
DAM,2026-09-03,36,4913.49
DAM,2026-09-03,37,4118.24
DAM,2026-09-03,38,3711.68
DAM,2026-09-03,39,3289.33
DAM,2026-09-03,40,3067.04
DAM,2026-09-03,41,2514.21
DAM,2026-09-03,42,2279.31
DAM,2026-09-03,43,2230.7
DAM,2026-09-03,44,2199.19
DAM,2026-09-03,45,2163.78
DAM,2026-09-03,46,2159.01
DAM,2026-09-03,47,2100.54
DAM,2026-09-03,48,2074.61
DAM,2026-09-03,49,1990.92
DAM,2026-09-03,50,1966.94
DAM,2026-09-03,51,1960.27
DAM,2026-09-03,52,1940.71
DAM,2026-09-03,53,1870.07
DAM,2026-09-03,54,1884.78
DAM,2026-09-03,55,1960.29
DAM,2026-09-03,56,1966.68
DAM,2026-09-03,57,2157.52
DAM,2026-09-03,58,2199.99
DAM,2026-09-03,59,2545.31
DAM,2026-09-03,60,2709.04
DAM,2026-09-03,61,3257.25
DAM,2026-09-03,62,3474.85
DAM,2026-09-03,63,3499.99
DAM,2026-09-03,64,3614.21
DAM,2026-09-03,65,4116.14
DAM,2026-09-03,66,4363.51
DAM,2026-09-03,67,5483.65
DAM,2026-09-03,68,5570.78
DAM,2026-09-03,69,10000.0
DAM,2026-09-03,70,10000.0
DAM,2026-09-03,71,10000.0
DAM,2026-09-03,72,10000.0
DAM,2026-09-03,73,10000.0
DAM,2026-09-03,74,10000.0
DAM,2026-09-03,75,10000.0
DAM,2026-09-03,76,10000.0
DAM,2026-09-03,77,10000.0
DAM,2026-09-03,78,10000.0
DAM,2026-09-03,79,10000.0
DAM,2026-09-03,80,10000.0
DAM,2026-09-03,81,10000.0
DAM,2026-09-03,82,10000.0
DAM,2026-09-03,83,10000.0
DAM,2026-09-03,84,10000.0
DAM,2026-09-03,85,10000.0
DAM,2026-09-03,86,10000.0
DAM,2026-09-03,87,10000.0
DAM,2026-09-03,88,10000.0
DAM,2026-09-03,89,10000.0
DAM,2026-09-03,90,10000.0
DAM,2026-09-03,91,10000.0
DAM,2026-09-03,92,10000.0
DAM,2026-09-03,93,10000.0
DAM,2026-09-03,94,10000.0
DAM,2026-09-03,95,10000.0
DAM,2026-09-03,96,10000.0
DAM,2026-09-04,1,10000.0
DAM,2026-09-04,2,10000.0
DAM,2026-09-04,3,10000.0
DAM,2026-09-04,4,10000.0
DAM,2026-09-04,5,10000.0
DAM,2026-09-04,6,10000.0
DAM,2026-09-04,7,10000.0
DAM,2026-09-04,8,10000.0
DAM,2026-09-04,9,10000.0
DAM,2026-09-04,10,10000.0
DAM,2026-09-04,11,10000.0
DAM,2026-09-04,12,10000.0
DAM,2026-09-04,13,10000.0
DAM,2026-09-04,14,10000.0
DAM,2026-09-04,15,10000.0
DAM,2026-09-04,16,10000.0
DAM,2026-09-04,17,10000.0
DAM,2026-09-04,18,10000.0
DAM,2026-09-04,19,10000.0
DAM,2026-09-04,20,10000.0
DAM,2026-09-04,21,10000.0
DAM,2026-09-04,22,10000.0
DAM,2026-09-04,23,10000.0
DAM,2026-09-04,24,10000.0
DAM,2026-09-04,25,10000.0
DAM,2026-09-04,26,10000.0
DAM,2026-09-04,27,10000.0
DAM,2026-09-04,28,10000.0
DAM,2026-09-04,29,10000.0
DAM,2026-09-04,30,10000.0
DAM,2026-09-04,31,10000.0
DAM,2026-09-04,32,10000.0
DAM,2026-09-04,33,10000.0
DAM,2026-09-04,34,10000.0
DAM,2026-09-04,35,4363.84
DAM,2026-09-04,36,4012.12
DAM,2026-09-04,37,3311.22
DAM,2026-09-04,38,2999.63
DAM,2026-09-04,39,2670.35
DAM,2026-09-04,40,2660.53
DAM,2026-09-04,41,2449.38
DAM,2026-09-04,42,2279.34
DAM,2026-09-04,43,2093.41
DAM,2026-09-04,44,2093.78
DAM,2026-09-04,45,1966.48
DAM,2026-09-04,46,1966.36
DAM,2026-09-04,47,1966.44
DAM,2026-09-04,48,1960.94
DAM,2026-09-04,49,1916.36
DAM,2026-09-04,50,1897.46
DAM,2026-09-04,51,1700.78
DAM,2026-09-04,52,1700.6
DAM,2026-09-04,53,1700.02
DAM,2026-09-04,54,1699.98
DAM,2026-09-04,55,1700.23
DAM,2026-09-04,56,1700.39
DAM,2026-09-04,57,1750.52
DAM,2026-09-04,58,1960.2
DAM,2026-09-04,59,2158.99
DAM,2026-09-04,60,2341.0
DAM,2026-09-04,61,2670.77
DAM,2026-09-04,62,2870.68
DAM,2026-09-04,63,3160.41
DAM,2026-09-04,64,3301.07
DAM,2026-09-04,65,3499.43
DAM,2026-09-04,66,3973.85
DAM,2026-09-04,67,4020.23
DAM,2026-09-04,68,4167.08
DAM,2026-09-04,69,6500.54
DAM,2026-09-04,70,9999.08
DAM,2026-09-04,71,10000.0
DAM,2026-09-04,72,10000.0
DAM,2026-09-04,73,10000.0
DAM,2026-09-04,74,10000.0
DAM,2026-09-04,75,10000.0
DAM,2026-09-04,76,10000.0
DAM,2026-09-04,77,10000.0
DAM,2026-09-04,78,10000.0
DAM,2026-09-04,79,10000.0
DAM,2026-09-04,80,10000.0
DAM,2026-09-04,81,10000.0
DAM,2026-09-04,82,10000.0
DAM,2026-09-04,83,10000.0
DAM,2026-09-04,84,10000.0
DAM,2026-09-04,85,10000.0
DAM,2026-09-04,86,10000.0
DAM,2026-09-04,87,10000.0
DAM,2026-09-04,88,10000.0
DAM,2026-09-04,89,10000.0
DAM,2026-09-04,90,10000.0
DAM,2026-09-04,91,10000.0
DAM,2026-09-04,92,10000.0
DAM,2026-09-04,93,10000.0
DAM,2026-09-04,94,10000.0
DAM,2026-09-04,95,10000.0
DAM,2026-09-04,96,10000.0
DAM,2026-09-05,1,10000.0
DAM,2026-09-05,2,10000.0
DAM,2026-09-05,3,10000.0
DAM,2026-09-05,4,10000.0
DAM,2026-09-05,5,10000.0
DAM,2026-09-05,6,10000.0
DAM,2026-09-05,7,10000.0
DAM,2026-09-05,8,10000.0
DAM,2026-09-05,9,10000.0
DAM,2026-09-05,10,10000.0
DAM,2026-09-05,11,10000.0
DAM,2026-09-05,12,10000.0
DAM,2026-09-05,13,10000.0
DAM,2026-09-05,14,10000.0
DAM,2026-09-05,15,10000.0
DAM,2026-09-05,16,10000.0
DAM,2026-09-05,17,10000.0
DAM,2026-09-05,18,10000.0
DAM,2026-09-05,19,10000.0
DAM,2026-09-05,20,10000.0
DAM,2026-09-05,21,10000.0
DAM,2026-09-05,22,10000.0
DAM,2026-09-05,23,10000.0
DAM,2026-09-05,24,10000.0
DAM,2026-09-05,25,10000.0
DAM,2026-09-05,26,10000.0
DAM,2026-09-05,27,10000.0
DAM,2026-09-05,28,10000.0
DAM,2026-09-05,29,10000.0
DAM,2026-09-05,30,10000.0
DAM,2026-09-05,31,10000.0
DAM,2026-09-05,32,10000.0
DAM,2026-09-05,33,10000.0
DAM,2026-09-05,34,10000.0
DAM,2026-09-05,35,10000.0
DAM,2026-09-05,36,10000.0
DAM,2026-09-05,37,5570.61
DAM,2026-09-05,38,5400.26
DAM,2026-09-05,39,3987.67
DAM,2026-09-05,40,3966.21
DAM,2026-09-05,41,3528.36
DAM,2026-09-05,42,3407.69
DAM,2026-09-05,43,3369.87
DAM,2026-09-05,44,3295.65
DAM,2026-09-05,45,3050.35
DAM,2026-09-05,46,2999.28
DAM,2026-09-05,47,2899.69
DAM,2026-09-05,48,2849.69
DAM,2026-09-05,49,2744.17
DAM,2026-09-05,50,2712.75
DAM,2026-09-05,51,2706.54
DAM,2026-09-05,52,2728.08
DAM,2026-09-05,53,2722.58
DAM,2026-09-05,54,2747.28
DAM,2026-09-05,55,2849.63
DAM,2026-09-05,56,2899.55
DAM,2026-09-05,57,3250.78
DAM,2026-09-05,58,3329.0
DAM,2026-09-05,59,3465.64
DAM,2026-09-05,60,3545.05
DAM,2026-09-05,61,3966.18
DAM,2026-09-05,62,4000.09
DAM,2026-09-05,63,4938.24
DAM,2026-09-05,64,5511.63
DAM,2026-09-05,65,9992.24
DAM,2026-09-05,66,9993.77
DAM,2026-09-05,67,10000.0
DAM,2026-09-05,68,10000.0
DAM,2026-09-05,69,10000.0
DAM,2026-09-05,70,10000.0
DAM,2026-09-05,71,10000.0
DAM,2026-09-05,72,10000.0
DAM,2026-09-05,73,10000.0
DAM,2026-09-05,74,10000.0
DAM,2026-09-05,75,10000.0
DAM,2026-09-05,76,10000.0
DAM,2026-09-05,77,10000.0
DAM,2026-09-05,78,10000.0
DAM,2026-09-05,79,10000.0
DAM,2026-09-05,80,10000.0
DAM,2026-09-05,81,10000.0
DAM,2026-09-05,82,10000.0
DAM,2026-09-05,83,10000.0
DAM,2026-09-05,84,10000.0
DAM,2026-09-05,85,10000.0
DAM,2026-09-05,86,10000.0
DAM,2026-09-05,87,10000.0
DAM,2026-09-05,88,10000.0
DAM,2026-09-05,89,10000.0
DAM,2026-09-05,90,10000.0
DAM,2026-09-05,91,10000.0
DAM,2026-09-05,92,10000.0
DAM,2026-09-05,93,10000.0
DAM,2026-09-05,94,10000.0
DAM,2026-09-05,95,10000.0
DAM,2026-09-05,96,10000.0
DAM,2026-09-06,1,10000.0
DAM,2026-09-06,2,10000.0
DAM,2026-09-06,3,10000.0
DAM,2026-09-06,4,10000.0
DAM,2026-09-06,5,10000.0
DAM,2026-09-06,6,10000.0
DAM,2026-09-06,7,10000.0
DAM,2026-09-06,8,10000.0
DAM,2026-09-06,9,10000.0
DAM,2026-09-06,10,10000.0
DAM,2026-09-06,11,10000.0
DAM,2026-09-06,12,10000.0
DAM,2026-09-06,13,10000.0
DAM,2026-09-06,14,10000.0
DAM,2026-09-06,15,10000.0
DAM,2026-09-06,16,10000.0
DAM,2026-09-06,17,10000.0
DAM,2026-09-06,18,10000.0
DAM,2026-09-06,19,10000.0
DAM,2026-09-06,20,10000.0
DAM,2026-09-06,21,10000.0
DAM,2026-09-06,22,10000.0
DAM,2026-09-06,23,10000.0
DAM,2026-09-06,24,10000.0
DAM,2026-09-06,25,10000.0
DAM,2026-09-06,26,10000.0
DAM,2026-09-06,27,10000.0
DAM,2026-09-06,28,10000.0
DAM,2026-09-06,29,10000.0
DAM,2026-09-06,30,10000.0
DAM,2026-09-06,31,10000.0
DAM,2026-09-06,32,10000.0
DAM,2026-09-06,33,10000.0
DAM,2026-09-06,34,6072.14
DAM,2026-09-06,35,5820.81
DAM,2026-09-06,36,4913.23
DAM,2026-09-06,37,3850.73
DAM,2026-09-06,38,3545.04
DAM,2026-09-06,39,3200.15
DAM,2026-09-06,40,2802.32
DAM,2026-09-06,41,2639.28
DAM,2026-09-06,42,2131.96
DAM,2026-09-06,43,2170.59
DAM,2026-09-06,44,2163.26
DAM,2026-09-06,45,2100.76
DAM,2026-09-06,46,2100.0
DAM,2026-09-06,47,2000.43
DAM,2026-09-06,48,1966.38
DAM,2026-09-06,49,1960.56
DAM,2026-09-06,50,1960.33
DAM,2026-09-06,51,1935.72
DAM,2026-09-06,52,1904.16
DAM,2026-09-06,53,1859.88
DAM,2026-09-06,54,1870.7
DAM,2026-09-06,55,1906.27
DAM,2026-09-06,56,1966.21
DAM,2026-09-06,57,2100.83
DAM,2026-09-06,58,2370.47
DAM,2026-09-06,59,2479.81
DAM,2026-09-06,60,2660.08
DAM,2026-09-06,61,2862.31
DAM,2026-09-06,62,3001.78
DAM,2026-09-06,63,3385.3
DAM,2026-09-06,64,3499.96
DAM,2026-09-06,65,3746.88
DAM,2026-09-06,66,5511.55
DAM,2026-09-06,67,10000.0
DAM,2026-09-06,68,10000.0
DAM,2026-09-06,69,10000.0
DAM,2026-09-06,70,10000.0
DAM,2026-09-06,71,10000.0
DAM,2026-09-06,72,10000.0
DAM,2026-09-06,73,10000.0
DAM,2026-09-06,74,10000.0
DAM,2026-09-06,75,10000.0
DAM,2026-09-06,76,10000.0
DAM,2026-09-06,77,10000.0
DAM,2026-09-06,78,10000.0
DAM,2026-09-06,79,10000.0
DAM,2026-09-06,80,10000.0
DAM,2026-09-06,81,10000.0
DAM,2026-09-06,82,10000.0
DAM,2026-09-06,83,10000.0
DAM,2026-09-06,84,10000.0
DAM,2026-09-06,85,10000.0
DAM,2026-09-06,86,10000.0
DAM,2026-09-06,87,10000.0
DAM,2026-09-06,88,10000.0
DAM,2026-09-06,89,10000.0
DAM,2026-09-06,90,10000.0
DAM,2026-09-06,91,10000.0
DAM,2026-09-06,92,10000.0
DAM,2026-09-06,93,10000.0
DAM,2026-09-06,94,10000.0
DAM,2026-09-06,95,10000.0
DAM,2026-09-06,96,10000.0
DAM,2026-09-07,1,10000.0
DAM,2026-09-07,2,10000.0
DAM,2026-09-07,3,10000.0
DAM,2026-09-07,4,10000.0
DAM,2026-09-07,5,10000.0
DAM,2026-09-07,6,10000.0
DAM,2026-09-07,7,10000.0
DAM,2026-09-07,8,10000.0
DAM,2026-09-07,9,10000.0
DAM,2026-09-07,10,10000.0
DAM,2026-09-07,11,10000.0
DAM,2026-09-07,12,10000.0
DAM,2026-09-07,13,10000.0
DAM,2026-09-07,14,10000.0
DAM,2026-09-07,15,10000.0
DAM,2026-09-07,16,10000.0
DAM,2026-09-07,17,10000.0
DAM,2026-09-07,18,10000.0
DAM,2026-09-07,19,10000.0
DAM,2026-09-07,20,10000.0
DAM,2026-09-07,21,10000.0
DAM,2026-09-07,22,10000.0
DAM,2026-09-07,23,10000.0
DAM,2026-09-07,24,10000.0
DAM,2026-09-07,25,10000.0
DAM,2026-09-07,26,10000.0
DAM,2026-09-07,27,10000.0
DAM,2026-09-07,28,10000.0
DAM,2026-09-07,29,10000.0
DAM,2026-09-07,30,10000.0
DAM,2026-09-07,31,10000.0
DAM,2026-09-07,32,10000.0
DAM,2026-09-07,33,10000.0
DAM,2026-09-07,34,10000.0
DAM,2026-09-07,35,10000.0
DAM,2026-09-07,36,10000.0
DAM,2026-09-07,37,9990.75
DAM,2026-09-07,38,5290.11
DAM,2026-09-07,39,3979.14
DAM,2026-09-07,40,3570.44
DAM,2026-09-07,41,3545.42
DAM,2026-09-07,42,3545.41
DAM,2026-09-07,43,3484.4
DAM,2026-09-07,44,3421.0
DAM,2026-09-07,45,3001.65
DAM,2026-09-07,46,2999.31
DAM,2026-09-07,47,2999.08
DAM,2026-09-07,48,2991.86
DAM,2026-09-07,49,2740.51
DAM,2026-09-07,50,2680.5
DAM,2026-09-07,51,2660.32
DAM,2026-09-07,52,2639.82
DAM,2026-09-07,53,2325.87
DAM,2026-09-07,54,2512.69
DAM,2026-09-07,55,2710.03
DAM,2026-09-07,56,2780.12
DAM,2026-09-07,57,3199.54
DAM,2026-09-07,58,3201.43
DAM,2026-09-07,59,3446.24
DAM,2026-09-07,60,3545.01
DAM,2026-09-07,61,3856.78
DAM,2026-09-07,62,4091.2
DAM,2026-09-07,63,5499.76
DAM,2026-09-07,64,6000.36
DAM,2026-09-07,65,10000.0
DAM,2026-09-07,66,10000.0
DAM,2026-09-07,67,10000.0
DAM,2026-09-07,68,10000.0
DAM,2026-09-07,69,10000.0
DAM,2026-09-07,70,10000.0
DAM,2026-09-07,71,10000.0
DAM,2026-09-07,72,10000.0
DAM,2026-09-07,73,10000.0
DAM,2026-09-07,74,10000.0
DAM,2026-09-07,75,10000.0
DAM,2026-09-07,76,10000.0
DAM,2026-09-07,77,10000.0
DAM,2026-09-07,78,10000.0
DAM,2026-09-07,79,10000.0
DAM,2026-09-07,80,10000.0
DAM,2026-09-07,81,10000.0
DAM,2026-09-07,82,10000.0
DAM,2026-09-07,83,10000.0
DAM,2026-09-07,84,10000.0
DAM,2026-09-07,85,10000.0
DAM,2026-09-07,86,10000.0
DAM,2026-09-07,87,10000.0
DAM,2026-09-07,88,10000.0
DAM,2026-09-07,89,10000.0
DAM,2026-09-07,90,10000.0
DAM,2026-09-07,91,10000.0
DAM,2026-09-07,92,10000.0
DAM,2026-09-07,93,10000.0
DAM,2026-09-07,94,10000.0
DAM,2026-09-07,95,10000.0
DAM,2026-09-07,96,10000.0
DAM,2026-09-08,1,10000.0
DAM,2026-09-08,2,10000.0
DAM,2026-09-08,3,10000.0
DAM,2026-09-08,4,10000.0
DAM,2026-09-08,5,10000.0
DAM,2026-09-08,6,10000.0
DAM,2026-09-08,7,10000.0
DAM,2026-09-08,8,10000.0
DAM,2026-09-08,9,10000.0
DAM,2026-09-08,10,10000.0
DAM,2026-09-08,11,10000.0
DAM,2026-09-08,12,10000.0
DAM,2026-09-08,13,10000.0
DAM,2026-09-08,14,10000.0
DAM,2026-09-08,15,10000.0
DAM,2026-09-08,16,10000.0
DAM,2026-09-08,17,10000.0
DAM,2026-09-08,18,10000.0
DAM,2026-09-08,19,10000.0
DAM,2026-09-08,20,10000.0
DAM,2026-09-08,21,10000.0
DAM,2026-09-08,22,10000.0
DAM,2026-09-08,23,10000.0
DAM,2026-09-08,24,10000.0
DAM,2026-09-08,25,10000.0
DAM,2026-09-08,26,10000.0
DAM,2026-09-08,27,10000.0
DAM,2026-09-08,28,10000.0
DAM,2026-09-08,29,10000.0
DAM,2026-09-08,30,10000.0
DAM,2026-09-08,31,10000.0
DAM,2026-09-08,32,10000.0
DAM,2026-09-08,33,10000.0
DAM,2026-09-08,34,9999.4
DAM,2026-09-08,35,9999.06
DAM,2026-09-08,36,3979.57
DAM,2026-09-08,37,3979.92
DAM,2026-09-08,38,3746.27
DAM,2026-09-08,39,3528.16
DAM,2026-09-08,40,3100.18
DAM,2026-09-08,41,2900.96
DAM,2026-09-08,42,2760.31
DAM,2026-09-08,43,2760.44
DAM,2026-09-08,44,2813.79
DAM,2026-09-08,45,2780.14
DAM,2026-09-08,46,2740.55
DAM,2026-09-08,47,2660.82
DAM,2026-09-08,48,2660.22
DAM,2026-09-08,49,2428.29
DAM,2026-09-08,50,2370.15
DAM,2026-09-08,51,2245.47
DAM,2026-09-08,52,2110.21
DAM,2026-09-08,53,2016.78
DAM,2026-09-08,54,2022.59
DAM,2026-09-08,55,2130.07
DAM,2026-09-08,56,2170.52
DAM,2026-09-08,57,2570.88
DAM,2026-09-08,58,2737.52
DAM,2026-09-08,59,2740.42
DAM,2026-09-08,60,3200.9
DAM,2026-09-08,61,3510.44
DAM,2026-09-08,62,3579.59
DAM,2026-09-08,63,4050.29
DAM,2026-09-08,64,4301.08
DAM,2026-09-08,65,9499.86
DAM,2026-09-08,66,10000.0
DAM,2026-09-08,67,10000.0
DAM,2026-09-08,68,10000.0
DAM,2026-09-08,69,10000.0
DAM,2026-09-08,70,10000.0
DAM,2026-09-08,71,10000.0
DAM,2026-09-08,72,10000.0
DAM,2026-09-08,73,10000.0
DAM,2026-09-08,74,10000.0
DAM,2026-09-08,75,10000.0
DAM,2026-09-08,76,10000.0
DAM,2026-09-08,77,10000.0
DAM,2026-09-08,78,10000.0
DAM,2026-09-08,79,10000.0
DAM,2026-09-08,80,10000.0
DAM,2026-09-08,81,10000.0
DAM,2026-09-08,82,10000.0
DAM,2026-09-08,83,10000.0
DAM,2026-09-08,84,10000.0
DAM,2026-09-08,85,10000.0
DAM,2026-09-08,86,10000.0
DAM,2026-09-08,87,10000.0
DAM,2026-09-08,88,10000.0
DAM,2026-09-08,89,10000.0
DAM,2026-09-08,90,10000.0
DAM,2026-09-08,91,10000.0
DAM,2026-09-08,92,10000.0
DAM,2026-09-08,93,10000.0
DAM,2026-09-08,94,10000.0
DAM,2026-09-08,95,10000.0
DAM,2026-09-08,96,10000.0
DAM,2026-09-09,1,10000.0
DAM,2026-09-09,2,10000.0
DAM,2026-09-09,3,10000.0
DAM,2026-09-09,4,10000.0
DAM,2026-09-09,5,10000.0
DAM,2026-09-09,6,10000.0
DAM,2026-09-09,7,10000.0
DAM,2026-09-09,8,10000.0
DAM,2026-09-09,9,10000.0
DAM,2026-09-09,10,10000.0
DAM,2026-09-09,11,10000.0
DAM,2026-09-09,12,10000.0
DAM,2026-09-09,13,10000.0
DAM,2026-09-09,14,10000.0
DAM,2026-09-09,15,10000.0
DAM,2026-09-09,16,10000.0
DAM,2026-09-09,17,10000.0
DAM,2026-09-09,18,10000.0
DAM,2026-09-09,19,10000.0
DAM,2026-09-09,20,10000.0
DAM,2026-09-09,21,10000.0
DAM,2026-09-09,22,10000.0
DAM,2026-09-09,23,10000.0
DAM,2026-09-09,24,10000.0
DAM,2026-09-09,25,10000.0
DAM,2026-09-09,26,10000.0
DAM,2026-09-09,27,10000.0
DAM,2026-09-09,28,10000.0
DAM,2026-09-09,29,10000.0
DAM,2026-09-09,30,10000.0
DAM,2026-09-09,31,10000.0
DAM,2026-09-09,32,10000.0
DAM,2026-09-09,33,10000.0
DAM,2026-09-09,34,10000.0
DAM,2026-09-09,35,9001.36
DAM,2026-09-09,36,7841.65
DAM,2026-09-09,37,5000.72
DAM,2026-09-09,38,3788.44
DAM,2026-09-09,39,3499.76
DAM,2026-09-09,40,3299.19
DAM,2026-09-09,41,2620.61
DAM,2026-09-09,42,2250.74
DAM,2026-09-09,43,2170.73
DAM,2026-09-09,44,2600.82
DAM,2026-09-09,45,2440.91
DAM,2026-09-09,46,2190.11
DAM,2026-09-09,47,2170.47
DAM,2026-09-09,48,2168.39
DAM,2026-09-09,49,2167.88
DAM,2026-09-09,50,2162.95
DAM,2026-09-09,51,2162.06
DAM,2026-09-09,52,2093.15
DAM,2026-09-09,53,1999.18
DAM,2026-09-09,54,1999.36
DAM,2026-09-09,55,2093.58
DAM,2026-09-09,56,2169.76
DAM,2026-09-09,57,2611.01
DAM,2026-09-09,58,2850.04
DAM,2026-09-09,59,2988.01
DAM,2026-09-09,60,3087.57
DAM,2026-09-09,61,3710.66
DAM,2026-09-09,62,4003.34
DAM,2026-09-09,63,5500.41
DAM,2026-09-09,64,6000.35
DAM,2026-09-09,65,10000.0
DAM,2026-09-09,66,10000.0
DAM,2026-09-09,67,10000.0
DAM,2026-09-09,68,10000.0
DAM,2026-09-09,69,10000.0
DAM,2026-09-09,70,10000.0
DAM,2026-09-09,71,10000.0
DAM,2026-09-09,72,10000.0
DAM,2026-09-09,73,10000.0
DAM,2026-09-09,74,10000.0
DAM,2026-09-09,75,10000.0
DAM,2026-09-09,76,10000.0
DAM,2026-09-09,77,10000.0
DAM,2026-09-09,78,10000.0
DAM,2026-09-09,79,10000.0
DAM,2026-09-09,80,10000.0
DAM,2026-09-09,81,10000.0
DAM,2026-09-09,82,10000.0
DAM,2026-09-09,83,10000.0
DAM,2026-09-09,84,10000.0
DAM,2026-09-09,85,10000.0
DAM,2026-09-09,86,10000.0
DAM,2026-09-09,87,10000.0
DAM,2026-09-09,88,10000.0
DAM,2026-09-09,89,10000.0
DAM,2026-09-09,90,10000.0
DAM,2026-09-09,91,10000.0
DAM,2026-09-09,92,10000.0
DAM,2026-09-09,93,10000.0
DAM,2026-09-09,94,10000.0
DAM,2026-09-09,95,10000.0
DAM,2026-09-09,96,10000.0
DAM,2026-09-10,1,10000.0
DAM,2026-09-10,2,10000.0
DAM,2026-09-10,3,10000.0
DAM,2026-09-10,4,10000.0
DAM,2026-09-10,5,10000.0
DAM,2026-09-10,6,10000.0
DAM,2026-09-10,7,10000.0
DAM,2026-09-10,8,10000.0
DAM,2026-09-10,9,10000.0
DAM,2026-09-10,10,10000.0
DAM,2026-09-10,11,10000.0
DAM,2026-09-10,12,10000.0
DAM,2026-09-10,13,10000.0
DAM,2026-09-10,14,10000.0
DAM,2026-09-10,15,10000.0
DAM,2026-09-10,16,10000.0
DAM,2026-09-10,17,10000.0
DAM,2026-09-10,18,10000.0
DAM,2026-09-10,19,10000.0
DAM,2026-09-10,20,10000.0
DAM,2026-09-10,21,10000.0
DAM,2026-09-10,22,10000.0
DAM,2026-09-10,23,10000.0
DAM,2026-09-10,24,10000.0
DAM,2026-09-10,25,10000.0
DAM,2026-09-10,26,10000.0
DAM,2026-09-10,27,10000.0
DAM,2026-09-10,28,10000.0
DAM,2026-09-10,29,10000.0
DAM,2026-09-10,30,10000.0
DAM,2026-09-10,31,10000.0
DAM,2026-09-10,32,10000.0
DAM,2026-09-10,33,10000.0
DAM,2026-09-10,34,10000.0
DAM,2026-09-10,35,10000.0
DAM,2026-09-10,36,10000.0
DAM,2026-09-10,37,5820.13
DAM,2026-09-10,38,4091.93
DAM,2026-09-10,39,3743.45
DAM,2026-09-10,40,3440.82
DAM,2026-09-10,41,3462.58
DAM,2026-09-10,42,3440.14
DAM,2026-09-10,43,3392.64
DAM,2026-09-10,44,3199.91
DAM,2026-09-10,45,2999.26
DAM,2026-09-10,46,2980.09
DAM,2026-09-10,47,2780.8
DAM,2026-09-10,48,2760.43
DAM,2026-09-10,49,2660.61
DAM,2026-09-10,50,2660.47
DAM,2026-09-10,51,2660.4
DAM,2026-09-10,52,2660.31
DAM,2026-09-10,53,2611.57
DAM,2026-09-10,54,2611.99
DAM,2026-09-10,55,2687.63
DAM,2026-09-10,56,2850.41
DAM,2026-09-10,57,3049.12
DAM,2026-09-10,58,3301.58
DAM,2026-09-10,59,3490.85
DAM,2026-09-10,60,3710.5
DAM,2026-09-10,61,4091.32
DAM,2026-09-10,62,5499.47
DAM,2026-09-10,63,7500.68
DAM,2026-09-10,64,10000.0
DAM,2026-09-10,65,10000.0
DAM,2026-09-10,66,10000.0
DAM,2026-09-10,67,10000.0
DAM,2026-09-10,68,10000.0
DAM,2026-09-10,69,10000.0
DAM,2026-09-10,70,10000.0
DAM,2026-09-10,71,10000.0
DAM,2026-09-10,72,10000.0
DAM,2026-09-10,73,10000.0
DAM,2026-09-10,74,10000.0
DAM,2026-09-10,75,10000.0
DAM,2026-09-10,76,10000.0
DAM,2026-09-10,77,10000.0
DAM,2026-09-10,78,10000.0
DAM,2026-09-10,79,10000.0
DAM,2026-09-10,80,10000.0
DAM,2026-09-10,81,10000.0
DAM,2026-09-10,82,10000.0
DAM,2026-09-10,83,10000.0
DAM,2026-09-10,84,10000.0
DAM,2026-09-10,85,10000.0
DAM,2026-09-10,86,10000.0
DAM,2026-09-10,87,10000.0
DAM,2026-09-10,88,10000.0
DAM,2026-09-10,89,10000.0
DAM,2026-09-10,90,10000.0
DAM,2026-09-10,91,10000.0
DAM,2026-09-10,92,10000.0
DAM,2026-09-10,93,10000.0
DAM,2026-09-10,94,10000.0
DAM,2026-09-10,95,10000.0
DAM,2026-09-10,96,10000.0
DAM,2026-09-11,1,10000.0
DAM,2026-09-11,2,10000.0
DAM,2026-09-11,3,10000.0
DAM,2026-09-11,4,10000.0
DAM,2026-09-11,5,10000.0
DAM,2026-09-11,6,10000.0
DAM,2026-09-11,7,10000.0
DAM,2026-09-11,8,10000.0
DAM,2026-09-11,9,10000.0
DAM,2026-09-11,10,10000.0
DAM,2026-09-11,11,10000.0
DAM,2026-09-11,12,10000.0
DAM,2026-09-11,13,10000.0
DAM,2026-09-11,14,10000.0
DAM,2026-09-11,15,10000.0
DAM,2026-09-11,16,10000.0
DAM,2026-09-11,17,10000.0
DAM,2026-09-11,18,10000.0
DAM,2026-09-11,19,10000.0
DAM,2026-09-11,20,10000.0
DAM,2026-09-11,21,10000.0
DAM,2026-09-11,22,10000.0
DAM,2026-09-11,23,10000.0
DAM,2026-09-11,24,10000.0
DAM,2026-09-11,25,10000.0
DAM,2026-09-11,26,10000.0
DAM,2026-09-11,27,10000.0
DAM,2026-09-11,28,10000.0
DAM,2026-09-11,29,10000.0
DAM,2026-09-11,30,10000.0
DAM,2026-09-11,31,10000.0
DAM,2026-09-11,32,10000.0
DAM,2026-09-11,33,10000.0
DAM,2026-09-11,34,10000.0
DAM,2026-09-11,35,10000.0
DAM,2026-09-11,36,5820.01
DAM,2026-09-11,37,4900.58
DAM,2026-09-11,38,4103.51
DAM,2026-09-11,39,3743.39
DAM,2026-09-11,40,3603.09
DAM,2026-09-11,41,3647.52
DAM,2026-09-11,42,3546.77
DAM,2026-09-11,43,3545.42
DAM,2026-09-11,44,3500.49
DAM,2026-09-11,45,3500.6
DAM,2026-09-11,46,3465.97
DAM,2026-09-11,47,3465.54
DAM,2026-09-11,48,3458.71
DAM,2026-09-11,49,3206.91
DAM,2026-09-11,50,3200.76
DAM,2026-09-11,51,3240.13
DAM,2026-09-11,52,3199.71
DAM,2026-09-11,53,2989.44
DAM,2026-09-11,54,3001.99
DAM,2026-09-11,55,3130.61
DAM,2026-09-11,56,3300.46
DAM,2026-09-11,57,3528.26
DAM,2026-09-11,58,3560.42
DAM,2026-09-11,59,3823.7
DAM,2026-09-11,60,4000.33
DAM,2026-09-11,61,4750.24
DAM,2026-09-11,62,5511.94
DAM,2026-09-11,63,9000.01
DAM,2026-09-11,64,10000.0
DAM,2026-09-11,65,10000.0
DAM,2026-09-11,66,10000.0
DAM,2026-09-11,67,10000.0
DAM,2026-09-11,68,10000.0
DAM,2026-09-11,69,10000.0
DAM,2026-09-11,70,10000.0
DAM,2026-09-11,71,10000.0
DAM,2026-09-11,72,10000.0
DAM,2026-09-11,73,10000.0
DAM,2026-09-11,74,10000.0
DAM,2026-09-11,75,10000.0
DAM,2026-09-11,76,10000.0
DAM,2026-09-11,77,10000.0
DAM,2026-09-11,78,10000.0
DAM,2026-09-11,79,10000.0
DAM,2026-09-11,80,10000.0
DAM,2026-09-11,81,10000.0
DAM,2026-09-11,82,10000.0
DAM,2026-09-11,83,10000.0
DAM,2026-09-11,84,10000.0
DAM,2026-09-11,85,10000.0
DAM,2026-09-11,86,10000.0
DAM,2026-09-11,87,10000.0
DAM,2026-09-11,88,10000.0
DAM,2026-09-11,89,10000.0
DAM,2026-09-11,90,10000.0
DAM,2026-09-11,91,10000.0
DAM,2026-09-11,92,10000.0
DAM,2026-09-11,93,10000.0
DAM,2026-09-11,94,10000.0
DAM,2026-09-11,95,10000.0
DAM,2026-09-11,96,10000.0
DAM,2026-09-12,1,10000.0
DAM,2026-09-12,2,10000.0
DAM,2026-09-12,3,10000.0
DAM,2026-09-12,4,10000.0
DAM,2026-09-12,5,10000.0
DAM,2026-09-12,6,10000.0
DAM,2026-09-12,7,10000.0
DAM,2026-09-12,8,10000.0
DAM,2026-09-12,9,10000.0
DAM,2026-09-12,10,10000.0
DAM,2026-09-12,11,10000.0
DAM,2026-09-12,12,10000.0
DAM,2026-09-12,13,10000.0
DAM,2026-09-12,14,10000.0
DAM,2026-09-12,15,10000.0
DAM,2026-09-12,16,10000.0
DAM,2026-09-12,17,10000.0
DAM,2026-09-12,18,10000.0
DAM,2026-09-12,19,10000.0
DAM,2026-09-12,20,10000.0
DAM,2026-09-12,21,10000.0
DAM,2026-09-12,22,10000.0
DAM,2026-09-12,23,10000.0
DAM,2026-09-12,24,10000.0
DAM,2026-09-12,25,10000.0
DAM,2026-09-12,26,10000.0
DAM,2026-09-12,27,10000.0
DAM,2026-09-12,28,10000.0
DAM,2026-09-12,29,10000.0
DAM,2026-09-12,30,10000.0
DAM,2026-09-12,31,10000.0
DAM,2026-09-12,32,10000.0
DAM,2026-09-12,33,10000.0
DAM,2026-09-12,34,10000.0
DAM,2026-09-12,35,10000.0
DAM,2026-09-12,36,10000.0
DAM,2026-09-12,37,6454.1
DAM,2026-09-12,38,4990.03
DAM,2026-09-12,39,3743.46
DAM,2026-09-12,40,3560.81
DAM,2026-09-12,41,3545.04
DAM,2026-09-12,42,3401.57
DAM,2026-09-12,43,3401.05
DAM,2026-09-12,44,3258.18
DAM,2026-09-12,45,3180.4
DAM,2026-09-12,46,3180.41
DAM,2026-09-12,47,3102.88
DAM,2026-09-12,48,3050.82
DAM,2026-09-12,49,3048.33
DAM,2026-09-12,50,3180.09
DAM,2026-09-12,51,3049.99
DAM,2026-09-12,52,3049.04
DAM,2026-09-12,53,2710.52
DAM,2026-09-12,54,2710.85
DAM,2026-09-12,55,2999.45
DAM,2026-09-12,56,3199.19
DAM,2026-09-12,57,3528.45
DAM,2026-09-12,58,3560.73
DAM,2026-09-12,59,3746.76
DAM,2026-09-12,60,4299.35
DAM,2026-09-12,61,9001.87
DAM,2026-09-12,62,10000.0
DAM,2026-09-12,63,10000.0
DAM,2026-09-12,64,10000.0
DAM,2026-09-12,65,10000.0
DAM,2026-09-12,66,10000.0
DAM,2026-09-12,67,10000.0
DAM,2026-09-12,68,10000.0
DAM,2026-09-12,69,10000.0
DAM,2026-09-12,70,10000.0
DAM,2026-09-12,71,10000.0
DAM,2026-09-12,72,10000.0
DAM,2026-09-12,73,10000.0
DAM,2026-09-12,74,10000.0
DAM,2026-09-12,75,10000.0
DAM,2026-09-12,76,10000.0
DAM,2026-09-12,77,10000.0
DAM,2026-09-12,78,10000.0
DAM,2026-09-12,79,10000.0
DAM,2026-09-12,80,10000.0
DAM,2026-09-12,81,10000.0
DAM,2026-09-12,82,10000.0
DAM,2026-09-12,83,10000.0
DAM,2026-09-12,84,10000.0
DAM,2026-09-12,85,10000.0
DAM,2026-09-12,86,10000.0
DAM,2026-09-12,87,10000.0
DAM,2026-09-12,88,10000.0
DAM,2026-09-12,89,10000.0
DAM,2026-09-12,90,10000.0
DAM,2026-09-12,91,10000.0
DAM,2026-09-12,92,10000.0
DAM,2026-09-12,93,10000.0
DAM,2026-09-12,94,10000.0
DAM,2026-09-12,95,10000.0
DAM,2026-09-12,96,10000.0
GDAM,2026-07-14,1,10000.0
GDAM,2026-07-14,2,10000.0
GDAM,2026-07-14,3,10000.0
GDAM,2026-07-14,4,10000.0
GDAM,2026-07-14,5,10000.0
GDAM,2026-07-14,6,10000.0
GDAM,2026-07-14,7,10000.0
GDAM,2026-07-14,8,10000.0
GDAM,2026-07-14,9,10000.0
GDAM,2026-07-14,10,10000.0
GDAM,2026-07-14,11,10000.0
GDAM,2026-07-14,12,6200.56
GDAM,2026-07-14,13,5500.97
GDAM,2026-07-14,14,5500.96
GDAM,2026-07-14,15,6200.66
GDAM,2026-07-14,16,6200.54
GDAM,2026-07-14,17,5689.05
GDAM,2026-07-14,18,6200.95
GDAM,2026-07-14,19,9998.02
GDAM,2026-07-14,20,6200.13
GDAM,2026-07-14,21,9998.05
GDAM,2026-07-14,22,9998.12
GDAM,2026-07-14,23,10000.0
GDAM,2026-07-14,24,10000.0
GDAM,2026-07-14,25,10000.0
GDAM,2026-07-14,26,10000.0
GDAM,2026-07-14,27,10000.0
GDAM,2026-07-14,28,6599.76
GDAM,2026-07-14,29,4300.96
GDAM,2026-07-14,30,3999.48
GDAM,2026-07-14,31,3600.72
GDAM,2026-07-14,32,3417.34
GDAM,2026-07-14,33,3199.34
GDAM,2026-07-14,34,2599.76
GDAM,2026-07-14,35,2544.67
GDAM,2026-07-14,36,2030.13
GDAM,2026-07-14,37,2000.07
GDAM,2026-07-14,38,1999.24
GDAM,2026-07-14,39,1899.93
GDAM,2026-07-14,40,1700.23
GDAM,2026-07-14,41,1600.29
GDAM,2026-07-14,42,1600.26
GDAM,2026-07-14,43,1600.79
GDAM,2026-07-14,44,1628.11
GDAM,2026-07-14,45,1628.28
GDAM,2026-07-14,46,1392.66
GDAM,2026-07-14,47,1392.69
GDAM,2026-07-14,48,1392.67
GDAM,2026-07-14,49,1392.66
GDAM,2026-07-14,50,1392.59
GDAM,2026-07-14,51,1392.48
GDAM,2026-07-14,52,1391.47
GDAM,2026-07-14,53,1391.49
GDAM,2026-07-14,54,1391.5
GDAM,2026-07-14,55,1392.49
GDAM,2026-07-14,56,1628.19
GDAM,2026-07-14,57,1736.09
GDAM,2026-07-14,58,1630.75
GDAM,2026-07-14,59,2000.57
GDAM,2026-07-14,60,2000.35
GDAM,2026-07-14,61,2452.03
GDAM,2026-07-14,62,2550.24
GDAM,2026-07-14,63,2600.93
GDAM,2026-07-14,64,2700.48
GDAM,2026-07-14,65,2999.58
GDAM,2026-07-14,66,3200.42
GDAM,2026-07-14,67,3300.29
GDAM,2026-07-14,68,3500.15
GDAM,2026-07-14,69,3402.33
GDAM,2026-07-14,70,3422.62
GDAM,2026-07-14,71,3600.51
GDAM,2026-07-14,72,3611.8
GDAM,2026-07-14,73,5300.21
GDAM,2026-07-14,74,5300.56
GDAM,2026-07-14,75,6999.85
GDAM,2026-07-14,76,10000.0
GDAM,2026-07-14,77,10000.0
GDAM,2026-07-14,78,10000.0
GDAM,2026-07-14,79,10000.0
GDAM,2026-07-14,80,10000.0
GDAM,2026-07-14,81,10000.0
GDAM,2026-07-14,82,10000.0
GDAM,2026-07-14,83,10000.0
GDAM,2026-07-14,84,10000.0
GDAM,2026-07-14,85,10000.0
GDAM,2026-07-14,86,10000.0
GDAM,2026-07-14,87,10000.0
GDAM,2026-07-14,88,10000.0
GDAM,2026-07-14,89,10000.0
GDAM,2026-07-14,90,10000.0
GDAM,2026-07-14,91,10000.0
GDAM,2026-07-14,92,10000.0
GDAM,2026-07-14,93,10000.0
GDAM,2026-07-14,94,10000.0
GDAM,2026-07-14,95,10000.0
GDAM,2026-07-14,96,10000.0
GDAM,2026-07-15,1,10000.0
GDAM,2026-07-15,2,10000.0
GDAM,2026-07-15,3,10000.0
GDAM,2026-07-15,4,10000.0
GDAM,2026-07-15,5,10000.0
GDAM,2026-07-15,6,10000.0
GDAM,2026-07-15,7,10000.0
GDAM,2026-07-15,8,10000.0
GDAM,2026-07-15,9,10000.0
GDAM,2026-07-15,10,10000.0
GDAM,2026-07-15,11,10000.0
GDAM,2026-07-15,12,10000.0
GDAM,2026-07-15,13,10000.0
GDAM,2026-07-15,14,10000.0
GDAM,2026-07-15,15,10000.0
GDAM,2026-07-15,16,10000.0
GDAM,2026-07-15,17,9998.22
GDAM,2026-07-15,18,9998.37
GDAM,2026-07-15,19,10000.0
GDAM,2026-07-15,20,10000.0
GDAM,2026-07-15,21,10000.0
GDAM,2026-07-15,22,10000.0
GDAM,2026-07-15,23,10000.0
GDAM,2026-07-15,24,10000.0
GDAM,2026-07-15,25,10000.0
GDAM,2026-07-15,26,10000.0
GDAM,2026-07-15,27,10000.0
GDAM,2026-07-15,28,9998.47
GDAM,2026-07-15,29,5569.89
GDAM,2026-07-15,30,4669.22
GDAM,2026-07-15,31,3801.46
GDAM,2026-07-15,32,3700.01
GDAM,2026-07-15,33,3600.09
GDAM,2026-07-15,34,3012.99
GDAM,2026-07-15,35,2600.89
GDAM,2026-07-15,36,2029.46
GDAM,2026-07-15,37,1999.33
GDAM,2026-07-15,38,1998.2
GDAM,2026-07-15,39,1899.23
GDAM,2026-07-15,40,1699.88
GDAM,2026-07-15,41,1599.88
GDAM,2026-07-15,42,1599.9
GDAM,2026-07-15,43,1546.9
GDAM,2026-07-15,44,1600.01
GDAM,2026-07-15,45,1600.35
GDAM,2026-07-15,46,1600.44
GDAM,2026-07-15,47,1600.6
GDAM,2026-07-15,48,1600.31
GDAM,2026-07-15,49,1500.38
GDAM,2026-07-15,50,1400.29
GDAM,2026-07-15,51,1400.32
GDAM,2026-07-15,52,1400.15
GDAM,2026-07-15,53,1300.27
GDAM,2026-07-15,54,1300.32
GDAM,2026-07-15,55,1400.46
GDAM,2026-07-15,56,1400.36
GDAM,2026-07-15,57,1546.73
GDAM,2026-07-15,58,1616.4
GDAM,2026-07-15,59,1823.79
GDAM,2026-07-15,60,1938.99
GDAM,2026-07-15,61,2300.5
GDAM,2026-07-15,62,2400.54
GDAM,2026-07-15,63,2600.42
GDAM,2026-07-15,64,2650.59
GDAM,2026-07-15,65,2543.62
GDAM,2026-07-15,66,2519.92
GDAM,2026-07-15,67,2700.22
GDAM,2026-07-15,68,2700.48
GDAM,2026-07-15,69,3200.84
GDAM,2026-07-15,70,3422.21
GDAM,2026-07-15,71,3600.22
GDAM,2026-07-15,72,3611.96
GDAM,2026-07-15,73,5300.6
GDAM,2026-07-15,74,8800.45
GDAM,2026-07-15,75,10000.0
GDAM,2026-07-15,76,10000.0
GDAM,2026-07-15,77,10000.0
GDAM,2026-07-15,78,10000.0
GDAM,2026-07-15,79,10000.0
GDAM,2026-07-15,80,10000.0
GDAM,2026-07-15,81,10000.0
GDAM,2026-07-15,82,10000.0
GDAM,2026-07-15,83,10000.0
GDAM,2026-07-15,84,10000.0
GDAM,2026-07-15,85,10000.0
GDAM,2026-07-15,86,10000.0
GDAM,2026-07-15,87,10000.0
GDAM,2026-07-15,88,10000.0
GDAM,2026-07-15,89,10000.0
GDAM,2026-07-15,90,10000.0
GDAM,2026-07-15,91,10000.0
GDAM,2026-07-15,92,10000.0
GDAM,2026-07-15,93,10000.0
GDAM,2026-07-15,94,10000.0
GDAM,2026-07-15,95,10000.0
GDAM,2026-07-15,96,10000.0
GDAM,2026-07-16,1,10000.0
GDAM,2026-07-16,2,10000.0
GDAM,2026-07-16,3,10000.0
GDAM,2026-07-16,4,10000.0
GDAM,2026-07-16,5,10000.0
GDAM,2026-07-16,6,10000.0
GDAM,2026-07-16,7,10000.0
GDAM,2026-07-16,8,10000.0
GDAM,2026-07-16,9,10000.0
GDAM,2026-07-16,10,10000.0
GDAM,2026-07-16,11,10000.0
GDAM,2026-07-16,12,10000.0
GDAM,2026-07-16,13,10000.0
GDAM,2026-07-16,14,10000.0
GDAM,2026-07-16,15,10000.0
GDAM,2026-07-16,16,10000.0
GDAM,2026-07-16,17,10000.0
GDAM,2026-07-16,18,10000.0
GDAM,2026-07-16,19,10000.0
GDAM,2026-07-16,20,10000.0
GDAM,2026-07-16,21,10000.0
GDAM,2026-07-16,22,10000.0
GDAM,2026-07-16,23,10000.0
GDAM,2026-07-16,24,10000.0
GDAM,2026-07-16,25,10000.0
GDAM,2026-07-16,26,10000.0
GDAM,2026-07-16,27,10000.0
GDAM,2026-07-16,28,10000.0
GDAM,2026-07-16,29,8000.53
GDAM,2026-07-16,30,5799.99
GDAM,2026-07-16,31,4307.89
GDAM,2026-07-16,32,4200.53
GDAM,2026-07-16,33,4200.07
GDAM,2026-07-16,34,4000.58
GDAM,2026-07-16,35,3675.15
GDAM,2026-07-16,36,2499.94
GDAM,2026-07-16,37,2390.81
GDAM,2026-07-16,38,2390.66
GDAM,2026-07-16,39,2253.72
GDAM,2026-07-16,40,2046.71
GDAM,2026-07-16,41,1900.25
GDAM,2026-07-16,42,1900.36
GDAM,2026-07-16,43,1869.35
GDAM,2026-07-16,44,1869.21
GDAM,2026-07-16,45,1800.88
GDAM,2026-07-16,46,1850.06
GDAM,2026-07-16,47,1750.86
GDAM,2026-07-16,48,1750.83
GDAM,2026-07-16,49,1650.25
GDAM,2026-07-16,50,1641.73
GDAM,2026-07-16,51,1645.74
GDAM,2026-07-16,52,1645.76
GDAM,2026-07-16,53,1548.8
GDAM,2026-07-16,54,1470.0
GDAM,2026-07-16,55,1675.7
GDAM,2026-07-16,56,1800.76
GDAM,2026-07-16,57,2046.61
GDAM,2026-07-16,58,2099.64
GDAM,2026-07-16,59,2255.0
GDAM,2026-07-16,60,2499.23
GDAM,2026-07-16,61,2700.33
GDAM,2026-07-16,62,2700.27
GDAM,2026-07-16,63,2750.36
GDAM,2026-07-16,64,2800.4
GDAM,2026-07-16,65,3143.61
GDAM,2026-07-16,66,3249.42
GDAM,2026-07-16,67,3400.88
GDAM,2026-07-16,68,3500.86
GDAM,2026-07-16,69,3800.23
GDAM,2026-07-16,70,4100.03
GDAM,2026-07-16,71,4849.12
GDAM,2026-07-16,72,5099.42
GDAM,2026-07-16,73,6420.35
GDAM,2026-07-16,74,8800.2
GDAM,2026-07-16,75,10000.0
GDAM,2026-07-16,76,10000.0
GDAM,2026-07-16,77,10000.0
GDAM,2026-07-16,78,10000.0
GDAM,2026-07-16,79,10000.0
GDAM,2026-07-16,80,10000.0
GDAM,2026-07-16,81,10000.0
GDAM,2026-07-16,82,10000.0
GDAM,2026-07-16,83,10000.0
GDAM,2026-07-16,84,10000.0
GDAM,2026-07-16,85,10000.0
GDAM,2026-07-16,86,10000.0
GDAM,2026-07-16,87,10000.0
GDAM,2026-07-16,88,10000.0
GDAM,2026-07-16,89,10000.0
GDAM,2026-07-16,90,10000.0
GDAM,2026-07-16,91,10000.0
GDAM,2026-07-16,92,10000.0
GDAM,2026-07-16,93,10000.0
GDAM,2026-07-16,94,10000.0
GDAM,2026-07-16,95,10000.0
GDAM,2026-07-16,96,10000.0
GDAM,2026-07-17,1,10000.0
GDAM,2026-07-17,2,10000.0
GDAM,2026-07-17,3,10000.0
GDAM,2026-07-17,4,10000.0
GDAM,2026-07-17,5,10000.0
GDAM,2026-07-17,6,10000.0
GDAM,2026-07-17,7,10000.0
GDAM,2026-07-17,8,10000.0
GDAM,2026-07-17,9,10000.0
GDAM,2026-07-17,10,10000.0
GDAM,2026-07-17,11,10000.0
GDAM,2026-07-17,12,10000.0
GDAM,2026-07-17,13,10000.0
GDAM,2026-07-17,14,10000.0
GDAM,2026-07-17,15,10000.0
GDAM,2026-07-17,16,10000.0
GDAM,2026-07-17,17,10000.0
GDAM,2026-07-17,18,10000.0
GDAM,2026-07-17,19,10000.0
GDAM,2026-07-17,20,10000.0
GDAM,2026-07-17,21,10000.0
GDAM,2026-07-17,22,10000.0
GDAM,2026-07-17,23,10000.0
GDAM,2026-07-17,24,10000.0
GDAM,2026-07-17,25,10000.0
GDAM,2026-07-17,26,10000.0
GDAM,2026-07-17,27,10000.0
GDAM,2026-07-17,28,10000.0
GDAM,2026-07-17,29,10000.0
GDAM,2026-07-17,30,9998.13
GDAM,2026-07-17,31,5500.61
GDAM,2026-07-17,32,5100.02
GDAM,2026-07-17,33,5000.31
GDAM,2026-07-17,34,4500.47
GDAM,2026-07-17,35,4200.04
GDAM,2026-07-17,36,3406.82
GDAM,2026-07-17,37,3063.98
GDAM,2026-07-17,38,2800.85
GDAM,2026-07-17,39,2600.77
GDAM,2026-07-17,40,2576.82
GDAM,2026-07-17,41,2519.31
GDAM,2026-07-17,42,2517.33
GDAM,2026-07-17,43,2499.64
GDAM,2026-07-17,44,2320.85
GDAM,2026-07-17,45,2319.88
GDAM,2026-07-17,46,2319.89
GDAM,2026-07-17,47,2290.83
GDAM,2026-07-17,48,2290.84
GDAM,2026-07-17,49,2202.69
GDAM,2026-07-17,50,2200.12
GDAM,2026-07-17,51,2200.12
GDAM,2026-07-17,52,2200.14
GDAM,2026-07-17,53,1999.87
GDAM,2026-07-17,54,2030.98
GDAM,2026-07-17,55,2289.81
GDAM,2026-07-17,56,2319.75
GDAM,2026-07-17,57,2320.77
GDAM,2026-07-17,58,2470.71
GDAM,2026-07-17,59,2543.52
GDAM,2026-07-17,60,2556.62
GDAM,2026-07-17,61,3086.83
GDAM,2026-07-17,62,3194.79
GDAM,2026-07-17,63,3344.66
GDAM,2026-07-17,64,3394.71
GDAM,2026-07-17,65,3523.75
GDAM,2026-07-17,66,3523.94
GDAM,2026-07-17,67,3745.77
GDAM,2026-07-17,68,3999.92
GDAM,2026-07-17,69,4250.61
GDAM,2026-07-17,70,4600.23
GDAM,2026-07-17,71,6948.17
GDAM,2026-07-17,72,5499.5
GDAM,2026-07-17,73,10000.0
GDAM,2026-07-17,74,10000.0
GDAM,2026-07-17,75,10000.0
GDAM,2026-07-17,76,10000.0
GDAM,2026-07-17,77,10000.0
GDAM,2026-07-17,78,10000.0
GDAM,2026-07-17,79,10000.0
GDAM,2026-07-17,80,10000.0
GDAM,2026-07-17,81,10000.0
GDAM,2026-07-17,82,10000.0
GDAM,2026-07-17,83,10000.0
GDAM,2026-07-17,84,10000.0
GDAM,2026-07-17,85,10000.0
GDAM,2026-07-17,86,10000.0
GDAM,2026-07-17,87,10000.0
GDAM,2026-07-17,88,10000.0
GDAM,2026-07-17,89,10000.0
GDAM,2026-07-17,90,10000.0
GDAM,2026-07-17,91,10000.0
GDAM,2026-07-17,92,10000.0
GDAM,2026-07-17,93,10000.0
GDAM,2026-07-17,94,10000.0
GDAM,2026-07-17,95,10000.0
GDAM,2026-07-17,96,10000.0
GDAM,2026-07-18,1,10000.0
GDAM,2026-07-18,2,10000.0
GDAM,2026-07-18,3,10000.0
GDAM,2026-07-18,4,10000.0
GDAM,2026-07-18,5,10000.0
GDAM,2026-07-18,6,10000.0
GDAM,2026-07-18,7,10000.0
GDAM,2026-07-18,8,10000.0
GDAM,2026-07-18,9,10000.0
GDAM,2026-07-18,10,10000.0
GDAM,2026-07-18,11,10000.0
GDAM,2026-07-18,12,10000.0
GDAM,2026-07-18,13,10000.0
GDAM,2026-07-18,14,10000.0
GDAM,2026-07-18,15,10000.0
GDAM,2026-07-18,16,10000.0
GDAM,2026-07-18,17,10000.0
GDAM,2026-07-18,18,10000.0
GDAM,2026-07-18,19,10000.0
GDAM,2026-07-18,20,10000.0
GDAM,2026-07-18,21,10000.0
GDAM,2026-07-18,22,10000.0
GDAM,2026-07-18,23,10000.0
GDAM,2026-07-18,24,10000.0
GDAM,2026-07-18,25,10000.0
GDAM,2026-07-18,26,10000.0
GDAM,2026-07-18,27,10000.0
GDAM,2026-07-18,28,10000.0
GDAM,2026-07-18,29,10000.0
GDAM,2026-07-18,30,8000.79
GDAM,2026-07-18,31,6700.89
GDAM,2026-07-18,32,6700.69
GDAM,2026-07-18,33,6700.73
GDAM,2026-07-18,34,5500.71
GDAM,2026-07-18,35,4750.28
GDAM,2026-07-18,36,3406.65
GDAM,2026-07-18,37,3063.84
GDAM,2026-07-18,38,2810.96
GDAM,2026-07-18,39,2600.99
GDAM,2026-07-18,40,2600.58
GDAM,2026-07-18,41,2520.39
GDAM,2026-07-18,42,2500.32
GDAM,2026-07-18,43,2099.49
GDAM,2026-07-18,44,2500.0
GDAM,2026-07-18,45,2500.25
GDAM,2026-07-18,46,2500.21
GDAM,2026-07-18,47,2499.99
GDAM,2026-07-18,48,2499.71
GDAM,2026-07-18,49,2499.78
GDAM,2026-07-18,50,2100.41
GDAM,2026-07-18,51,2000.96
GDAM,2026-07-18,52,2030.53
GDAM,2026-07-18,53,2000.5
GDAM,2026-07-18,54,2000.58
GDAM,2026-07-18,55,2100.24
GDAM,2026-07-18,56,2100.66
GDAM,2026-07-18,57,2100.75
GDAM,2026-07-18,58,2130.94
GDAM,2026-07-18,59,2420.95
GDAM,2026-07-18,60,2520.79
GDAM,2026-07-18,61,3100.21
GDAM,2026-07-18,62,3194.94
GDAM,2026-07-18,63,3344.72
GDAM,2026-07-18,64,3394.73
GDAM,2026-07-18,65,3523.66
GDAM,2026-07-18,66,3523.82
GDAM,2026-07-18,67,3745.64
GDAM,2026-07-18,68,3999.78
GDAM,2026-07-18,69,4499.92
GDAM,2026-07-18,70,5470.0
GDAM,2026-07-18,71,4800.38
GDAM,2026-07-18,72,7999.39
GDAM,2026-07-18,73,9998.3
GDAM,2026-07-18,74,9998.49
GDAM,2026-07-18,75,9998.9
GDAM,2026-07-18,76,10000.0
GDAM,2026-07-18,77,10000.0
GDAM,2026-07-18,78,10000.0
GDAM,2026-07-18,79,10000.0
GDAM,2026-07-18,80,10000.0
GDAM,2026-07-18,81,10000.0
GDAM,2026-07-18,82,10000.0
GDAM,2026-07-18,83,10000.0
GDAM,2026-07-18,84,10000.0
GDAM,2026-07-18,85,10000.0
GDAM,2026-07-18,86,10000.0
GDAM,2026-07-18,87,10000.0
GDAM,2026-07-18,88,10000.0
GDAM,2026-07-18,89,10000.0
GDAM,2026-07-18,90,10000.0
GDAM,2026-07-18,91,10000.0
GDAM,2026-07-18,92,10000.0
GDAM,2026-07-18,93,10000.0
GDAM,2026-07-18,94,10000.0
GDAM,2026-07-18,95,10000.0
GDAM,2026-07-18,96,10000.0
GDAM,2026-07-19,1,10000.0
GDAM,2026-07-19,2,10000.0
GDAM,2026-07-19,3,10000.0
GDAM,2026-07-19,4,10000.0
GDAM,2026-07-19,5,10000.0
GDAM,2026-07-19,6,10000.0
GDAM,2026-07-19,7,10000.0
GDAM,2026-07-19,8,10000.0
GDAM,2026-07-19,9,10000.0
GDAM,2026-07-19,10,10000.0
GDAM,2026-07-19,11,10000.0
GDAM,2026-07-19,12,10000.0
GDAM,2026-07-19,13,10000.0
GDAM,2026-07-19,14,10000.0
GDAM,2026-07-19,15,10000.0
GDAM,2026-07-19,16,10000.0
GDAM,2026-07-19,17,10000.0
GDAM,2026-07-19,18,10000.0
GDAM,2026-07-19,19,10000.0
GDAM,2026-07-19,20,10000.0
GDAM,2026-07-19,21,10000.0
GDAM,2026-07-19,22,10000.0
GDAM,2026-07-19,23,10000.0
GDAM,2026-07-19,24,10000.0
GDAM,2026-07-19,25,10000.0
GDAM,2026-07-19,26,10000.0
GDAM,2026-07-19,27,9998.93
GDAM,2026-07-19,28,8369.4
GDAM,2026-07-19,29,5200.36
GDAM,2026-07-19,30,4000.17
GDAM,2026-07-19,31,3650.35
GDAM,2026-07-19,32,3499.41
GDAM,2026-07-19,33,3300.76
GDAM,2026-07-19,34,3300.18
GDAM,2026-07-19,35,3130.74
GDAM,2026-07-19,36,2370.52
GDAM,2026-07-19,37,2099.24
GDAM,2026-07-19,38,2099.39
GDAM,2026-07-19,39,2099.6
GDAM,2026-07-19,40,2099.75
GDAM,2026-07-19,41,2099.64
GDAM,2026-07-19,42,2040.34
GDAM,2026-07-19,43,1999.9
GDAM,2026-07-19,44,1600.86
GDAM,2026-07-19,45,1600.73
GDAM,2026-07-19,46,1600.82
GDAM,2026-07-19,47,1799.47
GDAM,2026-07-19,48,1799.11
GDAM,2026-07-19,49,1510.62
GDAM,2026-07-19,50,1600.7
GDAM,2026-07-19,51,1600.27
GDAM,2026-07-19,52,1600.35
GDAM,2026-07-19,53,1600.3
GDAM,2026-07-19,54,1799.68
GDAM,2026-07-19,55,1940.3
GDAM,2026-07-19,56,1940.16
GDAM,2026-07-19,57,1899.26
GDAM,2026-07-19,58,2050.52
GDAM,2026-07-19,59,2150.68
GDAM,2026-07-19,60,2199.43
GDAM,2026-07-19,61,2299.96
GDAM,2026-07-19,62,2500.33
GDAM,2026-07-19,63,2370.44
GDAM,2026-07-19,64,2500.72
GDAM,2026-07-19,65,2550.91
GDAM,2026-07-19,66,2800.09
GDAM,2026-07-19,67,2999.91
GDAM,2026-07-19,68,3466.69
GDAM,2026-07-19,69,3500.68
GDAM,2026-07-19,70,3500.89
GDAM,2026-07-19,71,3500.12
GDAM,2026-07-19,72,3500.43
GDAM,2026-07-19,73,4999.77
GDAM,2026-07-19,74,5310.68
GDAM,2026-07-19,75,7999.12
GDAM,2026-07-19,76,9998.39
GDAM,2026-07-19,77,9998.74
GDAM,2026-07-19,78,10000.0
GDAM,2026-07-19,79,10000.0
GDAM,2026-07-19,80,10000.0
GDAM,2026-07-19,81,10000.0
GDAM,2026-07-19,82,10000.0
GDAM,2026-07-19,83,10000.0
GDAM,2026-07-19,84,10000.0
GDAM,2026-07-19,85,10000.0
GDAM,2026-07-19,86,10000.0
GDAM,2026-07-19,87,10000.0
GDAM,2026-07-19,88,10000.0
GDAM,2026-07-19,89,10000.0
GDAM,2026-07-19,90,10000.0
GDAM,2026-07-19,91,10000.0
GDAM,2026-07-19,92,10000.0
GDAM,2026-07-19,93,10000.0
GDAM,2026-07-19,94,10000.0
GDAM,2026-07-19,95,10000.0
GDAM,2026-07-19,96,10000.0
GDAM,2026-07-20,1,10000.0
GDAM,2026-07-20,2,10000.0
GDAM,2026-07-20,3,10000.0
GDAM,2026-07-20,4,10000.0
GDAM,2026-07-20,5,10000.0
GDAM,2026-07-20,6,10000.0
GDAM,2026-07-20,7,10000.0
GDAM,2026-07-20,8,10000.0
GDAM,2026-07-20,9,10000.0
GDAM,2026-07-20,10,10000.0
GDAM,2026-07-20,11,10000.0
GDAM,2026-07-20,12,10000.0
GDAM,2026-07-20,13,10000.0
GDAM,2026-07-20,14,10000.0
GDAM,2026-07-20,15,10000.0
GDAM,2026-07-20,16,10000.0
GDAM,2026-07-20,17,10000.0
GDAM,2026-07-20,18,10000.0
GDAM,2026-07-20,19,10000.0
GDAM,2026-07-20,20,10000.0
GDAM,2026-07-20,21,10000.0
GDAM,2026-07-20,22,10000.0
GDAM,2026-07-20,23,10000.0
GDAM,2026-07-20,24,10000.0
GDAM,2026-07-20,25,10000.0
GDAM,2026-07-20,26,10000.0
GDAM,2026-07-20,27,10000.0
GDAM,2026-07-20,28,10000.0
GDAM,2026-07-20,29,9998.32
GDAM,2026-07-20,30,8000.61
GDAM,2026-07-20,31,8000.19
GDAM,2026-07-20,32,5700.13
GDAM,2026-07-20,33,5500.43
GDAM,2026-07-20,34,4369.31
GDAM,2026-07-20,35,4000.27
GDAM,2026-07-20,36,3406.46
GDAM,2026-07-20,37,3100.65
GDAM,2026-07-20,38,3000.36
GDAM,2026-07-20,39,2800.96
GDAM,2026-07-20,40,2800.01
GDAM,2026-07-20,41,2519.43
GDAM,2026-07-20,42,2499.03
GDAM,2026-07-20,43,2080.2
GDAM,2026-07-20,44,2499.51
GDAM,2026-07-20,45,2365.91
GDAM,2026-07-20,46,2365.18
GDAM,2026-07-20,47,2299.36
GDAM,2026-07-20,48,2299.35
GDAM,2026-07-20,49,2000.1
GDAM,2026-07-20,50,1978.93
GDAM,2026-07-20,51,1930.95
GDAM,2026-07-20,52,1930.95
GDAM,2026-07-20,53,1869.95
GDAM,2026-07-20,54,1890.78
GDAM,2026-07-20,55,1946.89
GDAM,2026-07-20,56,1990.62
GDAM,2026-07-20,57,2130.67
GDAM,2026-07-20,58,2130.91
GDAM,2026-07-20,59,2420.59
GDAM,2026-07-20,60,2500.84
GDAM,2026-07-20,61,3067.23
GDAM,2026-07-20,62,3194.43
GDAM,2026-07-20,63,3344.18
GDAM,2026-07-20,64,3394.24
GDAM,2026-07-20,65,3523.36
GDAM,2026-07-20,66,3523.49
GDAM,2026-07-20,67,3745.75
GDAM,2026-07-20,68,3999.82
GDAM,2026-07-20,69,5000.75
GDAM,2026-07-20,70,5111.37
GDAM,2026-07-20,71,5000.9
GDAM,2026-07-20,72,5400.42
GDAM,2026-07-20,73,10000.0
GDAM,2026-07-20,74,10000.0
GDAM,2026-07-20,75,10000.0
GDAM,2026-07-20,76,10000.0
GDAM,2026-07-20,77,10000.0
GDAM,2026-07-20,78,10000.0
GDAM,2026-07-20,79,10000.0
GDAM,2026-07-20,80,10000.0
GDAM,2026-07-20,81,10000.0
GDAM,2026-07-20,82,10000.0
GDAM,2026-07-20,83,10000.0
GDAM,2026-07-20,84,10000.0
GDAM,2026-07-20,85,10000.0
GDAM,2026-07-20,86,10000.0
GDAM,2026-07-20,87,10000.0
GDAM,2026-07-20,88,10000.0
GDAM,2026-07-20,89,10000.0
GDAM,2026-07-20,90,10000.0
GDAM,2026-07-20,91,10000.0
GDAM,2026-07-20,92,10000.0
GDAM,2026-07-20,93,10000.0
GDAM,2026-07-20,94,10000.0
GDAM,2026-07-20,95,10000.0
GDAM,2026-07-20,96,10000.0
GDAM,2026-07-21,1,10000.0
GDAM,2026-07-21,2,10000.0
GDAM,2026-07-21,3,10000.0
GDAM,2026-07-21,4,10000.0
GDAM,2026-07-21,5,10000.0
GDAM,2026-07-21,6,10000.0
GDAM,2026-07-21,7,10000.0
GDAM,2026-07-21,8,10000.0
GDAM,2026-07-21,9,10000.0
GDAM,2026-07-21,10,10000.0
GDAM,2026-07-21,11,10000.0
GDAM,2026-07-21,12,10000.0
GDAM,2026-07-21,13,10000.0
GDAM,2026-07-21,14,10000.0
GDAM,2026-07-21,15,10000.0
GDAM,2026-07-21,16,10000.0
GDAM,2026-07-21,17,10000.0
GDAM,2026-07-21,18,10000.0
GDAM,2026-07-21,19,10000.0
GDAM,2026-07-21,20,10000.0
GDAM,2026-07-21,21,10000.0
GDAM,2026-07-21,22,10000.0
GDAM,2026-07-21,23,10000.0
GDAM,2026-07-21,24,10000.0
GDAM,2026-07-21,25,10000.0
GDAM,2026-07-21,26,10000.0
GDAM,2026-07-21,27,10000.0
GDAM,2026-07-21,28,10000.0
GDAM,2026-07-21,29,7999.75
GDAM,2026-07-21,30,5500.62
GDAM,2026-07-21,31,5310.32
GDAM,2026-07-21,32,5000.14
GDAM,2026-07-21,33,4700.83
GDAM,2026-07-21,34,3869.99
GDAM,2026-07-21,35,3600.42
GDAM,2026-07-21,36,3405.23
GDAM,2026-07-21,37,3050.43
GDAM,2026-07-21,38,2999.56
GDAM,2026-07-21,39,2619.49
GDAM,2026-07-21,40,2570.5
GDAM,2026-07-21,41,2130.31
GDAM,2026-07-21,42,2130.4
GDAM,2026-07-21,43,2000.31
GDAM,2026-07-21,44,1940.97
GDAM,2026-07-21,45,1940.57
GDAM,2026-07-21,46,1940.91
GDAM,2026-07-21,47,1869.88
GDAM,2026-07-21,48,1869.85
GDAM,2026-07-21,49,1999.95
GDAM,2026-07-21,50,1900.01
GDAM,2026-07-21,51,1850.96
GDAM,2026-07-21,52,1880.63
GDAM,2026-07-21,53,1809.98
GDAM,2026-07-21,54,1820.86
GDAM,2026-07-21,55,1834.85
GDAM,2026-07-21,56,1839.81
GDAM,2026-07-21,57,1899.88
GDAM,2026-07-21,58,2040.17
GDAM,2026-07-21,59,2180.16
GDAM,2026-07-21,60,2191.86
GDAM,2026-07-21,61,2570.33
GDAM,2026-07-21,62,2620.3
GDAM,2026-07-21,63,2847.78
GDAM,2026-07-21,64,3000.48
GDAM,2026-07-21,65,3300.96
GDAM,2026-07-21,66,3337.14
GDAM,2026-07-21,67,3369.18
GDAM,2026-07-21,68,3415.51
GDAM,2026-07-21,69,3510.19
GDAM,2026-07-21,70,3749.11
GDAM,2026-07-21,71,3846.03
GDAM,2026-07-21,72,4000.95
GDAM,2026-07-21,73,9200.24
GDAM,2026-07-21,74,9998.05
GDAM,2026-07-21,75,9998.58
GDAM,2026-07-21,76,10000.0
GDAM,2026-07-21,77,10000.0
GDAM,2026-07-21,78,10000.0
GDAM,2026-07-21,79,10000.0
GDAM,2026-07-21,80,10000.0
GDAM,2026-07-21,81,10000.0
GDAM,2026-07-21,82,10000.0
GDAM,2026-07-21,83,10000.0
GDAM,2026-07-21,84,10000.0
GDAM,2026-07-21,85,10000.0
GDAM,2026-07-21,86,10000.0
GDAM,2026-07-21,87,10000.0
GDAM,2026-07-21,88,10000.0
GDAM,2026-07-21,89,10000.0
GDAM,2026-07-21,90,10000.0
GDAM,2026-07-21,91,10000.0
GDAM,2026-07-21,92,10000.0
GDAM,2026-07-21,93,10000.0
GDAM,2026-07-21,94,10000.0
GDAM,2026-07-21,95,10000.0
GDAM,2026-07-21,96,10000.0
GDAM,2026-07-22,1,10000.0
GDAM,2026-07-22,2,10000.0
GDAM,2026-07-22,3,10000.0
GDAM,2026-07-22,4,10000.0
GDAM,2026-07-22,5,10000.0
GDAM,2026-07-22,6,10000.0
GDAM,2026-07-22,7,10000.0
GDAM,2026-07-22,8,10000.0
GDAM,2026-07-22,9,10000.0
GDAM,2026-07-22,10,10000.0
GDAM,2026-07-22,11,10000.0
GDAM,2026-07-22,12,10000.0
GDAM,2026-07-22,13,10000.0
GDAM,2026-07-22,14,10000.0
GDAM,2026-07-22,15,10000.0
GDAM,2026-07-22,16,10000.0
GDAM,2026-07-22,17,10000.0
GDAM,2026-07-22,18,10000.0
GDAM,2026-07-22,19,10000.0
GDAM,2026-07-22,20,10000.0
GDAM,2026-07-22,21,10000.0
GDAM,2026-07-22,22,10000.0
GDAM,2026-07-22,23,10000.0
GDAM,2026-07-22,24,10000.0
GDAM,2026-07-22,25,10000.0
GDAM,2026-07-22,26,10000.0
GDAM,2026-07-22,27,10000.0
GDAM,2026-07-22,28,10000.0
GDAM,2026-07-22,29,5600.74
GDAM,2026-07-22,30,5600.4
GDAM,2026-07-22,31,5511.38
GDAM,2026-07-22,32,4700.4
GDAM,2026-07-22,33,4200.75
GDAM,2026-07-22,34,3600.8
GDAM,2026-07-22,35,3500.62
GDAM,2026-07-22,36,3000.87
GDAM,2026-07-22,37,2660.92
GDAM,2026-07-22,38,2999.05
GDAM,2026-07-22,39,2618.13
GDAM,2026-07-22,40,2400.62
GDAM,2026-07-22,41,2100.22
GDAM,2026-07-22,42,2100.26
GDAM,2026-07-22,43,1999.81
GDAM,2026-07-22,44,1940.84
GDAM,2026-07-22,45,1940.7
GDAM,2026-07-22,46,1940.63
GDAM,2026-07-22,47,1869.52
GDAM,2026-07-22,48,1869.51
GDAM,2026-07-22,49,1999.44
GDAM,2026-07-22,50,1899.12
GDAM,2026-07-22,51,1850.13
GDAM,2026-07-22,52,1880.1
GDAM,2026-07-22,53,1809.19
GDAM,2026-07-22,54,1820.2
GDAM,2026-07-22,55,1834.54
GDAM,2026-07-22,56,1839.6
GDAM,2026-07-22,57,1899.37
GDAM,2026-07-22,58,2039.04
GDAM,2026-07-22,59,2150.14
GDAM,2026-07-22,60,2180.65
GDAM,2026-07-22,61,2569.28
GDAM,2026-07-22,62,2619.25
GDAM,2026-07-22,63,3083.39
GDAM,2026-07-22,64,3200.19
GDAM,2026-07-22,65,3300.36
GDAM,2026-07-22,66,3299.71
GDAM,2026-07-22,67,3300.26
GDAM,2026-07-22,68,3400.79
GDAM,2026-07-22,69,3509.61
GDAM,2026-07-22,70,3748.18
GDAM,2026-07-22,71,3800.04
GDAM,2026-07-22,72,4000.45
GDAM,2026-07-22,73,8300.38
GDAM,2026-07-22,74,8300.95
GDAM,2026-07-22,75,10000.0
GDAM,2026-07-22,76,10000.0
GDAM,2026-07-22,77,10000.0
GDAM,2026-07-22,78,10000.0
GDAM,2026-07-22,79,10000.0
GDAM,2026-07-22,80,10000.0
GDAM,2026-07-22,81,10000.0
GDAM,2026-07-22,82,10000.0
GDAM,2026-07-22,83,10000.0
GDAM,2026-07-22,84,10000.0
GDAM,2026-07-22,85,10000.0
GDAM,2026-07-22,86,10000.0
GDAM,2026-07-22,87,10000.0
GDAM,2026-07-22,88,10000.0
GDAM,2026-07-22,89,10000.0
GDAM,2026-07-22,90,10000.0
GDAM,2026-07-22,91,10000.0
GDAM,2026-07-22,92,10000.0
GDAM,2026-07-22,93,10000.0
GDAM,2026-07-22,94,10000.0
GDAM,2026-07-22,95,10000.0
GDAM,2026-07-22,96,10000.0
GDAM,2026-07-23,1,10000.0
GDAM,2026-07-23,2,10000.0
GDAM,2026-07-23,3,10000.0
GDAM,2026-07-23,4,10000.0
GDAM,2026-07-23,5,10000.0
GDAM,2026-07-23,6,10000.0
GDAM,2026-07-23,7,10000.0
GDAM,2026-07-23,8,10000.0
GDAM,2026-07-23,9,10000.0
GDAM,2026-07-23,10,10000.0
GDAM,2026-07-23,11,10000.0
GDAM,2026-07-23,12,10000.0
GDAM,2026-07-23,13,5499.04
GDAM,2026-07-23,14,5440.22
GDAM,2026-07-23,15,5499.02
GDAM,2026-07-23,16,5499.14
GDAM,2026-07-23,17,4900.18
GDAM,2026-07-23,18,4999.01
GDAM,2026-07-23,19,4900.15
GDAM,2026-07-23,20,4999.22
GDAM,2026-07-23,21,4900.66
GDAM,2026-07-23,22,4999.52
GDAM,2026-07-23,23,5500.54
GDAM,2026-07-23,24,5500.71
GDAM,2026-07-23,25,5850.29
GDAM,2026-07-23,26,8999.92
GDAM,2026-07-23,27,6128.54
GDAM,2026-07-23,28,4900.0
GDAM,2026-07-23,29,4568.2
GDAM,2026-07-23,30,4369.6
GDAM,2026-07-23,31,4200.14
GDAM,2026-07-23,32,3869.46
GDAM,2026-07-23,33,3999.01
GDAM,2026-07-23,34,3500.99
GDAM,2026-07-23,35,3500.85
GDAM,2026-07-23,36,3069.21
GDAM,2026-07-23,37,3200.33
GDAM,2026-07-23,38,3000.97
GDAM,2026-07-23,39,3000.47
GDAM,2026-07-23,40,2999.92
GDAM,2026-07-23,41,2090.55
GDAM,2026-07-23,42,2149.11
GDAM,2026-07-23,43,2100.39
GDAM,2026-07-23,44,2040.46
GDAM,2026-07-23,45,2100.59
GDAM,2026-07-23,46,2069.22
GDAM,2026-07-23,47,2040.48
GDAM,2026-07-23,48,2040.63
GDAM,2026-07-23,49,1940.5
GDAM,2026-07-23,50,1600.83
GDAM,2026-07-23,51,1627.82
GDAM,2026-07-23,52,1600.97
GDAM,2026-07-23,53,1600.68
GDAM,2026-07-23,54,1600.65
GDAM,2026-07-23,55,2000.94
GDAM,2026-07-23,56,2000.85
GDAM,2026-07-23,57,2000.86
GDAM,2026-07-23,58,1900.33
GDAM,2026-07-23,59,1900.3
GDAM,2026-07-23,60,1900.08
GDAM,2026-07-23,61,2200.85
GDAM,2026-07-23,62,2299.78
GDAM,2026-07-23,63,2494.88
GDAM,2026-07-23,64,2530.71
GDAM,2026-07-23,65,2700.69
GDAM,2026-07-23,66,2800.12
GDAM,2026-07-23,67,2999.84
GDAM,2026-07-23,68,3200.21
GDAM,2026-07-23,69,3509.03
GDAM,2026-07-23,70,3500.41
GDAM,2026-07-23,71,3799.18
GDAM,2026-07-23,72,3999.0
GDAM,2026-07-23,73,5500.37
GDAM,2026-07-23,74,5500.76
GDAM,2026-07-23,75,10000.0
GDAM,2026-07-23,76,10000.0
GDAM,2026-07-23,77,10000.0
GDAM,2026-07-23,78,10000.0
GDAM,2026-07-23,79,10000.0
GDAM,2026-07-23,80,10000.0
GDAM,2026-07-23,81,10000.0
GDAM,2026-07-23,82,10000.0
GDAM,2026-07-23,83,10000.0
GDAM,2026-07-23,84,10000.0
GDAM,2026-07-23,85,10000.0
GDAM,2026-07-23,86,10000.0
GDAM,2026-07-23,87,10000.0
GDAM,2026-07-23,88,10000.0
GDAM,2026-07-23,89,10000.0
GDAM,2026-07-23,90,10000.0
GDAM,2026-07-23,91,10000.0
GDAM,2026-07-23,92,10000.0
GDAM,2026-07-23,93,10000.0
GDAM,2026-07-23,94,10000.0
GDAM,2026-07-23,95,10000.0
GDAM,2026-07-23,96,10000.0
GDAM,2026-07-24,1,4999.36
GDAM,2026-07-24,2,4900.13
GDAM,2026-07-24,3,4600.53
GDAM,2026-07-24,4,4510.66
GDAM,2026-07-24,5,4999.15
GDAM,2026-07-24,6,4500.86
GDAM,2026-07-24,7,4500.84
GDAM,2026-07-24,8,4500.73
GDAM,2026-07-24,9,4500.6
GDAM,2026-07-24,10,4500.51
GDAM,2026-07-24,11,4500.49
GDAM,2026-07-24,12,4500.51
GDAM,2026-07-24,13,4500.48
GDAM,2026-07-24,14,4500.5
GDAM,2026-07-24,15,4500.5
GDAM,2026-07-24,16,4500.51
GDAM,2026-07-24,17,4500.46
GDAM,2026-07-24,18,4500.48
GDAM,2026-07-24,19,4500.46
GDAM,2026-07-24,20,4500.48
GDAM,2026-07-24,21,4500.52
GDAM,2026-07-24,22,4500.6
GDAM,2026-07-24,23,5000.04
GDAM,2026-07-24,24,5000.07
GDAM,2026-07-24,25,5000.71
GDAM,2026-07-24,26,5000.53
GDAM,2026-07-24,27,5000.24
GDAM,2026-07-24,28,4999.35
GDAM,2026-07-24,29,5000.08
GDAM,2026-07-24,30,4800.14
GDAM,2026-07-24,31,4400.82
GDAM,2026-07-24,32,4400.41
GDAM,2026-07-24,33,4400.23
GDAM,2026-07-24,34,4400.19
GDAM,2026-07-24,35,4200.58
GDAM,2026-07-24,36,3200.36
GDAM,2026-07-24,37,3200.46
GDAM,2026-07-24,38,3200.05
GDAM,2026-07-24,39,2999.96
GDAM,2026-07-24,40,2699.48
GDAM,2026-07-24,41,2300.18
GDAM,2026-07-24,42,2300.21
GDAM,2026-07-24,43,2200.8
GDAM,2026-07-24,44,2300.01
GDAM,2026-07-24,45,2300.09
GDAM,2026-07-24,46,2300.05
GDAM,2026-07-24,47,2200.75
GDAM,2026-07-24,48,2200.96
GDAM,2026-07-24,49,1850.77
GDAM,2026-07-24,50,1700.28
GDAM,2026-07-24,51,1700.16
GDAM,2026-07-24,52,1700.02
GDAM,2026-07-24,53,1600.7
GDAM,2026-07-24,54,1600.53
GDAM,2026-07-24,55,1700.22
GDAM,2026-07-24,56,1700.81
GDAM,2026-07-24,57,1839.88
GDAM,2026-07-24,58,1840.95
GDAM,2026-07-24,59,1950.04
GDAM,2026-07-24,60,2000.18
GDAM,2026-07-24,61,2210.36
GDAM,2026-07-24,62,2310.95
GDAM,2026-07-24,63,2500.29
GDAM,2026-07-24,64,2500.32
GDAM,2026-07-24,65,2650.89
GDAM,2026-07-24,66,3000.34
GDAM,2026-07-24,67,3199.08
GDAM,2026-07-24,68,3200.76
GDAM,2026-07-24,69,3499.15
GDAM,2026-07-24,70,3499.28
GDAM,2026-07-24,71,3600.08
GDAM,2026-07-24,72,3815.9
GDAM,2026-07-24,73,4500.59
GDAM,2026-07-24,74,4500.98
GDAM,2026-07-24,75,5200.89
GDAM,2026-07-24,76,9998.76
GDAM,2026-07-24,77,9998.99
GDAM,2026-07-24,78,10000.0
GDAM,2026-07-24,79,10000.0
GDAM,2026-07-24,80,10000.0
GDAM,2026-07-24,81,10000.0
GDAM,2026-07-24,82,10000.0
GDAM,2026-07-24,83,10000.0
GDAM,2026-07-24,84,10000.0
GDAM,2026-07-24,85,10000.0
GDAM,2026-07-24,86,10000.0
GDAM,2026-07-24,87,10000.0
GDAM,2026-07-24,88,10000.0
GDAM,2026-07-24,89,10000.0
GDAM,2026-07-24,90,10000.0
GDAM,2026-07-24,91,10000.0
GDAM,2026-07-24,92,10000.0
GDAM,2026-07-24,93,10000.0
GDAM,2026-07-24,94,10000.0
GDAM,2026-07-24,95,10000.0
GDAM,2026-07-24,96,10000.0
GDAM,2026-07-25,1,3974.04
GDAM,2026-07-25,2,3900.27
GDAM,2026-07-25,3,3800.24
GDAM,2026-07-25,4,3800.44
GDAM,2026-07-25,5,3677.98
GDAM,2026-07-25,6,3677.94
GDAM,2026-07-25,7,3600.16
GDAM,2026-07-25,8,3500.96
GDAM,2026-07-25,9,3500.78
GDAM,2026-07-25,10,3500.78
GDAM,2026-07-25,11,3500.72
GDAM,2026-07-25,12,3500.77
GDAM,2026-07-25,13,3500.71
GDAM,2026-07-25,14,3500.71
GDAM,2026-07-25,15,3500.73
GDAM,2026-07-25,16,3500.67
GDAM,2026-07-25,17,4400.12
GDAM,2026-07-25,18,4400.06
GDAM,2026-07-25,19,4400.09
GDAM,2026-07-25,20,4400.13
GDAM,2026-07-25,21,4400.35
GDAM,2026-07-25,22,4400.38
GDAM,2026-07-25,23,4400.41
GDAM,2026-07-25,24,4400.4
GDAM,2026-07-25,25,4400.79
GDAM,2026-07-25,26,4401.0
GDAM,2026-07-25,27,4400.92
GDAM,2026-07-25,28,4400.82
GDAM,2026-07-25,29,4000.26
GDAM,2026-07-25,30,3999.14
GDAM,2026-07-25,31,3675.37
GDAM,2026-07-25,32,3500.88
GDAM,2026-07-25,33,3500.77
GDAM,2026-07-25,34,3500.57
GDAM,2026-07-25,35,3500.27
GDAM,2026-07-25,36,2499.33
GDAM,2026-07-25,37,2399.68
GDAM,2026-07-25,38,2200.2
GDAM,2026-07-25,39,2199.74
GDAM,2026-07-25,40,2000.85
GDAM,2026-07-25,41,1899.94
GDAM,2026-07-25,42,1900.29
GDAM,2026-07-25,43,1900.14
GDAM,2026-07-25,44,1800.5
GDAM,2026-07-25,45,1700.64
GDAM,2026-07-25,46,1969.28
GDAM,2026-07-25,47,1650.72
GDAM,2026-07-25,48,1700.91
GDAM,2026-07-25,49,1650.95
GDAM,2026-07-25,50,1650.62
GDAM,2026-07-25,51,1600.93
GDAM,2026-07-25,52,1600.9
GDAM,2026-07-25,53,1600.53
GDAM,2026-07-25,54,1600.48
GDAM,2026-07-25,55,1600.83
GDAM,2026-07-25,56,1800.25
GDAM,2026-07-25,57,1900.2
GDAM,2026-07-25,58,1900.4
GDAM,2026-07-25,59,1900.19
GDAM,2026-07-25,60,1999.4
GDAM,2026-07-25,61,2299.66
GDAM,2026-07-25,62,2400.89
GDAM,2026-07-25,63,2600.76
GDAM,2026-07-25,64,2740.43
GDAM,2026-07-25,65,2900.39
GDAM,2026-07-25,66,3000.61
GDAM,2026-07-25,67,3200.18
GDAM,2026-07-25,68,3200.59
GDAM,2026-07-25,69,3300.06
GDAM,2026-07-25,70,3410.71
GDAM,2026-07-25,71,3590.64
GDAM,2026-07-25,72,3677.24
GDAM,2026-07-25,73,6700.13
GDAM,2026-07-25,74,6700.31
GDAM,2026-07-25,75,6700.01
GDAM,2026-07-25,76,6700.77
GDAM,2026-07-25,77,10000.0
GDAM,2026-07-25,78,10000.0
GDAM,2026-07-25,79,10000.0
GDAM,2026-07-25,80,10000.0
GDAM,2026-07-25,81,10000.0
GDAM,2026-07-25,82,10000.0
GDAM,2026-07-25,83,10000.0
GDAM,2026-07-25,84,10000.0
GDAM,2026-07-25,85,10000.0
GDAM,2026-07-25,86,10000.0
GDAM,2026-07-25,87,10000.0
GDAM,2026-07-25,88,10000.0
GDAM,2026-07-25,89,10000.0
GDAM,2026-07-25,90,10000.0
GDAM,2026-07-25,91,10000.0
GDAM,2026-07-25,92,10000.0
GDAM,2026-07-25,93,10000.0
GDAM,2026-07-25,94,10000.0
GDAM,2026-07-25,95,10000.0
GDAM,2026-07-25,96,10000.0
GDAM,2026-07-26,1,4000.49
GDAM,2026-07-26,2,4000.54
GDAM,2026-07-26,3,3799.62
GDAM,2026-07-26,4,3799.57
GDAM,2026-07-26,5,3599.57
GDAM,2026-07-26,6,3599.1
GDAM,2026-07-26,7,3599.07
GDAM,2026-07-26,8,3500.5
GDAM,2026-07-26,9,3499.79
GDAM,2026-07-26,10,3499.79
GDAM,2026-07-26,11,3499.78
GDAM,2026-07-26,12,3499.78
GDAM,2026-07-26,13,3499.61
GDAM,2026-07-26,14,3499.57
GDAM,2026-07-26,15,3499.51
GDAM,2026-07-26,16,3499.52
GDAM,2026-07-26,17,3500.91
GDAM,2026-07-26,18,3500.71
GDAM,2026-07-26,19,3500.68
GDAM,2026-07-26,20,3500.68
GDAM,2026-07-26,21,3500.9
GDAM,2026-07-26,22,3700.76
GDAM,2026-07-26,23,3891.61
GDAM,2026-07-26,24,3900.57
GDAM,2026-07-26,25,4510.48
GDAM,2026-07-26,26,4500.88
GDAM,2026-07-26,27,4500.19
GDAM,2026-07-26,28,4250.69
GDAM,2026-07-26,29,4487.05
GDAM,2026-07-26,30,3998.57
GDAM,2026-07-26,31,3674.1
GDAM,2026-07-26,32,3500.28
GDAM,2026-07-26,33,3300.67
GDAM,2026-07-26,34,2512.2
GDAM,2026-07-26,35,2500.36
GDAM,2026-07-26,36,2099.9
GDAM,2026-07-26,37,1999.12
GDAM,2026-07-26,38,1912.73
GDAM,2026-07-26,39,1699.99
GDAM,2026-07-26,40,1600.99
GDAM,2026-07-26,41,1329.94
GDAM,2026-07-26,42,1328.91
GDAM,2026-07-26,43,1599.29
GDAM,2026-07-26,44,1329.55
GDAM,2026-07-26,45,1600.26
GDAM,2026-07-26,46,1500.97
GDAM,2026-07-26,47,1599.23
GDAM,2026-07-26,48,1599.18
GDAM,2026-07-26,49,1199.53
GDAM,2026-07-26,50,1598.4
GDAM,2026-07-26,51,1599.02
GDAM,2026-07-26,52,1599.02
GDAM,2026-07-26,53,1499.15
GDAM,2026-07-26,54,1499.17
GDAM,2026-07-26,55,1499.14
GDAM,2026-07-26,56,1499.16
GDAM,2026-07-26,57,1500.66
GDAM,2026-07-26,58,1500.92
GDAM,2026-07-26,59,1600.73
GDAM,2026-07-26,60,1696.75
GDAM,2026-07-26,61,2099.38
GDAM,2026-07-26,62,2194.73
GDAM,2026-07-26,63,2494.07
GDAM,2026-07-26,64,2499.95
GDAM,2026-07-26,65,2609.09
GDAM,2026-07-26,66,2699.2
GDAM,2026-07-26,67,2800.76
GDAM,2026-07-26,68,2800.81
GDAM,2026-07-26,69,3150.11
GDAM,2026-07-26,70,3149.21
GDAM,2026-07-26,71,3300.07
GDAM,2026-07-26,72,3344.17
GDAM,2026-07-26,73,4500.37
GDAM,2026-07-26,74,4500.61
GDAM,2026-07-26,75,4500.91
GDAM,2026-07-26,76,5000.11
GDAM,2026-07-26,77,5200.64
GDAM,2026-07-26,78,5499.94
GDAM,2026-07-26,79,5846.09
GDAM,2026-07-26,80,9053.14
GDAM,2026-07-26,81,9998.14
GDAM,2026-07-26,82,9998.17
GDAM,2026-07-26,83,9918.75
GDAM,2026-07-26,84,9950.56
GDAM,2026-07-26,85,9998.27
GDAM,2026-07-26,86,9998.24
GDAM,2026-07-26,87,9998.16
GDAM,2026-07-26,88,9998.26
GDAM,2026-07-26,89,9998.23
GDAM,2026-07-26,90,9998.31
GDAM,2026-07-26,91,9998.25
GDAM,2026-07-26,92,9998.18
GDAM,2026-07-26,93,9358.82
GDAM,2026-07-26,94,9443.79
GDAM,2026-07-26,95,9356.54
GDAM,2026-07-26,96,7500.96
GDAM,2026-07-27,1,10000.0
GDAM,2026-07-27,2,10000.0
GDAM,2026-07-27,3,10000.0
GDAM,2026-07-27,4,10000.0
GDAM,2026-07-27,5,10000.0
GDAM,2026-07-27,6,10000.0
GDAM,2026-07-27,7,10000.0
GDAM,2026-07-27,8,10000.0
GDAM,2026-07-27,9,10000.0
GDAM,2026-07-27,10,10000.0
GDAM,2026-07-27,11,10000.0
GDAM,2026-07-27,12,10000.0
GDAM,2026-07-27,13,10000.0
GDAM,2026-07-27,14,10000.0
GDAM,2026-07-27,15,10000.0
GDAM,2026-07-27,16,10000.0
GDAM,2026-07-27,17,6200.33
GDAM,2026-07-27,18,6200.05
GDAM,2026-07-27,19,10000.0
GDAM,2026-07-27,20,10000.0
GDAM,2026-07-27,21,10000.0
GDAM,2026-07-27,22,10000.0
GDAM,2026-07-27,23,10000.0
GDAM,2026-07-27,24,10000.0
GDAM,2026-07-27,25,10000.0
GDAM,2026-07-27,26,10000.0
GDAM,2026-07-27,27,10000.0
GDAM,2026-07-27,28,10000.0
GDAM,2026-07-27,29,5440.35
GDAM,2026-07-27,30,5369.24
GDAM,2026-07-27,31,4700.13
GDAM,2026-07-27,32,3900.6
GDAM,2026-07-27,33,3798.0
GDAM,2026-07-27,34,3600.71
GDAM,2026-07-27,35,3600.48
GDAM,2026-07-27,36,3000.8
GDAM,2026-07-27,37,2999.61
GDAM,2026-07-27,38,2500.98
GDAM,2026-07-27,39,2500.59
GDAM,2026-07-27,40,2500.4
GDAM,2026-07-27,41,1900.65
GDAM,2026-07-27,42,1900.73
GDAM,2026-07-27,43,2000.02
GDAM,2026-07-27,44,1900.8
GDAM,2026-07-27,45,1900.83
GDAM,2026-07-27,46,1900.09
GDAM,2026-07-27,47,1700.64
GDAM,2026-07-27,48,1700.18
GDAM,2026-07-27,49,1700.58
GDAM,2026-07-27,50,1700.14
GDAM,2026-07-27,51,1620.57
GDAM,2026-07-27,52,1620.45
GDAM,2026-07-27,53,1600.03
GDAM,2026-07-27,54,1506.8
GDAM,2026-07-27,55,1650.04
GDAM,2026-07-27,56,1650.8
GDAM,2026-07-27,57,1700.11
GDAM,2026-07-27,58,1800.3
GDAM,2026-07-27,59,1800.45
GDAM,2026-07-27,60,1950.45
GDAM,2026-07-27,61,2250.53
GDAM,2026-07-27,62,2350.64
GDAM,2026-07-27,63,2393.83
GDAM,2026-07-27,64,2550.68
GDAM,2026-07-27,65,3000.65
GDAM,2026-07-27,66,3200.46
GDAM,2026-07-27,67,3200.4
GDAM,2026-07-27,68,3300.03
GDAM,2026-07-27,69,3400.61
GDAM,2026-07-27,70,3500.03
GDAM,2026-07-27,71,3500.74
GDAM,2026-07-27,72,3650.12
GDAM,2026-07-27,73,4999.04
GDAM,2026-07-27,74,5500.67
GDAM,2026-07-27,75,4999.61
GDAM,2026-07-27,76,5511.93
GDAM,2026-07-27,77,7000.86
GDAM,2026-07-27,78,10000.0
GDAM,2026-07-27,79,10000.0
GDAM,2026-07-27,80,10000.0
GDAM,2026-07-27,81,10000.0
GDAM,2026-07-27,82,10000.0
GDAM,2026-07-27,83,10000.0
GDAM,2026-07-27,84,10000.0
GDAM,2026-07-27,85,10000.0
GDAM,2026-07-27,86,10000.0
GDAM,2026-07-27,87,10000.0
GDAM,2026-07-27,88,10000.0
GDAM,2026-07-27,89,10000.0
GDAM,2026-07-27,90,10000.0
GDAM,2026-07-27,91,10000.0
GDAM,2026-07-27,92,10000.0
GDAM,2026-07-27,93,10000.0
GDAM,2026-07-27,94,10000.0
GDAM,2026-07-27,95,10000.0
GDAM,2026-07-27,96,10000.0
GDAM,2026-07-28,1,10000.0
GDAM,2026-07-28,2,10000.0
GDAM,2026-07-28,3,10000.0
GDAM,2026-07-28,4,10000.0
GDAM,2026-07-28,5,10000.0
GDAM,2026-07-28,6,10000.0
GDAM,2026-07-28,7,10000.0
GDAM,2026-07-28,8,10000.0
GDAM,2026-07-28,9,10000.0
GDAM,2026-07-28,10,10000.0
GDAM,2026-07-28,11,9998.14
GDAM,2026-07-28,12,9998.15
GDAM,2026-07-28,13,6000.39
GDAM,2026-07-28,14,6000.48
GDAM,2026-07-28,15,6000.56
GDAM,2026-07-28,16,6000.6
GDAM,2026-07-28,17,5500.96
GDAM,2026-07-28,18,5500.83
GDAM,2026-07-28,19,6000.07
GDAM,2026-07-28,20,6200.78
GDAM,2026-07-28,21,10000.0
GDAM,2026-07-28,22,10000.0
GDAM,2026-07-28,23,10000.0
GDAM,2026-07-28,24,10000.0
GDAM,2026-07-28,25,10000.0
GDAM,2026-07-28,26,10000.0
GDAM,2026-07-28,27,10000.0
GDAM,2026-07-28,28,10000.0
GDAM,2026-07-28,29,10000.0
GDAM,2026-07-28,30,6000.22
GDAM,2026-07-28,31,5499.11
GDAM,2026-07-28,32,4999.11
GDAM,2026-07-28,33,4000.65
GDAM,2026-07-28,34,4000.25
GDAM,2026-07-28,35,3999.54
GDAM,2026-07-28,36,3099.67
GDAM,2026-07-28,37,3200.69
GDAM,2026-07-28,38,2922.52
GDAM,2026-07-28,39,2793.35
GDAM,2026-07-28,40,2749.1
GDAM,2026-07-28,41,2300.68
GDAM,2026-07-28,42,2256.41
GDAM,2026-07-28,43,2249.36
GDAM,2026-07-28,44,2150.53
GDAM,2026-07-28,45,2150.55
GDAM,2026-07-28,46,2149.5
GDAM,2026-07-28,47,2059.52
GDAM,2026-07-28,48,2060.51
GDAM,2026-07-28,49,2032.46
GDAM,2026-07-28,50,1993.16
GDAM,2026-07-28,51,1947.19
GDAM,2026-07-28,52,1869.37
GDAM,2026-07-28,53,1849.36
GDAM,2026-07-28,54,1756.66
GDAM,2026-07-28,55,1899.31
GDAM,2026-07-28,56,1900.29
GDAM,2026-07-28,57,2089.3
GDAM,2026-07-28,58,2168.39
GDAM,2026-07-28,59,2251.5
GDAM,2026-07-28,60,2423.47
GDAM,2026-07-28,61,2569.92
GDAM,2026-07-28,62,2869.87
GDAM,2026-07-28,63,3180.67
GDAM,2026-07-28,64,3346.05
GDAM,2026-07-28,65,3500.38
GDAM,2026-07-28,66,3500.93
GDAM,2026-07-28,67,3651.82
GDAM,2026-07-28,68,3789.08
GDAM,2026-07-28,69,3540.3
GDAM,2026-07-28,70,3676.52
GDAM,2026-07-28,71,3950.59
GDAM,2026-07-28,72,4299.5
GDAM,2026-07-28,73,5050.47
GDAM,2026-07-28,74,5500.26
GDAM,2026-07-28,75,9889.93
GDAM,2026-07-28,76,10000.0
GDAM,2026-07-28,77,10000.0
GDAM,2026-07-28,78,10000.0
GDAM,2026-07-28,79,10000.0
GDAM,2026-07-28,80,10000.0
GDAM,2026-07-28,81,10000.0
GDAM,2026-07-28,82,10000.0
GDAM,2026-07-28,83,10000.0
GDAM,2026-07-28,84,10000.0
GDAM,2026-07-28,85,10000.0
GDAM,2026-07-28,86,10000.0
GDAM,2026-07-28,87,10000.0
GDAM,2026-07-28,88,10000.0
GDAM,2026-07-28,89,10000.0
GDAM,2026-07-28,90,10000.0
GDAM,2026-07-28,91,10000.0
GDAM,2026-07-28,92,10000.0
GDAM,2026-07-28,93,10000.0
GDAM,2026-07-28,94,10000.0
GDAM,2026-07-28,95,10000.0
GDAM,2026-07-28,96,10000.0
GDAM,2026-07-29,1,10000.0
GDAM,2026-07-29,2,10000.0
GDAM,2026-07-29,3,10000.0
GDAM,2026-07-29,4,10000.0
GDAM,2026-07-29,5,10000.0
GDAM,2026-07-29,6,9998.98
GDAM,2026-07-29,7,5000.32
GDAM,2026-07-29,8,4750.9
GDAM,2026-07-29,9,4750.03
GDAM,2026-07-29,10,4750.02
GDAM,2026-07-29,11,4750.02
GDAM,2026-07-29,12,4750.01
GDAM,2026-07-29,13,4750.08
GDAM,2026-07-29,14,4750.07
GDAM,2026-07-29,15,4750.07
GDAM,2026-07-29,16,4510.76
GDAM,2026-07-29,17,4750.05
GDAM,2026-07-29,18,4600.42
GDAM,2026-07-29,19,4750.01
GDAM,2026-07-29,20,4750.06
GDAM,2026-07-29,21,4750.39
GDAM,2026-07-29,22,4999.16
GDAM,2026-07-29,23,9998.07
GDAM,2026-07-29,24,9998.53
GDAM,2026-07-29,25,7369.74
GDAM,2026-07-29,26,9998.29
GDAM,2026-07-29,27,7499.76
GDAM,2026-07-29,28,5500.76
GDAM,2026-07-29,29,5000.4
GDAM,2026-07-29,30,4500.94
GDAM,2026-07-29,31,4500.73
GDAM,2026-07-29,32,3800.89
GDAM,2026-07-29,33,3769.72
GDAM,2026-07-29,34,3469.81
GDAM,2026-07-29,35,3199.34
GDAM,2026-07-29,36,2500.56
GDAM,2026-07-29,37,2300.26
GDAM,2026-07-29,38,2100.89
GDAM,2026-07-29,39,2100.41
GDAM,2026-07-29,40,2000.21
GDAM,2026-07-29,41,1799.7
GDAM,2026-07-29,42,1799.71
GDAM,2026-07-29,43,1699.82
GDAM,2026-07-29,44,1600.05
GDAM,2026-07-29,45,1599.49
GDAM,2026-07-29,46,1600.5
GDAM,2026-07-29,47,1600.48
GDAM,2026-07-29,48,1600.36
GDAM,2026-07-29,49,1599.86
GDAM,2026-07-29,50,1510.47
GDAM,2026-07-29,51,1510.44
GDAM,2026-07-29,52,1510.43
GDAM,2026-07-29,53,1500.41
GDAM,2026-07-29,54,1500.37
GDAM,2026-07-29,55,1510.45
GDAM,2026-07-29,56,1510.44
GDAM,2026-07-29,57,1510.83
GDAM,2026-07-29,58,1669.25
GDAM,2026-07-29,59,1799.18
GDAM,2026-07-29,60,1799.48
GDAM,2026-07-29,61,1850.97
GDAM,2026-07-29,62,2100.85
GDAM,2026-07-29,63,2365.57
GDAM,2026-07-29,64,2500.33
GDAM,2026-07-29,65,2700.96
GDAM,2026-07-29,66,2999.61
GDAM,2026-07-29,67,3099.39
GDAM,2026-07-29,68,3099.84
GDAM,2026-07-29,69,3000.76
GDAM,2026-07-29,70,3000.35
GDAM,2026-07-29,71,3100.55
GDAM,2026-07-29,72,3500.38
GDAM,2026-07-29,73,5299.93
GDAM,2026-07-29,74,5846.5
GDAM,2026-07-29,75,6500.91
GDAM,2026-07-29,76,9998.3
GDAM,2026-07-29,77,10000.0
GDAM,2026-07-29,78,10000.0
GDAM,2026-07-29,79,10000.0
GDAM,2026-07-29,80,10000.0
GDAM,2026-07-29,81,10000.0
GDAM,2026-07-29,82,10000.0
GDAM,2026-07-29,83,10000.0
GDAM,2026-07-29,84,10000.0
GDAM,2026-07-29,85,10000.0
GDAM,2026-07-29,86,10000.0
GDAM,2026-07-29,87,10000.0
GDAM,2026-07-29,88,10000.0
GDAM,2026-07-29,89,10000.0
GDAM,2026-07-29,90,10000.0
GDAM,2026-07-29,91,10000.0
GDAM,2026-07-29,92,10000.0
GDAM,2026-07-29,93,10000.0
GDAM,2026-07-29,94,10000.0
GDAM,2026-07-29,95,10000.0
GDAM,2026-07-29,96,10000.0
GDAM,2026-07-30,1,10000.0
GDAM,2026-07-30,2,10000.0
GDAM,2026-07-30,3,10000.0
GDAM,2026-07-30,4,10000.0
GDAM,2026-07-30,5,5200.89
GDAM,2026-07-30,6,5200.73
GDAM,2026-07-30,7,5000.63
GDAM,2026-07-30,8,5000.59
GDAM,2026-07-30,9,4999.93
GDAM,2026-07-30,10,4999.55
GDAM,2026-07-30,11,5000.11
GDAM,2026-07-30,12,5000.28
GDAM,2026-07-30,13,4999.22
GDAM,2026-07-30,14,4699.98
GDAM,2026-07-30,15,5000.07
GDAM,2026-07-30,16,4999.84
GDAM,2026-07-30,17,4699.89
GDAM,2026-07-30,18,4999.21
GDAM,2026-07-30,19,5000.13
GDAM,2026-07-30,20,5000.32
GDAM,2026-07-30,21,5700.01
GDAM,2026-07-30,22,5700.1
GDAM,2026-07-30,23,5700.49
GDAM,2026-07-30,24,5700.5
GDAM,2026-07-30,25,6050.61
GDAM,2026-07-30,26,6050.59
GDAM,2026-07-30,27,6000.48
GDAM,2026-07-30,28,5700.85
GDAM,2026-07-30,29,4999.64
GDAM,2026-07-30,30,4499.68
GDAM,2026-07-30,31,3600.52
GDAM,2026-07-30,32,3400.93
GDAM,2026-07-30,33,3400.78
GDAM,2026-07-30,34,3400.31
GDAM,2026-07-30,35,3198.32
GDAM,2026-07-30,36,2499.81
GDAM,2026-07-30,37,2299.62
GDAM,2026-07-30,38,2100.53
GDAM,2026-07-30,39,2099.47
GDAM,2026-07-30,40,1999.47
GDAM,2026-07-30,41,1799.32
GDAM,2026-07-30,42,1799.03
GDAM,2026-07-30,43,1699.65
GDAM,2026-07-30,44,1600.48
GDAM,2026-07-30,45,1700.02
GDAM,2026-07-30,46,1700.02
GDAM,2026-07-30,47,1620.33
GDAM,2026-07-30,48,1620.05
GDAM,2026-07-30,49,1600.91
GDAM,2026-07-30,50,1509.98
GDAM,2026-07-30,51,1509.95
GDAM,2026-07-30,52,1509.94
GDAM,2026-07-30,53,1500.7
GDAM,2026-07-30,54,1500.69
GDAM,2026-07-30,55,1509.95
GDAM,2026-07-30,56,1509.92
GDAM,2026-07-30,57,1510.95
GDAM,2026-07-30,58,1668.45
GDAM,2026-07-30,59,1798.29
GDAM,2026-07-30,60,1798.14
GDAM,2026-07-30,61,1850.63
GDAM,2026-07-30,62,2100.51
GDAM,2026-07-30,63,2000.88
GDAM,2026-07-30,64,2400.92
GDAM,2026-07-30,65,2700.28
GDAM,2026-07-30,66,2500.94
GDAM,2026-07-30,67,2700.97
GDAM,2026-07-30,68,3069.84
GDAM,2026-07-30,69,3000.73
GDAM,2026-07-30,70,3200.08
GDAM,2026-07-30,71,3300.01
GDAM,2026-07-30,72,3600.44
GDAM,2026-07-30,73,6800.01
GDAM,2026-07-30,74,6800.15
GDAM,2026-07-30,75,6499.73
GDAM,2026-07-30,76,7650.5
GDAM,2026-07-30,77,10000.0
GDAM,2026-07-30,78,10000.0
GDAM,2026-07-30,79,10000.0
GDAM,2026-07-30,80,10000.0
GDAM,2026-07-30,81,10000.0
GDAM,2026-07-30,82,10000.0
GDAM,2026-07-30,83,10000.0
GDAM,2026-07-30,84,10000.0
GDAM,2026-07-30,85,10000.0
GDAM,2026-07-30,86,10000.0
GDAM,2026-07-30,87,10000.0
GDAM,2026-07-30,88,10000.0
GDAM,2026-07-30,89,10000.0
GDAM,2026-07-30,90,10000.0
GDAM,2026-07-30,91,10000.0
GDAM,2026-07-30,92,10000.0
GDAM,2026-07-30,93,10000.0
GDAM,2026-07-30,94,10000.0
GDAM,2026-07-30,95,10000.0
GDAM,2026-07-30,96,10000.0
GDAM,2026-07-31,1,10000.0
GDAM,2026-07-31,2,10000.0
GDAM,2026-07-31,3,10000.0
GDAM,2026-07-31,4,10000.0
GDAM,2026-07-31,5,10000.0
GDAM,2026-07-31,6,5512.35
GDAM,2026-07-31,7,4999.8
GDAM,2026-07-31,8,4999.84
GDAM,2026-07-31,9,4000.86
GDAM,2026-07-31,10,4000.93
GDAM,2026-07-31,11,4000.94
GDAM,2026-07-31,12,4000.83
GDAM,2026-07-31,13,4000.61
GDAM,2026-07-31,14,4000.63
GDAM,2026-07-31,15,4000.51
GDAM,2026-07-31,16,4000.51
GDAM,2026-07-31,17,4000.48
GDAM,2026-07-31,18,4000.5
GDAM,2026-07-31,19,4000.49
GDAM,2026-07-31,20,4000.5
GDAM,2026-07-31,21,4000.66
GDAM,2026-07-31,22,4000.86
GDAM,2026-07-31,23,5000.96
GDAM,2026-07-31,24,6000.67
GDAM,2026-07-31,25,9998.34
GDAM,2026-07-31,26,6600.64
GDAM,2026-07-31,27,6000.88
GDAM,2026-07-31,28,5300.27
GDAM,2026-07-31,29,3675.04
GDAM,2026-07-31,30,3500.47
GDAM,2026-07-31,31,3499.67
GDAM,2026-07-31,32,3399.46
GDAM,2026-07-31,33,3200.48
GDAM,2026-07-31,34,3000.58
GDAM,2026-07-31,35,3000.58
GDAM,2026-07-31,36,2499.18
GDAM,2026-07-31,37,2100.84
GDAM,2026-07-31,38,2000.99
GDAM,2026-07-31,39,1749.9
GDAM,2026-07-31,40,1600.9
GDAM,2026-07-31,41,1600.12
GDAM,2026-07-31,42,1500.3
GDAM,2026-07-31,43,1500.4
GDAM,2026-07-31,44,1400.45
GDAM,2026-07-31,45,1304.8
GDAM,2026-07-31,46,1400.77
GDAM,2026-07-31,47,1400.81
GDAM,2026-07-31,48,1400.74
GDAM,2026-07-31,49,1400.5
GDAM,2026-07-31,50,1200.83
GDAM,2026-07-31,51,1200.91
GDAM,2026-07-31,52,1200.88
GDAM,2026-07-31,53,1200.84
GDAM,2026-07-31,54,1200.88
GDAM,2026-07-31,55,1200.92
GDAM,2026-07-31,56,1200.95
GDAM,2026-07-31,57,1200.74
GDAM,2026-07-31,58,1299.53
GDAM,2026-07-31,59,1299.64
GDAM,2026-07-31,60,1300.27
GDAM,2026-07-31,61,1499.71
GDAM,2026-07-31,62,1699.67
GDAM,2026-07-31,63,1900.01
GDAM,2026-07-31,64,1840.86
GDAM,2026-07-31,65,2200.22
GDAM,2026-07-31,66,2200.82
GDAM,2026-07-31,67,2350.85
GDAM,2026-07-31,68,2600.39
GDAM,2026-07-31,69,3000.44
GDAM,2026-07-31,70,3199.58
GDAM,2026-07-31,71,3299.12
GDAM,2026-07-31,72,3599.27
GDAM,2026-07-31,73,6799.85
GDAM,2026-07-31,74,6800.16
GDAM,2026-07-31,75,6800.25
GDAM,2026-07-31,76,7650.03
GDAM,2026-07-31,77,10000.0
GDAM,2026-07-31,78,10000.0
GDAM,2026-07-31,79,10000.0
GDAM,2026-07-31,80,10000.0
GDAM,2026-07-31,81,10000.0
GDAM,2026-07-31,82,10000.0
GDAM,2026-07-31,83,10000.0
GDAM,2026-07-31,84,10000.0
GDAM,2026-07-31,85,10000.0
GDAM,2026-07-31,86,10000.0
GDAM,2026-07-31,87,10000.0
GDAM,2026-07-31,88,10000.0
GDAM,2026-07-31,89,10000.0
GDAM,2026-07-31,90,10000.0
GDAM,2026-07-31,91,10000.0
GDAM,2026-07-31,92,10000.0
GDAM,2026-07-31,93,10000.0
GDAM,2026-07-31,94,10000.0
GDAM,2026-07-31,95,10000.0
GDAM,2026-07-31,96,10000.0
GDAM,2026-08-01,1,10000.0
GDAM,2026-08-01,2,10000.0
GDAM,2026-08-01,3,10000.0
GDAM,2026-08-01,4,10000.0
GDAM,2026-08-01,5,10000.0
GDAM,2026-08-01,6,10000.0
GDAM,2026-08-01,7,9510.47
GDAM,2026-08-01,8,4999.69
GDAM,2026-08-01,9,5500.04
GDAM,2026-08-01,10,5500.03
GDAM,2026-08-01,11,4200.8
GDAM,2026-08-01,12,4250.21
GDAM,2026-08-01,13,4013.31
GDAM,2026-08-01,14,4000.89
GDAM,2026-08-01,15,4000.79
GDAM,2026-08-01,16,4000.76
GDAM,2026-08-01,17,4000.41
GDAM,2026-08-01,18,4000.54
GDAM,2026-08-01,19,4000.45
GDAM,2026-08-01,20,4000.71
GDAM,2026-08-01,21,4000.86
GDAM,2026-08-01,22,4083.06
GDAM,2026-08-01,23,4200.98
GDAM,2026-08-01,24,4200.1
GDAM,2026-08-01,25,4400.79
GDAM,2026-08-01,26,4500.6
GDAM,2026-08-01,27,4400.01
GDAM,2026-08-01,28,4000.87
GDAM,2026-08-01,29,3676.53
GDAM,2026-08-01,30,3600.64
GDAM,2026-08-01,31,3500.66
GDAM,2026-08-01,32,3200.89
GDAM,2026-08-01,33,3200.28
GDAM,2026-08-01,34,3200.03
GDAM,2026-08-01,35,3200.0
GDAM,2026-08-01,36,2499.24
GDAM,2026-08-01,37,2159.76
GDAM,2026-08-01,38,2030.56
GDAM,2026-08-01,39,1800.76
GDAM,2026-08-01,40,1800.42
GDAM,2026-08-01,41,1600.47
GDAM,2026-08-01,42,1599.81
GDAM,2026-08-01,43,1599.53
GDAM,2026-08-01,44,1500.82
GDAM,2026-08-01,45,1500.53
GDAM,2026-08-01,46,1500.43
GDAM,2026-08-01,47,1500.17
GDAM,2026-08-01,48,1426.4
GDAM,2026-08-01,49,1400.69
GDAM,2026-08-01,50,1250.41
GDAM,2026-08-01,51,1250.34
GDAM,2026-08-01,52,1200.9
GDAM,2026-08-01,53,1199.98
GDAM,2026-08-01,54,1200.09
GDAM,2026-08-01,55,1299.27
GDAM,2026-08-01,56,1299.07
GDAM,2026-08-01,57,1399.04
GDAM,2026-08-01,58,1457.6
GDAM,2026-08-01,59,1599.73
GDAM,2026-08-01,60,1599.32
GDAM,2026-08-01,61,1699.73
GDAM,2026-08-01,62,1799.33
GDAM,2026-08-01,63,1999.55
GDAM,2026-08-01,64,2200.19
GDAM,2026-08-01,65,2400.42
GDAM,2026-08-01,66,2599.9
GDAM,2026-08-01,67,2600.77
GDAM,2026-08-01,68,2800.86
GDAM,2026-08-01,69,3199.58
GDAM,2026-08-01,70,3490.88
GDAM,2026-08-01,71,3600.71
GDAM,2026-08-01,72,4510.16
GDAM,2026-08-01,73,5000.94
GDAM,2026-08-01,74,5310.8
GDAM,2026-08-01,75,6000.13
GDAM,2026-08-01,76,7649.12
GDAM,2026-08-01,77,10000.0
GDAM,2026-08-01,78,10000.0
GDAM,2026-08-01,79,10000.0
GDAM,2026-08-01,80,10000.0
GDAM,2026-08-01,81,10000.0
GDAM,2026-08-01,82,10000.0
GDAM,2026-08-01,83,10000.0
GDAM,2026-08-01,84,10000.0
GDAM,2026-08-01,85,10000.0
GDAM,2026-08-01,86,10000.0
GDAM,2026-08-01,87,10000.0
GDAM,2026-08-01,88,10000.0
GDAM,2026-08-01,89,10000.0
GDAM,2026-08-01,90,10000.0
GDAM,2026-08-01,91,10000.0
GDAM,2026-08-01,92,10000.0
GDAM,2026-08-01,93,10000.0
GDAM,2026-08-01,94,10000.0
GDAM,2026-08-01,95,10000.0
GDAM,2026-08-01,96,10000.0
GDAM,2026-08-02,1,10000.0
GDAM,2026-08-02,2,10000.0
GDAM,2026-08-02,3,9998.69
GDAM,2026-08-02,4,9998.53
GDAM,2026-08-02,5,4000.5
GDAM,2026-08-02,6,3891.06
GDAM,2026-08-02,7,3891.02
GDAM,2026-08-02,8,3859.32
GDAM,2026-08-02,9,3800.94
GDAM,2026-08-02,10,3815.6
GDAM,2026-08-02,11,3800.3
GDAM,2026-08-02,12,3800.73
GDAM,2026-08-02,13,3290.33
GDAM,2026-08-02,14,3290.39
GDAM,2026-08-02,15,3290.08
GDAM,2026-08-02,16,3258.97
GDAM,2026-08-02,17,3500.43
GDAM,2026-08-02,18,3500.51
GDAM,2026-08-02,19,3500.53
GDAM,2026-08-02,20,3500.47
GDAM,2026-08-02,21,3500.57
GDAM,2026-08-02,22,3500.61
GDAM,2026-08-02,23,3680.46
GDAM,2026-08-02,24,3700.04
GDAM,2026-08-02,25,4500.98
GDAM,2026-08-02,26,4510.53
GDAM,2026-08-02,27,4500.57
GDAM,2026-08-02,28,4000.78
GDAM,2026-08-02,29,3600.6
GDAM,2026-08-02,30,3500.99
GDAM,2026-08-02,31,3499.72
GDAM,2026-08-02,32,3100.04
GDAM,2026-08-02,33,2800.36
GDAM,2026-08-02,34,2500.82
GDAM,2026-08-02,35,2500.51
GDAM,2026-08-02,36,1800.74
GDAM,2026-08-02,37,1700.35
GDAM,2026-08-02,38,1700.76
GDAM,2026-08-02,39,1600.87
GDAM,2026-08-02,40,1600.84
GDAM,2026-08-02,41,1499.31
GDAM,2026-08-02,42,1499.71
GDAM,2026-08-02,43,1549.2
GDAM,2026-08-02,44,1500.2
GDAM,2026-08-02,45,1500.88
GDAM,2026-08-02,46,1499.56
GDAM,2026-08-02,47,1499.81
GDAM,2026-08-02,48,1425.83
GDAM,2026-08-02,49,1410.27
GDAM,2026-08-02,50,1260.9
GDAM,2026-08-02,51,1260.57
GDAM,2026-08-02,52,1220.35
GDAM,2026-08-02,53,1199.84
GDAM,2026-08-02,54,1199.6
GDAM,2026-08-02,55,1298.67
GDAM,2026-08-02,56,1410.4
GDAM,2026-08-02,57,1410.45
GDAM,2026-08-02,58,1460.37
GDAM,2026-08-02,59,1600.18
GDAM,2026-08-02,60,1600.03
GDAM,2026-08-02,61,1699.59
GDAM,2026-08-02,62,1798.05
GDAM,2026-08-02,63,1600.81
GDAM,2026-08-02,64,2000.72
GDAM,2026-08-02,65,2200.93
GDAM,2026-08-02,66,2365.79
GDAM,2026-08-02,67,2600.0
GDAM,2026-08-02,68,2800.33
GDAM,2026-08-02,69,3101.67
GDAM,2026-08-02,70,3300.41
GDAM,2026-08-02,71,3499.76
GDAM,2026-08-02,72,3676.38
GDAM,2026-08-02,73,4001.0
GDAM,2026-08-02,74,4700.66
GDAM,2026-08-02,75,5500.08
GDAM,2026-08-02,76,6600.56
GDAM,2026-08-02,77,9998.89
GDAM,2026-08-02,78,10000.0
GDAM,2026-08-02,79,10000.0
GDAM,2026-08-02,80,10000.0
GDAM,2026-08-02,81,10000.0
GDAM,2026-08-02,82,10000.0
GDAM,2026-08-02,83,9998.98
GDAM,2026-08-02,84,10000.0
GDAM,2026-08-02,85,10000.0
GDAM,2026-08-02,86,10000.0
GDAM,2026-08-02,87,10000.0
GDAM,2026-08-02,88,10000.0
GDAM,2026-08-02,89,10000.0
GDAM,2026-08-02,90,10000.0
GDAM,2026-08-02,91,10000.0
GDAM,2026-08-02,92,10000.0
GDAM,2026-08-02,93,10000.0
GDAM,2026-08-02,94,10000.0
GDAM,2026-08-02,95,10000.0
GDAM,2026-08-02,96,10000.0
GDAM,2026-08-03,1,10000.0
GDAM,2026-08-03,2,10000.0
GDAM,2026-08-03,3,9998.73
GDAM,2026-08-03,4,5499.73
GDAM,2026-08-03,5,4600.91
GDAM,2026-08-03,6,4600.78
GDAM,2026-08-03,7,4600.52
GDAM,2026-08-03,8,4600.21
GDAM,2026-08-03,9,4159.39
GDAM,2026-08-03,10,4141.24
GDAM,2026-08-03,11,4000.99
GDAM,2026-08-03,12,4086.78
GDAM,2026-08-03,13,4250.76
GDAM,2026-08-03,14,4250.97
GDAM,2026-08-03,15,4250.49
GDAM,2026-08-03,16,4000.5
GDAM,2026-08-03,17,3500.84
GDAM,2026-08-03,18,3500.85
GDAM,2026-08-03,19,3500.84
GDAM,2026-08-03,20,3500.84
GDAM,2026-08-03,21,3500.8
GDAM,2026-08-03,22,3500.78
GDAM,2026-08-03,23,3676.53
GDAM,2026-08-03,24,3676.78
GDAM,2026-08-03,25,4749.54
GDAM,2026-08-03,26,4999.18
GDAM,2026-08-03,27,4700.43
GDAM,2026-08-03,28,4500.17
GDAM,2026-08-03,29,4000.15
GDAM,2026-08-03,30,3659.98
GDAM,2026-08-03,31,3600.93
GDAM,2026-08-03,32,3600.32
GDAM,2026-08-03,33,3200.63
GDAM,2026-08-03,34,3000.21
GDAM,2026-08-03,35,2959.9
GDAM,2026-08-03,36,2500.41
GDAM,2026-08-03,37,2512.34
GDAM,2026-08-03,38,2500.92
GDAM,2026-08-03,39,2499.87
GDAM,2026-08-03,40,2359.64
GDAM,2026-08-03,41,1900.03
GDAM,2026-08-03,42,1900.08
GDAM,2026-08-03,43,1880.26
GDAM,2026-08-03,44,1900.37
GDAM,2026-08-03,45,2499.18
GDAM,2026-08-03,46,2499.25
GDAM,2026-08-03,47,2499.12
GDAM,2026-08-03,48,2499.1
GDAM,2026-08-03,49,2499.08
GDAM,2026-08-03,50,2040.83
GDAM,2026-08-03,51,2040.79
GDAM,2026-08-03,52,2040.59
GDAM,2026-08-03,53,2000.19
GDAM,2026-08-03,54,1940.01
GDAM,2026-08-03,55,2000.05
GDAM,2026-08-03,56,2040.01
GDAM,2026-08-03,57,2000.7
GDAM,2026-08-03,58,2000.73
GDAM,2026-08-03,59,2000.97
GDAM,2026-08-03,60,2040.2
GDAM,2026-08-03,61,2550.59
GDAM,2026-08-03,62,2599.95
GDAM,2026-08-03,63,2600.06
GDAM,2026-08-03,64,2700.32
GDAM,2026-08-03,65,3100.33
GDAM,2026-08-03,66,3298.56
GDAM,2026-08-03,67,3600.39
GDAM,2026-08-03,68,3600.92
GDAM,2026-08-03,69,3500.73
GDAM,2026-08-03,70,3500.9
GDAM,2026-08-03,71,3600.82
GDAM,2026-08-03,72,3700.0
GDAM,2026-08-03,73,4900.85
GDAM,2026-08-03,74,5200.13
GDAM,2026-08-03,75,10000.0
GDAM,2026-08-03,76,10000.0
GDAM,2026-08-03,77,10000.0
GDAM,2026-08-03,78,10000.0
GDAM,2026-08-03,79,10000.0
GDAM,2026-08-03,80,10000.0
GDAM,2026-08-03,81,10000.0
GDAM,2026-08-03,82,10000.0
GDAM,2026-08-03,83,10000.0
GDAM,2026-08-03,84,10000.0
GDAM,2026-08-03,85,10000.0
GDAM,2026-08-03,86,10000.0
GDAM,2026-08-03,87,10000.0
GDAM,2026-08-03,88,10000.0
GDAM,2026-08-03,89,10000.0
GDAM,2026-08-03,90,10000.0
GDAM,2026-08-03,91,10000.0
GDAM,2026-08-03,92,10000.0
GDAM,2026-08-03,93,10000.0
GDAM,2026-08-03,94,10000.0
GDAM,2026-08-03,95,10000.0
GDAM,2026-08-03,96,10000.0
GDAM,2026-08-04,1,10000.0
GDAM,2026-08-04,2,10000.0
GDAM,2026-08-04,3,10000.0
GDAM,2026-08-04,4,10000.0
GDAM,2026-08-04,5,10000.0
GDAM,2026-08-04,6,10000.0
GDAM,2026-08-04,7,10000.0
GDAM,2026-08-04,8,9999.56
GDAM,2026-08-04,9,4158.63
GDAM,2026-08-04,10,4140.76
GDAM,2026-08-04,11,4000.85
GDAM,2026-08-04,12,4086.62
GDAM,2026-08-04,13,4199.05
GDAM,2026-08-04,14,4199.04
GDAM,2026-08-04,15,4199.08
GDAM,2026-08-04,16,4000.73
GDAM,2026-08-04,17,4000.57
GDAM,2026-08-04,18,4000.58
GDAM,2026-08-04,19,4000.57
GDAM,2026-08-04,20,4001.0
GDAM,2026-08-04,21,4200.25
GDAM,2026-08-04,22,4141.79
GDAM,2026-08-04,23,4250.22
GDAM,2026-08-04,24,6500.21
GDAM,2026-08-04,25,9998.47
GDAM,2026-08-04,26,9998.68
GDAM,2026-08-04,27,9998.36
GDAM,2026-08-04,28,6500.96
GDAM,2026-08-04,29,6154.58
GDAM,2026-08-04,30,5846.45
GDAM,2026-08-04,31,5439.11
GDAM,2026-08-04,32,4041.61
GDAM,2026-08-04,33,4200.85
GDAM,2026-08-04,34,4000.05
GDAM,2026-08-04,35,3800.52
GDAM,2026-08-04,36,3280.69
GDAM,2026-08-04,37,3012.51
GDAM,2026-08-04,38,2800.32
GDAM,2026-08-04,39,2499.73
GDAM,2026-08-04,40,2359.81
GDAM,2026-08-04,41,2000.64
GDAM,2026-08-04,42,2000.54
GDAM,2026-08-04,43,2000.62
GDAM,2026-08-04,44,2000.57
GDAM,2026-08-04,45,2498.34
GDAM,2026-08-04,46,2498.3
GDAM,2026-08-04,47,2498.35
GDAM,2026-08-04,48,2498.34
GDAM,2026-08-04,49,2498.35
GDAM,2026-08-04,50,2040.82
GDAM,2026-08-04,51,2040.88
GDAM,2026-08-04,52,2040.86
GDAM,2026-08-04,53,1999.92
GDAM,2026-08-04,54,1939.9
GDAM,2026-08-04,55,1999.51
GDAM,2026-08-04,56,2039.43
GDAM,2026-08-04,57,2000.88
GDAM,2026-08-04,58,2000.83
GDAM,2026-08-04,59,2000.81
GDAM,2026-08-04,60,2040.8
GDAM,2026-08-04,61,2550.56
GDAM,2026-08-04,62,2700.02
GDAM,2026-08-04,63,2780.3
GDAM,2026-08-04,64,3100.08
GDAM,2026-08-04,65,3100.26
GDAM,2026-08-04,66,3298.6
GDAM,2026-08-04,67,3599.47
GDAM,2026-08-04,68,3600.42
GDAM,2026-08-04,69,3500.82
GDAM,2026-08-04,70,3671.61
GDAM,2026-08-04,71,3689.94
GDAM,2026-08-04,72,4059.57
GDAM,2026-08-04,73,8000.04
GDAM,2026-08-04,74,8000.56
GDAM,2026-08-04,75,9998.1
GDAM,2026-08-04,76,10000.0
GDAM,2026-08-04,77,10000.0
GDAM,2026-08-04,78,10000.0
GDAM,2026-08-04,79,10000.0
GDAM,2026-08-04,80,10000.0
GDAM,2026-08-04,81,10000.0
GDAM,2026-08-04,82,10000.0
GDAM,2026-08-04,83,10000.0
GDAM,2026-08-04,84,10000.0
GDAM,2026-08-04,85,10000.0
GDAM,2026-08-04,86,10000.0
GDAM,2026-08-04,87,10000.0
GDAM,2026-08-04,88,10000.0
GDAM,2026-08-04,89,10000.0
GDAM,2026-08-04,90,10000.0
GDAM,2026-08-04,91,10000.0
GDAM,2026-08-04,92,10000.0
GDAM,2026-08-04,93,10000.0
GDAM,2026-08-04,94,10000.0
GDAM,2026-08-04,95,10000.0
GDAM,2026-08-04,96,10000.0
GDAM,2026-08-05,1,10000.0
GDAM,2026-08-05,2,10000.0
GDAM,2026-08-05,3,10000.0
GDAM,2026-08-05,4,10000.0
GDAM,2026-08-05,5,10000.0
GDAM,2026-08-05,6,10000.0
GDAM,2026-08-05,7,10000.0
GDAM,2026-08-05,8,10000.0
GDAM,2026-08-05,9,10000.0
GDAM,2026-08-05,10,10000.0
GDAM,2026-08-05,11,10000.0
GDAM,2026-08-05,12,10000.0
GDAM,2026-08-05,13,5500.83
GDAM,2026-08-05,14,5500.64
GDAM,2026-08-05,15,6000.01
GDAM,2026-08-05,16,6000.07
GDAM,2026-08-05,17,5440.85
GDAM,2026-08-05,18,5500.21
GDAM,2026-08-05,19,5500.28
GDAM,2026-08-05,20,5359.71
GDAM,2026-08-05,21,10000.0
GDAM,2026-08-05,22,10000.0
GDAM,2026-08-05,23,10000.0
GDAM,2026-08-05,24,9998.7
GDAM,2026-08-05,25,6500.79
GDAM,2026-08-05,26,6500.54
GDAM,2026-08-05,27,6500.15
GDAM,2026-08-05,28,6163.27
GDAM,2026-08-05,29,5508.84
GDAM,2026-08-05,30,5541.51
GDAM,2026-08-05,31,5499.54
GDAM,2026-08-05,32,4998.31
GDAM,2026-08-05,33,4159.22
GDAM,2026-08-05,34,3999.7
GDAM,2026-08-05,35,3800.32
GDAM,2026-08-05,36,3280.63
GDAM,2026-08-05,37,3012.54
GDAM,2026-08-05,38,2799.56
GDAM,2026-08-05,39,2520.35
GDAM,2026-08-05,40,2359.99
GDAM,2026-08-05,41,2040.94
GDAM,2026-08-05,42,2040.68
GDAM,2026-08-05,43,2000.96
GDAM,2026-08-05,44,2050.09
GDAM,2026-08-05,45,2100.58
GDAM,2026-08-05,46,2100.49
GDAM,2026-08-05,47,2100.4
GDAM,2026-08-05,48,2100.3
GDAM,2026-08-05,49,2100.12
GDAM,2026-08-05,50,2040.44
GDAM,2026-08-05,51,2040.38
GDAM,2026-08-05,52,2040.37
GDAM,2026-08-05,53,1800.85
GDAM,2026-08-05,54,1939.9
GDAM,2026-08-05,55,2010.83
GDAM,2026-08-05,56,2038.93
GDAM,2026-08-05,57,2000.91
GDAM,2026-08-05,58,2000.95
GDAM,2026-08-05,59,2000.97
GDAM,2026-08-05,60,2040.97
GDAM,2026-08-05,61,2550.28
GDAM,2026-08-05,62,2699.74
GDAM,2026-08-05,63,2779.74
GDAM,2026-08-05,64,3099.36
GDAM,2026-08-05,65,3100.49
GDAM,2026-08-05,66,3298.8
GDAM,2026-08-05,67,3598.37
GDAM,2026-08-05,68,3599.33
GDAM,2026-08-05,69,3500.52
GDAM,2026-08-05,70,3671.48
GDAM,2026-08-05,71,3762.71
GDAM,2026-08-05,72,4059.8
GDAM,2026-08-05,73,7400.55
GDAM,2026-08-05,74,7400.77
GDAM,2026-08-05,75,9998.03
GDAM,2026-08-05,76,9998.48
GDAM,2026-08-05,77,10000.0
GDAM,2026-08-05,78,10000.0
GDAM,2026-08-05,79,10000.0
GDAM,2026-08-05,80,10000.0
GDAM,2026-08-05,81,10000.0
GDAM,2026-08-05,82,10000.0
GDAM,2026-08-05,83,10000.0
GDAM,2026-08-05,84,10000.0
GDAM,2026-08-05,85,10000.0
GDAM,2026-08-05,86,10000.0
GDAM,2026-08-05,87,10000.0
GDAM,2026-08-05,88,10000.0
GDAM,2026-08-05,89,10000.0
GDAM,2026-08-05,90,10000.0
GDAM,2026-08-05,91,10000.0
GDAM,2026-08-05,92,10000.0
GDAM,2026-08-05,93,10000.0
GDAM,2026-08-05,94,10000.0
GDAM,2026-08-05,95,10000.0
GDAM,2026-08-05,96,10000.0
GDAM,2026-08-06,1,10000.0
GDAM,2026-08-06,2,10000.0
GDAM,2026-08-06,3,10000.0
GDAM,2026-08-06,4,10000.0
GDAM,2026-08-06,5,10000.0
GDAM,2026-08-06,6,10000.0
GDAM,2026-08-06,7,9998.3
GDAM,2026-08-06,8,9998.3
GDAM,2026-08-06,9,9998.29
GDAM,2026-08-06,10,9998.3
GDAM,2026-08-06,11,9998.47
GDAM,2026-08-06,12,9998.45
GDAM,2026-08-06,13,5000.06
GDAM,2026-08-06,14,5000.28
GDAM,2026-08-06,15,5000.0
GDAM,2026-08-06,16,5000.09
GDAM,2026-08-06,17,5000.09
GDAM,2026-08-06,18,5000.15
GDAM,2026-08-06,19,5000.3
GDAM,2026-08-06,20,4500.13
GDAM,2026-08-06,21,4100.85
GDAM,2026-08-06,22,4100.93
GDAM,2026-08-06,23,4200.56
GDAM,2026-08-06,24,4399.38
GDAM,2026-08-06,25,5000.28
GDAM,2026-08-06,26,5000.47
GDAM,2026-08-06,27,5000.35
GDAM,2026-08-06,28,4799.84
GDAM,2026-08-06,29,4399.88
GDAM,2026-08-06,30,4299.94
GDAM,2026-08-06,31,3800.79
GDAM,2026-08-06,32,3600.56
GDAM,2026-08-06,33,3500.89
GDAM,2026-08-06,34,3500.5
GDAM,2026-08-06,35,3368.28
GDAM,2026-08-06,36,2500.81
GDAM,2026-08-06,37,2300.15
GDAM,2026-08-06,38,2099.11
GDAM,2026-08-06,39,1999.39
GDAM,2026-08-06,40,1800.94
GDAM,2026-08-06,41,1800.82
GDAM,2026-08-06,42,1800.99
GDAM,2026-08-06,43,1800.2
GDAM,2026-08-06,44,1760.32
GDAM,2026-08-06,45,1759.22
GDAM,2026-08-06,46,1759.19
GDAM,2026-08-06,47,1750.09
GDAM,2026-08-06,48,1750.04
GDAM,2026-08-06,49,1699.07
GDAM,2026-08-06,50,1600.25
GDAM,2026-08-06,51,1600.23
GDAM,2026-08-06,52,1600.23
GDAM,2026-08-06,53,1600.21
GDAM,2026-08-06,54,1600.21
GDAM,2026-08-06,55,1600.35
GDAM,2026-08-06,56,1600.6
GDAM,2026-08-06,57,1650.17
GDAM,2026-08-06,58,1810.09
GDAM,2026-08-06,59,1940.07
GDAM,2026-08-06,60,1940.75
GDAM,2026-08-06,61,2000.72
GDAM,2026-08-06,62,2301.89
GDAM,2026-08-06,63,2299.72
GDAM,2026-08-06,64,2499.44
GDAM,2026-08-06,65,2600.98
GDAM,2026-08-06,66,2700.41
GDAM,2026-08-06,67,2700.71
GDAM,2026-08-06,68,2799.67
GDAM,2026-08-06,69,3099.07
GDAM,2026-08-06,70,3200.19
GDAM,2026-08-06,71,3641.27
GDAM,2026-08-06,72,3499.78
GDAM,2026-08-06,73,5000.71
GDAM,2026-08-06,74,5000.97
GDAM,2026-08-06,75,5541.93
GDAM,2026-08-06,76,10000.0
GDAM,2026-08-06,77,10000.0
GDAM,2026-08-06,78,10000.0
GDAM,2026-08-06,79,10000.0
GDAM,2026-08-06,80,10000.0
GDAM,2026-08-06,81,10000.0
GDAM,2026-08-06,82,10000.0
GDAM,2026-08-06,83,10000.0
GDAM,2026-08-06,84,10000.0
GDAM,2026-08-06,85,10000.0
GDAM,2026-08-06,86,10000.0
GDAM,2026-08-06,87,10000.0
GDAM,2026-08-06,88,10000.0
GDAM,2026-08-06,89,10000.0
GDAM,2026-08-06,90,10000.0
GDAM,2026-08-06,91,10000.0
GDAM,2026-08-06,92,10000.0
GDAM,2026-08-06,93,10000.0
GDAM,2026-08-06,94,10000.0
GDAM,2026-08-06,95,10000.0
GDAM,2026-08-06,96,10000.0
GDAM,2026-08-07,1,9998.28
GDAM,2026-08-07,2,5500.58
GDAM,2026-08-07,3,5500.26
GDAM,2026-08-07,4,5499.19
GDAM,2026-08-07,5,5400.2
GDAM,2026-08-07,6,5150.99
GDAM,2026-08-07,7,4999.67
GDAM,2026-08-07,8,4999.56
GDAM,2026-08-07,9,4500.92
GDAM,2026-08-07,10,4500.91
GDAM,2026-08-07,11,4510.47
GDAM,2026-08-07,12,4500.92
GDAM,2026-08-07,13,4500.73
GDAM,2026-08-07,14,4500.73
GDAM,2026-08-07,15,4500.73
GDAM,2026-08-07,16,4500.71
GDAM,2026-08-07,17,4141.52
GDAM,2026-08-07,18,4141.81
GDAM,2026-08-07,19,4200.12
GDAM,2026-08-07,20,4200.18
GDAM,2026-08-07,21,4199.1
GDAM,2026-08-07,22,4199.11
GDAM,2026-08-07,23,4250.94
GDAM,2026-08-07,24,4398.0
GDAM,2026-08-07,25,5499.59
GDAM,2026-08-07,26,5500.01
GDAM,2026-08-07,27,5359.64
GDAM,2026-08-07,28,5100.64
GDAM,2026-08-07,29,5100.76
GDAM,2026-08-07,30,4400.54
GDAM,2026-08-07,31,3800.81
GDAM,2026-08-07,32,3500.78
GDAM,2026-08-07,33,3200.7
GDAM,2026-08-07,34,3063.62
GDAM,2026-08-07,35,2609.6
GDAM,2026-08-07,36,2500.75
GDAM,2026-08-07,37,2299.91
GDAM,2026-08-07,38,2098.81
GDAM,2026-08-07,39,1998.86
GDAM,2026-08-07,40,1900.07
GDAM,2026-08-07,41,1760.8
GDAM,2026-08-07,42,1760.83
GDAM,2026-08-07,43,1759.86
GDAM,2026-08-07,44,1759.89
GDAM,2026-08-07,45,1900.35
GDAM,2026-08-07,46,1900.32
GDAM,2026-08-07,47,1900.12
GDAM,2026-08-07,48,1880.04
GDAM,2026-08-07,49,1749.22
GDAM,2026-08-07,50,1600.92
GDAM,2026-08-07,51,1600.91
GDAM,2026-08-07,52,1600.85
GDAM,2026-08-07,53,1600.89
GDAM,2026-08-07,54,1601.08
GDAM,2026-08-07,55,1671.47
GDAM,2026-08-07,56,1671.43
GDAM,2026-08-07,57,1600.52
GDAM,2026-08-07,58,1699.74
GDAM,2026-08-07,59,1759.89
GDAM,2026-08-07,60,1760.85
GDAM,2026-08-07,61,2100.76
GDAM,2026-08-07,62,1899.41
GDAM,2026-08-07,63,2400.98
GDAM,2026-08-07,64,2500.53
GDAM,2026-08-07,65,2599.82
GDAM,2026-08-07,66,2700.25
GDAM,2026-08-07,67,2999.46
GDAM,2026-08-07,68,3099.95
GDAM,2026-08-07,69,3200.83
GDAM,2026-08-07,70,3499.55
GDAM,2026-08-07,71,3700.52
GDAM,2026-08-07,72,4000.07
GDAM,2026-08-07,73,4999.25
GDAM,2026-08-07,74,4999.56
GDAM,2026-08-07,75,5499.22
GDAM,2026-08-07,76,9998.27
GDAM,2026-08-07,77,10000.0
GDAM,2026-08-07,78,10000.0
GDAM,2026-08-07,79,10000.0
GDAM,2026-08-07,80,10000.0
GDAM,2026-08-07,81,10000.0
GDAM,2026-08-07,82,10000.0
GDAM,2026-08-07,83,10000.0
GDAM,2026-08-07,84,10000.0
GDAM,2026-08-07,85,10000.0
GDAM,2026-08-07,86,10000.0
GDAM,2026-08-07,87,10000.0
GDAM,2026-08-07,88,10000.0
GDAM,2026-08-07,89,10000.0
GDAM,2026-08-07,90,10000.0
GDAM,2026-08-07,91,10000.0
GDAM,2026-08-07,92,10000.0
GDAM,2026-08-07,93,10000.0
GDAM,2026-08-07,94,10000.0
GDAM,2026-08-07,95,10000.0
GDAM,2026-08-07,96,10000.0
GDAM,2026-08-08,1,4000.92
GDAM,2026-08-08,2,4141.29
GDAM,2026-08-08,3,4141.27
GDAM,2026-08-08,4,4141.34
GDAM,2026-08-08,5,4000.64
GDAM,2026-08-08,6,4000.66
GDAM,2026-08-08,7,4000.65
GDAM,2026-08-08,8,4000.65
GDAM,2026-08-08,9,4000.65
GDAM,2026-08-08,10,4000.62
GDAM,2026-08-08,11,4000.61
GDAM,2026-08-08,12,3831.32
GDAM,2026-08-08,13,3831.63
GDAM,2026-08-08,14,3650.71
GDAM,2026-08-08,15,3650.71
GDAM,2026-08-08,16,3650.76
GDAM,2026-08-08,17,3650.36
GDAM,2026-08-08,18,3650.41
GDAM,2026-08-08,19,3650.45
GDAM,2026-08-08,20,3600.92
GDAM,2026-08-08,21,3650.55
GDAM,2026-08-08,22,3650.61
GDAM,2026-08-08,23,3800.2
GDAM,2026-08-08,24,4200.84
GDAM,2026-08-08,25,5100.71
GDAM,2026-08-08,26,5100.32
GDAM,2026-08-08,27,4999.93
GDAM,2026-08-08,28,4510.26
GDAM,2026-08-08,29,4999.46
GDAM,2026-08-08,30,5199.06
GDAM,2026-08-08,31,3789.98
GDAM,2026-08-08,32,3600.54
GDAM,2026-08-08,33,3200.72
GDAM,2026-08-08,34,3000.92
GDAM,2026-08-08,35,2859.09
GDAM,2026-08-08,36,2400.26
GDAM,2026-08-08,37,2099.88
GDAM,2026-08-08,38,2000.64
GDAM,2026-08-08,39,2000.22
GDAM,2026-08-08,40,2000.01
GDAM,2026-08-08,41,1699.16
GDAM,2026-08-08,42,1649.11
GDAM,2026-08-08,43,1601.78
GDAM,2026-08-08,44,1999.44
GDAM,2026-08-08,45,1649.33
GDAM,2026-08-08,46,1649.1
GDAM,2026-08-08,47,1600.93
GDAM,2026-08-08,48,1600.9
GDAM,2026-08-08,49,1600.73
GDAM,2026-08-08,50,1649.51
GDAM,2026-08-08,51,1649.39
GDAM,2026-08-08,52,1649.46
GDAM,2026-08-08,53,1649.42
GDAM,2026-08-08,54,1649.46
GDAM,2026-08-08,55,1600.46
GDAM,2026-08-08,56,1799.6
GDAM,2026-08-08,57,1799.54
GDAM,2026-08-08,58,1600.43
GDAM,2026-08-08,59,1603.72
GDAM,2026-08-08,60,1706.79
GDAM,2026-08-08,61,2200.39
GDAM,2026-08-08,62,2040.88
GDAM,2026-08-08,63,2301.02
GDAM,2026-08-08,64,2400.31
GDAM,2026-08-08,65,2699.69
GDAM,2026-08-08,66,2900.49
GDAM,2026-08-08,67,3100.92
GDAM,2026-08-08,68,3200.23
GDAM,2026-08-08,69,3200.38
GDAM,2026-08-08,70,3100.31
GDAM,2026-08-08,71,3100.25
GDAM,2026-08-08,72,3299.61
GDAM,2026-08-08,73,4500.95
GDAM,2026-08-08,74,4999.06
GDAM,2026-08-08,75,5499.05
GDAM,2026-08-08,76,7359.88
GDAM,2026-08-08,77,9998.95
GDAM,2026-08-08,78,10000.0
GDAM,2026-08-08,79,10000.0
GDAM,2026-08-08,80,10000.0
GDAM,2026-08-08,81,10000.0
GDAM,2026-08-08,82,10000.0
GDAM,2026-08-08,83,10000.0
GDAM,2026-08-08,84,10000.0
GDAM,2026-08-08,85,10000.0
GDAM,2026-08-08,86,10000.0
GDAM,2026-08-08,87,10000.0
GDAM,2026-08-08,88,10000.0
GDAM,2026-08-08,89,10000.0
GDAM,2026-08-08,90,10000.0
GDAM,2026-08-08,91,10000.0
GDAM,2026-08-08,92,10000.0
GDAM,2026-08-08,93,10000.0
GDAM,2026-08-08,94,10000.0
GDAM,2026-08-08,95,10000.0
GDAM,2026-08-08,96,10000.0
GDAM,2026-08-09,1,3999.03
GDAM,2026-08-09,2,3831.71
GDAM,2026-08-09,3,3850.85
GDAM,2026-08-09,4,3759.79
GDAM,2026-08-09,5,3831.61
GDAM,2026-08-09,6,3759.88
GDAM,2026-08-09,7,3815.89
GDAM,2026-08-09,8,3891.03
GDAM,2026-08-09,9,3650.48
GDAM,2026-08-09,10,3650.39
GDAM,2026-08-09,11,3650.49
GDAM,2026-08-09,12,3650.46
GDAM,2026-08-09,13,3650.38
GDAM,2026-08-09,14,3599.16
GDAM,2026-08-09,15,3599.22
GDAM,2026-08-09,16,3599.27
GDAM,2026-08-09,17,3599.31
GDAM,2026-08-09,18,3599.3
GDAM,2026-08-09,19,3599.29
GDAM,2026-08-09,20,3599.3
GDAM,2026-08-09,21,3599.11
GDAM,2026-08-09,22,3599.93
GDAM,2026-08-09,23,3650.74
GDAM,2026-08-09,24,4000.02
GDAM,2026-08-09,25,4100.39
GDAM,2026-08-09,26,4100.07
GDAM,2026-08-09,27,4000.81
GDAM,2026-08-09,28,4000.24
GDAM,2026-08-09,29,3650.26
GDAM,2026-08-09,30,3500.89
GDAM,2026-08-09,31,3291.25
GDAM,2026-08-09,32,3100.86
GDAM,2026-08-09,33,2475.86
GDAM,2026-08-09,34,2192.33
GDAM,2026-08-09,35,2043.06
GDAM,2026-08-09,36,1859.99
GDAM,2026-08-09,37,1800.14
GDAM,2026-08-09,38,1600.7
GDAM,2026-08-09,39,1600.51
GDAM,2026-08-09,40,1486.0
GDAM,2026-08-09,41,1400.54
GDAM,2026-08-09,42,1365.1
GDAM,2026-08-09,43,1287.6
GDAM,2026-08-09,44,1359.29
GDAM,2026-08-09,45,1115.38
GDAM,2026-08-09,46,1115.39
GDAM,2026-08-09,47,1115.3
GDAM,2026-08-09,48,1115.3
GDAM,2026-08-09,49,1115.28
GDAM,2026-08-09,50,1115.98
GDAM,2026-08-09,51,1115.91
GDAM,2026-08-09,52,1115.92
GDAM,2026-08-09,53,1114.89
GDAM,2026-08-09,54,1114.87
GDAM,2026-08-09,55,1115.07
GDAM,2026-08-09,56,1115.97
GDAM,2026-08-09,57,1115.94
GDAM,2026-08-09,58,1280.45
GDAM,2026-08-09,59,1299.66
GDAM,2026-08-09,60,1300.69
GDAM,2026-08-09,61,1499.44
GDAM,2026-08-09,62,1600.84
GDAM,2026-08-09,63,1600.86
GDAM,2026-08-09,64,1699.87
GDAM,2026-08-09,65,2000.07
GDAM,2026-08-09,66,2112.06
GDAM,2026-08-09,67,2155.18
GDAM,2026-08-09,68,2448.43
GDAM,2026-08-09,69,2499.41
GDAM,2026-08-09,70,2449.55
GDAM,2026-08-09,71,2569.32
GDAM,2026-08-09,72,2671.73
GDAM,2026-08-09,73,4000.31
GDAM,2026-08-09,74,4000.39
GDAM,2026-08-09,75,4000.82
GDAM,2026-08-09,76,4000.98
GDAM,2026-08-09,77,4999.11
GDAM,2026-08-09,78,5000.23
GDAM,2026-08-09,79,5000.32
GDAM,2026-08-09,80,5000.96
GDAM,2026-08-09,81,5000.97
GDAM,2026-08-09,82,5000.98
GDAM,2026-08-09,83,5000.98
GDAM,2026-08-09,84,5000.98
GDAM,2026-08-09,85,5000.96
GDAM,2026-08-09,86,5000.98
GDAM,2026-08-09,87,5000.96
GDAM,2026-08-09,88,5000.97
GDAM,2026-08-09,89,5000.66
GDAM,2026-08-09,90,5000.66
GDAM,2026-08-09,91,5000.63
GDAM,2026-08-09,92,5000.62
GDAM,2026-08-09,93,5000.53
GDAM,2026-08-09,94,5000.51
GDAM,2026-08-09,95,5000.5
GDAM,2026-08-09,96,5000.51
GDAM,2026-08-10,1,3650.82
GDAM,2026-08-10,2,3650.27
GDAM,2026-08-10,3,3650.09
GDAM,2026-08-10,4,3650.06
GDAM,2026-08-10,5,3676.54
GDAM,2026-08-10,6,3650.36
GDAM,2026-08-10,7,3650.2
GDAM,2026-08-10,8,3500.86
GDAM,2026-08-10,9,3649.12
GDAM,2026-08-10,10,3600.84
GDAM,2026-08-10,11,3500.66
GDAM,2026-08-10,12,3499.41
GDAM,2026-08-10,13,3649.06
GDAM,2026-08-10,14,3599.04
GDAM,2026-08-10,15,3599.1
GDAM,2026-08-10,16,3599.12
GDAM,2026-08-10,17,3700.07
GDAM,2026-08-10,18,3700.06
GDAM,2026-08-10,19,3700.1
GDAM,2026-08-10,20,3700.16
GDAM,2026-08-10,21,3700.2
GDAM,2026-08-10,22,3700.29
GDAM,2026-08-10,23,3700.29
GDAM,2026-08-10,24,3700.99
GDAM,2026-08-10,25,4000.43
GDAM,2026-08-10,26,4000.58
GDAM,2026-08-10,27,4000.64
GDAM,2026-08-10,28,3999.39
GDAM,2026-08-10,29,3650.11
GDAM,2026-08-10,30,3500.47
GDAM,2026-08-10,31,3290.67
GDAM,2026-08-10,32,3100.81
GDAM,2026-08-10,33,3100.17
GDAM,2026-08-10,34,3000.78
GDAM,2026-08-10,35,3000.52
GDAM,2026-08-10,36,1859.72
GDAM,2026-08-10,37,1799.47
GDAM,2026-08-10,38,1600.36
GDAM,2026-08-10,39,1600.23
GDAM,2026-08-10,40,1400.98
GDAM,2026-08-10,41,1400.46
GDAM,2026-08-10,42,1364.89
GDAM,2026-08-10,43,1290.18
GDAM,2026-08-10,44,1400.71
GDAM,2026-08-10,45,1400.14
GDAM,2026-08-10,46,1400.12
GDAM,2026-08-10,47,1400.06
GDAM,2026-08-10,48,1385.2
GDAM,2026-08-10,49,1400.07
GDAM,2026-08-10,50,1400.28
GDAM,2026-08-10,51,1200.98
GDAM,2026-08-10,52,1201.0
GDAM,2026-08-10,53,1205.6
GDAM,2026-08-10,54,1200.62
GDAM,2026-08-10,55,1114.7
GDAM,2026-08-10,56,1200.67
GDAM,2026-08-10,57,1200.38
GDAM,2026-08-10,58,1279.25
GDAM,2026-08-10,59,1299.37
GDAM,2026-08-10,60,1300.34
GDAM,2026-08-10,61,1699.05
GDAM,2026-08-10,62,1699.12
GDAM,2026-08-10,63,1699.38
GDAM,2026-08-10,64,1999.35
GDAM,2026-08-10,65,2199.89
GDAM,2026-08-10,66,2290.36
GDAM,2026-08-10,67,2450.96
GDAM,2026-08-10,68,2550.8
GDAM,2026-08-10,69,3200.14
GDAM,2026-08-10,70,3200.35
GDAM,2026-08-10,71,3101.94
GDAM,2026-08-10,72,3499.39
GDAM,2026-08-10,73,5650.31
GDAM,2026-08-10,74,6800.27
GDAM,2026-08-10,75,3999.98
GDAM,2026-08-10,76,5000.06
GDAM,2026-08-10,77,6800.32
GDAM,2026-08-10,78,6800.67
GDAM,2026-08-10,79,10000.0
GDAM,2026-08-10,80,10000.0
GDAM,2026-08-10,81,10000.0
GDAM,2026-08-10,82,10000.0
GDAM,2026-08-10,83,10000.0
GDAM,2026-08-10,84,10000.0
GDAM,2026-08-10,85,10000.0
GDAM,2026-08-10,86,10000.0
GDAM,2026-08-10,87,10000.0
GDAM,2026-08-10,88,10000.0
GDAM,2026-08-10,89,10000.0
GDAM,2026-08-10,90,10000.0
GDAM,2026-08-10,91,10000.0
GDAM,2026-08-10,92,10000.0
GDAM,2026-08-10,93,10000.0
GDAM,2026-08-10,94,10000.0
GDAM,2026-08-10,95,10000.0
GDAM,2026-08-10,96,10000.0
GDAM,2026-08-11,1,3500.6
GDAM,2026-08-11,2,3499.89
GDAM,2026-08-11,3,3499.1
GDAM,2026-08-11,4,3499.04
GDAM,2026-08-11,5,3499.97
GDAM,2026-08-11,6,3499.98
GDAM,2026-08-11,7,3499.64
GDAM,2026-08-11,8,3500.08
GDAM,2026-08-11,9,3000.96
GDAM,2026-08-11,10,3000.95
GDAM,2026-08-11,11,3001.0
GDAM,2026-08-11,12,3100.24
GDAM,2026-08-11,13,3200.3
GDAM,2026-08-11,14,3200.81
GDAM,2026-08-11,15,3290.35
GDAM,2026-08-11,16,3300.04
GDAM,2026-08-11,17,3300.46
GDAM,2026-08-11,18,3300.56
GDAM,2026-08-11,19,3300.76
GDAM,2026-08-11,20,3300.79
GDAM,2026-08-11,21,3300.11
GDAM,2026-08-11,22,3300.26
GDAM,2026-08-11,23,3500.13
GDAM,2026-08-11,24,3800.05
GDAM,2026-08-11,25,4199.8
GDAM,2026-08-11,26,4100.45
GDAM,2026-08-11,27,4250.03
GDAM,2026-08-11,28,4000.58
GDAM,2026-08-11,29,4000.33
GDAM,2026-08-11,30,3614.01
GDAM,2026-08-11,31,3290.48
GDAM,2026-08-11,32,2999.9
GDAM,2026-08-11,33,2800.02
GDAM,2026-08-11,34,2560.38
GDAM,2026-08-11,35,2500.3
GDAM,2026-08-11,36,1899.17
GDAM,2026-08-11,37,1798.84
GDAM,2026-08-11,38,1599.49
GDAM,2026-08-11,39,1599.25
GDAM,2026-08-11,40,1400.62
GDAM,2026-08-11,41,1399.99
GDAM,2026-08-11,42,1400.15
GDAM,2026-08-11,43,1400.07
GDAM,2026-08-11,44,1400.7
GDAM,2026-08-11,45,1400.56
GDAM,2026-08-11,46,1400.55
GDAM,2026-08-11,47,1400.48
GDAM,2026-08-11,48,1400.47
GDAM,2026-08-11,49,1400.37
GDAM,2026-08-11,50,1349.25
GDAM,2026-08-11,51,1300.33
GDAM,2026-08-11,52,1300.3
GDAM,2026-08-11,53,1300.04
GDAM,2026-08-11,54,1300.12
GDAM,2026-08-11,55,1300.74
GDAM,2026-08-11,56,1349.32
GDAM,2026-08-11,57,1300.8
GDAM,2026-08-11,58,1111.7
GDAM,2026-08-11,59,1199.42
GDAM,2026-08-11,60,1299.8
GDAM,2026-08-11,61,1600.35
GDAM,2026-08-11,62,1800.39
GDAM,2026-08-11,63,1900.72
GDAM,2026-08-11,64,2199.22
GDAM,2026-08-11,65,2200.38
GDAM,2026-08-11,66,2200.73
GDAM,2026-08-11,67,2399.95
GDAM,2026-08-11,68,2550.03
GDAM,2026-08-11,69,2599.16
GDAM,2026-08-11,70,2600.72
GDAM,2026-08-11,71,2947.54
GDAM,2026-08-11,72,3100.24
GDAM,2026-08-11,73,5649.37
GDAM,2026-08-11,74,6300.32
GDAM,2026-08-11,75,6300.48
GDAM,2026-08-11,76,6300.67
GDAM,2026-08-11,77,10000.0
GDAM,2026-08-11,78,10000.0
GDAM,2026-08-11,79,10000.0
GDAM,2026-08-11,80,10000.0
GDAM,2026-08-11,81,10000.0
GDAM,2026-08-11,82,10000.0
GDAM,2026-08-11,83,10000.0
GDAM,2026-08-11,84,10000.0
GDAM,2026-08-11,85,10000.0
GDAM,2026-08-11,86,10000.0
GDAM,2026-08-11,87,10000.0
GDAM,2026-08-11,88,10000.0
GDAM,2026-08-11,89,10000.0
GDAM,2026-08-11,90,10000.0
GDAM,2026-08-11,91,10000.0
GDAM,2026-08-11,92,10000.0
GDAM,2026-08-11,93,10000.0
GDAM,2026-08-11,94,9998.46
GDAM,2026-08-11,95,9998.39
GDAM,2026-08-11,96,9998.3
GDAM,2026-08-12,1,10000.0
GDAM,2026-08-12,2,10000.0
GDAM,2026-08-12,3,10000.0
GDAM,2026-08-12,4,10000.0
GDAM,2026-08-12,5,10000.0
GDAM,2026-08-12,6,10000.0
GDAM,2026-08-12,7,10000.0
GDAM,2026-08-12,8,4000.81
GDAM,2026-08-12,9,10000.0
GDAM,2026-08-12,10,6200.97
GDAM,2026-08-12,11,10000.0
GDAM,2026-08-12,12,4000.0
GDAM,2026-08-12,13,4000.16
GDAM,2026-08-12,14,4000.38
GDAM,2026-08-12,15,4000.45
GDAM,2026-08-12,16,4000.52
GDAM,2026-08-12,17,4000.75
GDAM,2026-08-12,18,4000.89
GDAM,2026-08-12,19,3891.81
GDAM,2026-08-12,20,3999.71
GDAM,2026-08-12,21,3299.79
GDAM,2026-08-12,22,3299.81
GDAM,2026-08-12,23,3499.34
GDAM,2026-08-12,24,3799.44
GDAM,2026-08-12,25,4999.39
GDAM,2026-08-12,26,4999.63
GDAM,2026-08-12,27,4700.19
GDAM,2026-08-12,28,4250.91
GDAM,2026-08-12,29,4100.98
GDAM,2026-08-12,30,3800.29
GDAM,2026-08-12,31,3400.02
GDAM,2026-08-12,32,3200.71
GDAM,2026-08-12,33,3000.37
GDAM,2026-08-12,34,3000.57
GDAM,2026-08-12,35,2999.76
GDAM,2026-08-12,36,2499.76
GDAM,2026-08-12,37,2499.08
GDAM,2026-08-12,38,1900.74
GDAM,2026-08-12,39,1600.99
GDAM,2026-08-12,40,1600.88
GDAM,2026-08-12,41,1600.3
GDAM,2026-08-12,42,1600.41
GDAM,2026-08-12,43,1600.38
GDAM,2026-08-12,44,1600.32
GDAM,2026-08-12,45,1600.96
GDAM,2026-08-12,46,1600.96
GDAM,2026-08-12,47,1600.82
GDAM,2026-08-12,48,1600.78
GDAM,2026-08-12,49,1600.69
GDAM,2026-08-12,50,1500.61
GDAM,2026-08-12,51,1400.71
GDAM,2026-08-12,52,1459.09
GDAM,2026-08-12,53,1459.13
GDAM,2026-08-12,54,1459.13
GDAM,2026-08-12,55,1459.1
GDAM,2026-08-12,56,1600.34
GDAM,2026-08-12,57,1600.93
GDAM,2026-08-12,58,1600.8
GDAM,2026-08-12,59,1500.31
GDAM,2026-08-12,60,1600.82
GDAM,2026-08-12,61,2300.62
GDAM,2026-08-12,62,2300.64
GDAM,2026-08-12,63,2300.86
GDAM,2026-08-12,64,2300.89
GDAM,2026-08-12,65,2500.81
GDAM,2026-08-12,66,2785.41
GDAM,2026-08-12,67,3000.09
GDAM,2026-08-12,68,3100.22
GDAM,2026-08-12,69,3200.13
GDAM,2026-08-12,70,3200.67
GDAM,2026-08-12,71,3201.0
GDAM,2026-08-12,72,3600.57
GDAM,2026-08-12,73,5300.57
GDAM,2026-08-12,74,5500.45
GDAM,2026-08-12,75,6163.44
GDAM,2026-08-12,76,6299.09
GDAM,2026-08-12,77,10000.0
GDAM,2026-08-12,78,10000.0
GDAM,2026-08-12,79,10000.0
GDAM,2026-08-12,80,10000.0
GDAM,2026-08-12,81,10000.0
GDAM,2026-08-12,82,10000.0
GDAM,2026-08-12,83,10000.0
GDAM,2026-08-12,84,10000.0
GDAM,2026-08-12,85,10000.0
GDAM,2026-08-12,86,10000.0
GDAM,2026-08-12,87,10000.0
GDAM,2026-08-12,88,10000.0
GDAM,2026-08-12,89,10000.0
GDAM,2026-08-12,90,10000.0
GDAM,2026-08-12,91,10000.0
GDAM,2026-08-12,92,10000.0
GDAM,2026-08-12,93,10000.0
GDAM,2026-08-12,94,10000.0
GDAM,2026-08-12,95,10000.0
GDAM,2026-08-12,96,10000.0
GDAM,2026-08-13,1,10000.0
GDAM,2026-08-13,2,10000.0
GDAM,2026-08-13,3,10000.0
GDAM,2026-08-13,4,9998.78
GDAM,2026-08-13,5,9998.52
GDAM,2026-08-13,6,9998.41
GDAM,2026-08-13,7,9998.42
GDAM,2026-08-13,8,5500.43
GDAM,2026-08-13,9,9998.49
GDAM,2026-08-13,10,6199.58
GDAM,2026-08-13,11,9998.56
GDAM,2026-08-13,12,4510.46
GDAM,2026-08-13,13,4500.05
GDAM,2026-08-13,14,4500.65
GDAM,2026-08-13,15,4510.24
GDAM,2026-08-13,16,4200.64
GDAM,2026-08-13,17,4200.24
GDAM,2026-08-13,18,4000.98
GDAM,2026-08-13,19,4000.71
GDAM,2026-08-13,20,4000.44
GDAM,2026-08-13,21,4000.64
GDAM,2026-08-13,22,4000.46
GDAM,2026-08-13,23,4000.15
GDAM,2026-08-13,24,4140.76
GDAM,2026-08-13,25,5200.46
GDAM,2026-08-13,26,5500.14
GDAM,2026-08-13,27,5650.96
GDAM,2026-08-13,28,6163.27
GDAM,2026-08-13,29,10000.0
GDAM,2026-08-13,30,6000.02
GDAM,2026-08-13,31,5200.13
GDAM,2026-08-13,32,4677.91
GDAM,2026-08-13,33,3959.84
GDAM,2026-08-13,34,3700.93
GDAM,2026-08-13,35,3700.76
GDAM,2026-08-13,36,3250.63
GDAM,2026-08-13,37,3000.02
GDAM,2026-08-13,38,2800.11
GDAM,2026-08-13,39,2200.3
GDAM,2026-08-13,40,2000.6
GDAM,2026-08-13,41,1900.88
GDAM,2026-08-13,42,1900.98
GDAM,2026-08-13,43,1901.0
GDAM,2026-08-13,44,1900.71
GDAM,2026-08-13,45,2300.56
GDAM,2026-08-13,46,2300.3
GDAM,2026-08-13,47,2299.03
GDAM,2026-08-13,48,2190.54
GDAM,2026-08-13,49,2000.99
GDAM,2026-08-13,50,2000.22
GDAM,2026-08-13,51,1880.08
GDAM,2026-08-13,52,1859.74
GDAM,2026-08-13,53,1759.36
GDAM,2026-08-13,54,1759.36
GDAM,2026-08-13,55,1940.28
GDAM,2026-08-13,56,1970.5
GDAM,2026-08-13,57,2000.26
GDAM,2026-08-13,58,1900.12
GDAM,2026-08-13,59,1900.16
GDAM,2026-08-13,60,2000.04
GDAM,2026-08-13,61,2450.57
GDAM,2026-08-13,62,2550.64
GDAM,2026-08-13,63,3100.36
GDAM,2026-08-13,64,3100.56
GDAM,2026-08-13,65,3100.85
GDAM,2026-08-13,66,3113.75
GDAM,2026-08-13,67,3300.74
GDAM,2026-08-13,68,3500.96
GDAM,2026-08-13,69,3600.78
GDAM,2026-08-13,70,4000.03
GDAM,2026-08-13,71,3900.85
GDAM,2026-08-13,72,4000.5
GDAM,2026-08-13,73,5300.16
GDAM,2026-08-13,74,5500.1
GDAM,2026-08-13,75,10000.0
GDAM,2026-08-13,76,10000.0
GDAM,2026-08-13,77,10000.0
GDAM,2026-08-13,78,10000.0
GDAM,2026-08-13,79,10000.0
GDAM,2026-08-13,80,10000.0
GDAM,2026-08-13,81,10000.0
GDAM,2026-08-13,82,10000.0
GDAM,2026-08-13,83,10000.0
GDAM,2026-08-13,84,10000.0
GDAM,2026-08-13,85,10000.0
GDAM,2026-08-13,86,10000.0
GDAM,2026-08-13,87,10000.0
GDAM,2026-08-13,88,10000.0
GDAM,2026-08-13,89,10000.0
GDAM,2026-08-13,90,10000.0
GDAM,2026-08-13,91,10000.0
GDAM,2026-08-13,92,10000.0
GDAM,2026-08-13,93,10000.0
GDAM,2026-08-13,94,10000.0
GDAM,2026-08-13,95,10000.0
GDAM,2026-08-13,96,10000.0
GDAM,2026-08-14,1,10000.0
GDAM,2026-08-14,2,10000.0
GDAM,2026-08-14,3,10000.0
GDAM,2026-08-14,4,10000.0
GDAM,2026-08-14,5,10000.0
GDAM,2026-08-14,6,10000.0
GDAM,2026-08-14,7,10000.0
GDAM,2026-08-14,8,10000.0
GDAM,2026-08-14,9,9998.54
GDAM,2026-08-14,10,6199.88
GDAM,2026-08-14,11,6000.62
GDAM,2026-08-14,12,6000.22
GDAM,2026-08-14,13,5400.26
GDAM,2026-08-14,14,5400.9
GDAM,2026-08-14,15,5440.22
GDAM,2026-08-14,16,5499.54
GDAM,2026-08-14,17,4500.98
GDAM,2026-08-14,18,4510.52
GDAM,2026-08-14,19,4900.12
GDAM,2026-08-14,20,5500.19
GDAM,2026-08-14,21,6200.98
GDAM,2026-08-14,22,10000.0
GDAM,2026-08-14,23,10000.0
GDAM,2026-08-14,24,10000.0
GDAM,2026-08-14,25,10000.0
GDAM,2026-08-14,26,10000.0
GDAM,2026-08-14,27,10000.0
GDAM,2026-08-14,28,10000.0
GDAM,2026-08-14,29,6999.27
GDAM,2026-08-14,30,5310.87
GDAM,2026-08-14,31,4424.86
GDAM,2026-08-14,32,4300.52
GDAM,2026-08-14,33,4300.36
GDAM,2026-08-14,34,4000.58
GDAM,2026-08-14,35,4299.24
GDAM,2026-08-14,36,3250.56
GDAM,2026-08-14,37,2999.52
GDAM,2026-08-14,38,2775.38
GDAM,2026-08-14,39,2199.67
GDAM,2026-08-14,40,2100.48
GDAM,2026-08-14,41,1940.14
GDAM,2026-08-14,42,2000.06
GDAM,2026-08-14,43,1940.92
GDAM,2026-08-14,44,2000.26
GDAM,2026-08-14,45,1940.53
GDAM,2026-08-14,46,1900.46
GDAM,2026-08-14,47,1800.33
GDAM,2026-08-14,48,1700.89
GDAM,2026-08-14,49,1699.73
GDAM,2026-08-14,50,1699.53
GDAM,2026-08-14,51,1700.86
GDAM,2026-08-14,52,1700.83
GDAM,2026-08-14,53,1700.84
GDAM,2026-08-14,54,1700.83
GDAM,2026-08-14,55,1700.83
GDAM,2026-08-14,56,1700.9
GDAM,2026-08-14,57,1790.73
GDAM,2026-08-14,58,1790.63
GDAM,2026-08-14,59,1849.46
GDAM,2026-08-14,60,1900.9
GDAM,2026-08-14,61,2499.81
GDAM,2026-08-14,62,2699.99
GDAM,2026-08-14,63,2520.98
GDAM,2026-08-14,64,2710.79
GDAM,2026-08-14,65,3253.78
GDAM,2026-08-14,66,3300.61
GDAM,2026-08-14,67,3300.83
GDAM,2026-08-14,68,3500.57
GDAM,2026-08-14,69,3740.99
GDAM,2026-08-14,70,4200.08
GDAM,2026-08-14,71,4200.4
GDAM,2026-08-14,72,4200.79
GDAM,2026-08-14,73,7600.16
GDAM,2026-08-14,74,7600.38
GDAM,2026-08-14,75,9998.15
GDAM,2026-08-14,76,10000.0
GDAM,2026-08-14,77,10000.0
GDAM,2026-08-14,78,10000.0
GDAM,2026-08-14,79,10000.0
GDAM,2026-08-14,80,10000.0
GDAM,2026-08-14,81,10000.0
GDAM,2026-08-14,82,10000.0
GDAM,2026-08-14,83,10000.0
GDAM,2026-08-14,84,10000.0
GDAM,2026-08-14,85,10000.0
GDAM,2026-08-14,86,10000.0
GDAM,2026-08-14,87,10000.0
GDAM,2026-08-14,88,10000.0
GDAM,2026-08-14,89,10000.0
GDAM,2026-08-14,90,10000.0
GDAM,2026-08-14,91,10000.0
GDAM,2026-08-14,92,10000.0
GDAM,2026-08-14,93,10000.0
GDAM,2026-08-14,94,10000.0
GDAM,2026-08-14,95,10000.0
GDAM,2026-08-14,96,10000.0
GDAM,2026-08-15,1,10000.0
GDAM,2026-08-15,2,10000.0
GDAM,2026-08-15,3,10000.0
GDAM,2026-08-15,4,10000.0
GDAM,2026-08-15,5,10000.0
GDAM,2026-08-15,6,10000.0
GDAM,2026-08-15,7,10000.0
GDAM,2026-08-15,8,10000.0
GDAM,2026-08-15,9,9998.42
GDAM,2026-08-15,10,6199.69
GDAM,2026-08-15,11,6000.93
GDAM,2026-08-15,12,6000.9
GDAM,2026-08-15,13,6000.94
GDAM,2026-08-15,14,6000.68
GDAM,2026-08-15,15,6000.67
GDAM,2026-08-15,16,6000.66
GDAM,2026-08-15,17,5500.61
GDAM,2026-08-15,18,5500.67
GDAM,2026-08-15,19,5500.64
GDAM,2026-08-15,20,5500.41
GDAM,2026-08-15,21,5500.64
GDAM,2026-08-15,22,5500.56
GDAM,2026-08-15,23,5500.57
GDAM,2026-08-15,24,5500.56
GDAM,2026-08-15,25,5500.98
GDAM,2026-08-15,26,5568.18
GDAM,2026-08-15,27,5500.89
GDAM,2026-08-15,28,5500.7
GDAM,2026-08-15,29,4100.98
GDAM,2026-08-15,30,4100.74
GDAM,2026-08-15,31,4100.35
GDAM,2026-08-15,32,4041.32
GDAM,2026-08-15,33,3301.96
GDAM,2026-08-15,34,2799.0
GDAM,2026-08-15,35,2499.02
GDAM,2026-08-15,36,1700.48
GDAM,2026-08-15,37,1700.34
GDAM,2026-08-15,38,1700.21
GDAM,2026-08-15,39,1628.34
GDAM,2026-08-15,40,1592.36
GDAM,2026-08-15,41,1460.36
GDAM,2026-08-15,42,1459.69
GDAM,2026-08-15,43,1400.17
GDAM,2026-08-15,44,1222.28
GDAM,2026-08-15,45,1099.59
GDAM,2026-08-15,46,1099.48
GDAM,2026-08-15,47,1099.35
GDAM,2026-08-15,48,1099.39
GDAM,2026-08-15,49,1099.05
GDAM,2026-08-15,50,1099.31
GDAM,2026-08-15,51,1099.39
GDAM,2026-08-15,52,1099.32
GDAM,2026-08-15,53,999.77
GDAM,2026-08-15,54,999.77
GDAM,2026-08-15,55,1099.61
GDAM,2026-08-15,56,1399.09
GDAM,2026-08-15,57,1399.66
GDAM,2026-08-15,58,1399.57
GDAM,2026-08-15,59,1499.07
GDAM,2026-08-15,60,1400.87
GDAM,2026-08-15,61,1799.48
GDAM,2026-08-15,62,1868.42
GDAM,2026-08-15,63,1999.38
GDAM,2026-08-15,64,2080.5
GDAM,2026-08-15,65,2499.05
GDAM,2026-08-15,66,2699.38
GDAM,2026-08-15,67,3000.36
GDAM,2026-08-15,68,3100.99
GDAM,2026-08-15,69,3400.71
GDAM,2026-08-15,70,3433.04
GDAM,2026-08-15,71,3907.95
GDAM,2026-08-15,72,4200.03
GDAM,2026-08-15,73,5000.7
GDAM,2026-08-15,74,5000.91
GDAM,2026-08-15,75,6163.83
GDAM,2026-08-15,76,9998.96
GDAM,2026-08-15,77,10000.0
GDAM,2026-08-15,78,10000.0
GDAM,2026-08-15,79,10000.0
GDAM,2026-08-15,80,10000.0
GDAM,2026-08-15,81,10000.0
GDAM,2026-08-15,82,10000.0
GDAM,2026-08-15,83,10000.0
GDAM,2026-08-15,84,10000.0
GDAM,2026-08-15,85,10000.0
GDAM,2026-08-15,86,10000.0
GDAM,2026-08-15,87,10000.0
GDAM,2026-08-15,88,10000.0
GDAM,2026-08-15,89,10000.0
GDAM,2026-08-15,90,10000.0
GDAM,2026-08-15,91,10000.0
GDAM,2026-08-15,92,10000.0
GDAM,2026-08-15,93,10000.0
GDAM,2026-08-15,94,10000.0
GDAM,2026-08-15,95,10000.0
GDAM,2026-08-15,96,10000.0
GDAM,2026-08-16,1,3600.99
GDAM,2026-08-16,2,3600.92
GDAM,2026-08-16,3,3600.89
GDAM,2026-08-16,4,3600.88
GDAM,2026-08-16,5,3600.87
GDAM,2026-08-16,6,3600.89
GDAM,2026-08-16,7,3600.88
GDAM,2026-08-16,8,3600.87
GDAM,2026-08-16,9,3600.9
GDAM,2026-08-16,10,3600.91
GDAM,2026-08-16,11,3600.89
GDAM,2026-08-16,12,3600.88
GDAM,2026-08-16,13,3600.8
GDAM,2026-08-16,14,3600.8
GDAM,2026-08-16,15,3600.8
GDAM,2026-08-16,16,3600.79
GDAM,2026-08-16,17,3500.81
GDAM,2026-08-16,18,3500.86
GDAM,2026-08-16,19,3500.84
GDAM,2026-08-16,20,3500.85
GDAM,2026-08-16,21,3500.79
GDAM,2026-08-16,22,3500.91
GDAM,2026-08-16,23,3500.9
GDAM,2026-08-16,24,3500.97
GDAM,2026-08-16,25,3900.14
GDAM,2026-08-16,26,3720.05
GDAM,2026-08-16,27,3500.99
GDAM,2026-08-16,28,3500.84
GDAM,2026-08-16,29,3150.76
GDAM,2026-08-16,30,2999.15
GDAM,2026-08-16,31,2000.94
GDAM,2026-08-16,32,2000.53
GDAM,2026-08-16,33,1890.92
GDAM,2026-08-16,34,1890.06
GDAM,2026-08-16,35,1399.29
GDAM,2026-08-16,36,999.27
GDAM,2026-08-16,37,499.76
GDAM,2026-08-16,38,499.65
GDAM,2026-08-16,39,499.59
GDAM,2026-08-16,40,499.6
GDAM,2026-08-16,41,459.84
GDAM,2026-08-16,42,459.91
GDAM,2026-08-16,43,459.93
GDAM,2026-08-16,44,459.96
GDAM,2026-08-16,45,499.01
GDAM,2026-08-16,46,459.96
GDAM,2026-08-16,47,459.95
GDAM,2026-08-16,48,459.81
GDAM,2026-08-16,49,459.86
GDAM,2026-08-16,50,499.56
GDAM,2026-08-16,51,499.59
GDAM,2026-08-16,52,499.53
GDAM,2026-08-16,53,499.49
GDAM,2026-08-16,54,499.41
GDAM,2026-08-16,55,499.98
GDAM,2026-08-16,56,499.99
GDAM,2026-08-16,57,550.5
GDAM,2026-08-16,58,550.28
GDAM,2026-08-16,59,599.82
GDAM,2026-08-16,60,599.59
GDAM,2026-08-16,61,800.18
GDAM,2026-08-16,62,800.11
GDAM,2026-08-16,63,800.06
GDAM,2026-08-16,64,800.34
GDAM,2026-08-16,65,930.15
GDAM,2026-08-16,66,999.27
GDAM,2026-08-16,67,1499.53
GDAM,2026-08-16,68,1499.56
GDAM,2026-08-16,69,1890.12
GDAM,2026-08-16,70,1890.37
GDAM,2026-08-16,71,1890.8
GDAM,2026-08-16,72,2200.79
GDAM,2026-08-16,73,2400.53
GDAM,2026-08-16,74,2400.8
GDAM,2026-08-16,75,2800.97
GDAM,2026-08-16,76,3300.6
GDAM,2026-08-16,77,4000.65
GDAM,2026-08-16,78,4500.01
GDAM,2026-08-16,79,4999.89
GDAM,2026-08-16,80,4700.81
GDAM,2026-08-16,81,5200.02
GDAM,2026-08-16,82,5150.2
GDAM,2026-08-16,83,5000.16
GDAM,2026-08-16,84,5050.23
GDAM,2026-08-16,85,5200.14
GDAM,2026-08-16,86,5200.16
GDAM,2026-08-16,87,5310.03
GDAM,2026-08-16,88,5499.41
GDAM,2026-08-16,89,4500.9
GDAM,2026-08-16,90,4500.99
GDAM,2026-08-16,91,4500.99
GDAM,2026-08-16,92,5000.96
GDAM,2026-08-16,93,5000.78
GDAM,2026-08-16,94,5000.38
GDAM,2026-08-16,95,5000.39
GDAM,2026-08-16,96,5000.39
GDAM,2026-08-17,1,4600.41
GDAM,2026-08-17,2,4600.37
GDAM,2026-08-17,3,4600.33
GDAM,2026-08-17,4,4600.35
GDAM,2026-08-17,5,4600.16
GDAM,2026-08-17,6,4600.17
GDAM,2026-08-17,7,4600.17
GDAM,2026-08-17,8,4600.15
GDAM,2026-08-17,9,4250.63
GDAM,2026-08-17,10,4250.51
GDAM,2026-08-17,11,4250.51
GDAM,2026-08-17,12,4250.71
GDAM,2026-08-17,13,4250.51
GDAM,2026-08-17,14,4300.94
GDAM,2026-08-17,15,4510.02
GDAM,2026-08-17,16,4510.74
GDAM,2026-08-17,17,4500.1
GDAM,2026-08-17,18,4500.11
GDAM,2026-08-17,19,4500.11
GDAM,2026-08-17,20,4500.12
GDAM,2026-08-17,21,4500.08
GDAM,2026-08-17,22,4500.12
GDAM,2026-08-17,23,4500.14
GDAM,2026-08-17,24,4500.17
GDAM,2026-08-17,25,4500.95
GDAM,2026-08-17,26,4510.62
GDAM,2026-08-17,27,4700.47
GDAM,2026-08-17,28,4500.95
GDAM,2026-08-17,29,4200.62
GDAM,2026-08-17,30,3999.98
GDAM,2026-08-17,31,3550.78
GDAM,2026-08-17,32,3200.99
GDAM,2026-08-17,33,3000.88
GDAM,2026-08-17,34,3000.72
GDAM,2026-08-17,35,3000.71
GDAM,2026-08-17,36,2000.9
GDAM,2026-08-17,37,1399.82
GDAM,2026-08-17,38,1200.27
GDAM,2026-08-17,39,1499.94
GDAM,2026-08-17,40,1399.39
GDAM,2026-08-17,41,1158.6
GDAM,2026-08-17,42,1200.29
GDAM,2026-08-17,43,1200.49
GDAM,2026-08-17,44,1000.55
GDAM,2026-08-17,45,1200.05
GDAM,2026-08-17,46,1164.8
GDAM,2026-08-17,47,1122.8
GDAM,2026-08-17,48,1600.5
GDAM,2026-08-17,49,1095.8
GDAM,2026-08-17,50,1085.4
GDAM,2026-08-17,51,1086.17
GDAM,2026-08-17,52,1086.14
GDAM,2026-08-17,53,1086.04
GDAM,2026-08-17,54,1112.4
GDAM,2026-08-17,55,1129.0
GDAM,2026-08-17,56,1459.49
GDAM,2026-08-17,57,1200.42
GDAM,2026-08-17,58,1190.4
GDAM,2026-08-17,59,1200.02
GDAM,2026-08-17,60,1056.4
GDAM,2026-08-17,61,1700.96
GDAM,2026-08-17,62,1800.87
GDAM,2026-08-17,63,2000.66
GDAM,2026-08-17,64,2000.99
GDAM,2026-08-17,65,2299.66
GDAM,2026-08-17,66,2400.67
GDAM,2026-08-17,67,2700.85
GDAM,2026-08-17,68,3000.06
GDAM,2026-08-17,69,3200.18
GDAM,2026-08-17,70,3200.35
GDAM,2026-08-17,71,3299.86
GDAM,2026-08-17,72,3499.71
GDAM,2026-08-17,73,4200.43
GDAM,2026-08-17,74,5000.59
GDAM,2026-08-17,75,10000.0
GDAM,2026-08-17,76,10000.0
GDAM,2026-08-17,77,10000.0
GDAM,2026-08-17,78,10000.0
GDAM,2026-08-17,79,10000.0
GDAM,2026-08-17,80,10000.0
GDAM,2026-08-17,81,10000.0
GDAM,2026-08-17,82,10000.0
GDAM,2026-08-17,83,10000.0
GDAM,2026-08-17,84,10000.0
GDAM,2026-08-17,85,10000.0
GDAM,2026-08-17,86,10000.0
GDAM,2026-08-17,87,10000.0
GDAM,2026-08-17,88,10000.0
GDAM,2026-08-17,89,10000.0
GDAM,2026-08-17,90,10000.0
GDAM,2026-08-17,91,10000.0
GDAM,2026-08-17,92,10000.0
GDAM,2026-08-17,93,10000.0
GDAM,2026-08-17,94,10000.0
GDAM,2026-08-17,95,10000.0
GDAM,2026-08-17,96,10000.0
GDAM,2026-08-18,1,4510.63
GDAM,2026-08-18,2,4510.05
GDAM,2026-08-18,3,4399.83
GDAM,2026-08-18,4,4510.56
GDAM,2026-08-18,5,4095.39
GDAM,2026-08-18,6,4013.94
GDAM,2026-08-18,7,4000.59
GDAM,2026-08-18,8,4000.45
GDAM,2026-08-18,9,3295.77
GDAM,2026-08-18,10,3295.34
GDAM,2026-08-18,11,3290.92
GDAM,2026-08-18,12,3295.36
GDAM,2026-08-18,13,3250.44
GDAM,2026-08-18,14,3250.51
GDAM,2026-08-18,15,3250.68
GDAM,2026-08-18,16,3250.62
GDAM,2026-08-18,17,4499.34
GDAM,2026-08-18,18,4499.47
GDAM,2026-08-18,19,4499.45
GDAM,2026-08-18,20,4499.48
GDAM,2026-08-18,21,4499.57
GDAM,2026-08-18,22,4499.68
GDAM,2026-08-18,23,4500.53
GDAM,2026-08-18,24,4500.85
GDAM,2026-08-18,25,4999.94
GDAM,2026-08-18,26,5650.19
GDAM,2026-08-18,27,6000.0
GDAM,2026-08-18,28,5500.44
GDAM,2026-08-18,29,5099.88
GDAM,2026-08-18,30,4514.03
GDAM,2026-08-18,31,3998.43
GDAM,2026-08-18,32,3798.5
GDAM,2026-08-18,33,3800.28
GDAM,2026-08-18,34,3720.64
GDAM,2026-08-18,35,3250.98
GDAM,2026-08-18,36,2500.86
GDAM,2026-08-18,37,2500.07
GDAM,2026-08-18,38,2050.84
GDAM,2026-08-18,39,2040.03
GDAM,2026-08-18,40,2000.81
GDAM,2026-08-18,41,1726.31
GDAM,2026-08-18,42,1600.73
GDAM,2026-08-18,43,1646.34
GDAM,2026-08-18,44,1800.23
GDAM,2026-08-18,45,1800.85
GDAM,2026-08-18,46,1800.86
GDAM,2026-08-18,47,1900.39
GDAM,2026-08-18,48,1600.2
GDAM,2026-08-18,49,1800.11
GDAM,2026-08-18,50,1500.47
GDAM,2026-08-18,51,1500.37
GDAM,2026-08-18,52,1500.92
GDAM,2026-08-18,53,1500.84
GDAM,2026-08-18,54,1500.8
GDAM,2026-08-18,55,1740.67
GDAM,2026-08-18,56,1459.43
GDAM,2026-08-18,57,1300.86
GDAM,2026-08-18,58,1300.57
GDAM,2026-08-18,59,1300.21
GDAM,2026-08-18,60,1450.79
GDAM,2026-08-18,61,2159.04
GDAM,2026-08-18,62,1900.95
GDAM,2026-08-18,63,2100.76
GDAM,2026-08-18,64,2359.52
GDAM,2026-08-18,65,2500.15
GDAM,2026-08-18,66,2550.56
GDAM,2026-08-18,67,2900.27
GDAM,2026-08-18,68,3000.48
GDAM,2026-08-18,69,3199.78
GDAM,2026-08-18,70,3300.46
GDAM,2026-08-18,71,3400.32
GDAM,2026-08-18,72,3500.36
GDAM,2026-08-18,73,4500.7
GDAM,2026-08-18,74,5000.73
GDAM,2026-08-18,75,9998.03
GDAM,2026-08-18,76,10000.0
GDAM,2026-08-18,77,10000.0
GDAM,2026-08-18,78,10000.0
GDAM,2026-08-18,79,10000.0
GDAM,2026-08-18,80,10000.0
GDAM,2026-08-18,81,10000.0
GDAM,2026-08-18,82,10000.0
GDAM,2026-08-18,83,10000.0
GDAM,2026-08-18,84,10000.0
GDAM,2026-08-18,85,10000.0
GDAM,2026-08-18,86,10000.0
GDAM,2026-08-18,87,10000.0
GDAM,2026-08-18,88,10000.0
GDAM,2026-08-18,89,10000.0
GDAM,2026-08-18,90,10000.0
GDAM,2026-08-18,91,10000.0
GDAM,2026-08-18,92,10000.0
GDAM,2026-08-18,93,10000.0
GDAM,2026-08-18,94,10000.0
GDAM,2026-08-18,95,10000.0
GDAM,2026-08-18,96,10000.0
GDAM,2026-08-19,1,3750.96
GDAM,2026-08-19,2,3700.97
GDAM,2026-08-19,3,3600.92
GDAM,2026-08-19,4,3650.96
GDAM,2026-08-19,5,3500.42
GDAM,2026-08-19,6,3659.24
GDAM,2026-08-19,7,3659.04
GDAM,2026-08-19,8,3500.79
GDAM,2026-08-19,9,3299.61
GDAM,2026-08-19,10,3299.47
GDAM,2026-08-19,11,3299.09
GDAM,2026-08-19,12,3299.09
GDAM,2026-08-19,13,3295.88
GDAM,2026-08-19,14,3299.02
GDAM,2026-08-19,15,3299.05
GDAM,2026-08-19,16,3299.04
GDAM,2026-08-19,17,3700.67
GDAM,2026-08-19,18,3700.7
GDAM,2026-08-19,19,3700.72
GDAM,2026-08-19,20,3700.74
GDAM,2026-08-19,21,3700.83
GDAM,2026-08-19,22,3700.9
GDAM,2026-08-19,23,3700.93
GDAM,2026-08-19,24,4099.14
GDAM,2026-08-19,25,4500.97
GDAM,2026-08-19,26,4510.57
GDAM,2026-08-19,27,4500.97
GDAM,2026-08-19,28,4500.24
GDAM,2026-08-19,29,4254.42
GDAM,2026-08-19,30,3999.21
GDAM,2026-08-19,31,3720.26
GDAM,2026-08-19,32,3500.7
GDAM,2026-08-19,33,3500.47
GDAM,2026-08-19,34,3398.03
GDAM,2026-08-19,35,3000.26
GDAM,2026-08-19,36,2420.83
GDAM,2026-08-19,37,2389.86
GDAM,2026-08-19,38,2080.83
GDAM,2026-08-19,39,2039.9
GDAM,2026-08-19,40,1899.17
GDAM,2026-08-19,41,1750.92
GDAM,2026-08-19,42,1700.51
GDAM,2026-08-19,43,1700.45
GDAM,2026-08-19,44,1700.37
GDAM,2026-08-19,45,1700.39
GDAM,2026-08-19,46,1700.31
GDAM,2026-08-19,47,1601.43
GDAM,2026-08-19,48,1135.2
GDAM,2026-08-19,49,1400.56
GDAM,2026-08-19,50,1300.41
GDAM,2026-08-19,51,1300.77
GDAM,2026-08-19,52,1300.59
GDAM,2026-08-19,53,1200.66
GDAM,2026-08-19,54,1200.73
GDAM,2026-08-19,55,1300.04
GDAM,2026-08-19,56,1300.08
GDAM,2026-08-19,57,1500.59
GDAM,2026-08-19,58,1600.74
GDAM,2026-08-19,59,1800.43
GDAM,2026-08-19,60,1700.13
GDAM,2026-08-19,61,2000.51
GDAM,2026-08-19,62,2050.38
GDAM,2026-08-19,63,2200.4
GDAM,2026-08-19,64,2350.52
GDAM,2026-08-19,65,2600.27
GDAM,2026-08-19,66,2600.42
GDAM,2026-08-19,67,2829.92
GDAM,2026-08-19,68,2842.95
GDAM,2026-08-19,69,3200.07
GDAM,2026-08-19,70,3150.48
GDAM,2026-08-19,71,2959.61
GDAM,2026-08-19,72,3100.87
GDAM,2026-08-19,73,5100.2
GDAM,2026-08-19,74,6700.08
GDAM,2026-08-19,75,9998.14
GDAM,2026-08-19,76,9998.35
GDAM,2026-08-19,77,10000.0
GDAM,2026-08-19,78,10000.0
GDAM,2026-08-19,79,10000.0
GDAM,2026-08-19,80,10000.0
GDAM,2026-08-19,81,10000.0
GDAM,2026-08-19,82,10000.0
GDAM,2026-08-19,83,10000.0
GDAM,2026-08-19,84,10000.0
GDAM,2026-08-19,85,10000.0
GDAM,2026-08-19,86,10000.0
GDAM,2026-08-19,87,10000.0
GDAM,2026-08-19,88,10000.0
GDAM,2026-08-19,89,10000.0
GDAM,2026-08-19,90,10000.0
GDAM,2026-08-19,91,10000.0
GDAM,2026-08-19,92,10000.0
GDAM,2026-08-19,93,10000.0
GDAM,2026-08-19,94,10000.0
GDAM,2026-08-19,95,10000.0
GDAM,2026-08-19,96,10000.0
GDAM,2026-08-20,1,3699.88
GDAM,2026-08-20,2,3699.7
GDAM,2026-08-20,3,3599.49
GDAM,2026-08-20,4,3599.61
GDAM,2026-08-20,5,3499.01
GDAM,2026-08-20,6,3400.64
GDAM,2026-08-20,7,3400.8
GDAM,2026-08-20,8,3499.04
GDAM,2026-08-20,9,3299.7
GDAM,2026-08-20,10,3150.89
GDAM,2026-08-20,11,3150.45
GDAM,2026-08-20,12,3150.64
GDAM,2026-08-20,13,3150.29
GDAM,2026-08-20,14,3150.62
GDAM,2026-08-20,15,3150.87
GDAM,2026-08-20,16,3171.56
GDAM,2026-08-20,17,3600.62
GDAM,2026-08-20,18,3600.61
GDAM,2026-08-20,19,3600.63
GDAM,2026-08-20,20,3600.64
GDAM,2026-08-20,21,3600.7
GDAM,2026-08-20,22,3600.77
GDAM,2026-08-20,23,3899.17
GDAM,2026-08-20,24,4000.47
GDAM,2026-08-20,25,4250.92
GDAM,2026-08-20,26,4510.78
GDAM,2026-08-20,27,4250.21
GDAM,2026-08-20,28,4169.54
GDAM,2026-08-20,29,4161.75
GDAM,2026-08-20,30,3720.32
GDAM,2026-08-20,31,3700.09
GDAM,2026-08-20,32,3600.44
GDAM,2026-08-20,33,3600.04
GDAM,2026-08-20,34,3300.9
GDAM,2026-08-20,35,3282.16
GDAM,2026-08-20,36,2550.05
GDAM,2026-08-20,37,2499.41
GDAM,2026-08-20,38,2080.95
GDAM,2026-08-20,39,2040.66
GDAM,2026-08-20,40,1890.75
GDAM,2026-08-20,41,1750.35
GDAM,2026-08-20,42,1600.89
GDAM,2026-08-20,43,1550.86
GDAM,2026-08-20,44,1700.64
GDAM,2026-08-20,45,1700.69
GDAM,2026-08-20,46,1700.63
GDAM,2026-08-20,47,1700.1
GDAM,2026-08-20,48,1603.13
GDAM,2026-08-20,49,1600.12
GDAM,2026-08-20,50,1500.77
GDAM,2026-08-20,51,1500.37
GDAM,2026-08-20,52,1500.12
GDAM,2026-08-20,53,1350.87
GDAM,2026-08-20,54,1350.82
GDAM,2026-08-20,55,1400.49
GDAM,2026-08-20,56,1459.17
GDAM,2026-08-20,57,1600.29
GDAM,2026-08-20,58,1700.25
GDAM,2026-08-20,59,1600.89
GDAM,2026-08-20,60,1603.95
GDAM,2026-08-20,61,1900.86
GDAM,2026-08-20,62,2060.67
GDAM,2026-08-20,63,2300.95
GDAM,2026-08-20,64,2400.22
GDAM,2026-08-20,65,2450.59
GDAM,2026-08-20,66,2500.31
GDAM,2026-08-20,67,2700.96
GDAM,2026-08-20,68,2900.2
GDAM,2026-08-20,69,3100.42
GDAM,2026-08-20,70,3099.85
GDAM,2026-08-20,71,2959.94
GDAM,2026-08-20,72,3101.57
GDAM,2026-08-20,73,5000.67
GDAM,2026-08-20,74,5000.86
GDAM,2026-08-20,75,5551.67
GDAM,2026-08-20,76,9998.17
GDAM,2026-08-20,77,10000.0
GDAM,2026-08-20,78,10000.0
GDAM,2026-08-20,79,10000.0
GDAM,2026-08-20,80,10000.0
GDAM,2026-08-20,81,10000.0
GDAM,2026-08-20,82,10000.0
GDAM,2026-08-20,83,10000.0
GDAM,2026-08-20,84,10000.0
GDAM,2026-08-20,85,10000.0
GDAM,2026-08-20,86,10000.0
GDAM,2026-08-20,87,10000.0
GDAM,2026-08-20,88,10000.0
GDAM,2026-08-20,89,10000.0
GDAM,2026-08-20,90,10000.0
GDAM,2026-08-20,91,10000.0
GDAM,2026-08-20,92,10000.0
GDAM,2026-08-20,93,10000.0
GDAM,2026-08-20,94,10000.0
GDAM,2026-08-20,95,10000.0
GDAM,2026-08-20,96,10000.0
GDAM,2026-08-21,1,10000.0
GDAM,2026-08-21,2,10000.0
GDAM,2026-08-21,3,10000.0
GDAM,2026-08-21,4,10000.0
GDAM,2026-08-21,5,9299.7
GDAM,2026-08-21,6,9208.13
GDAM,2026-08-21,7,9426.66
GDAM,2026-08-21,8,9618.13
GDAM,2026-08-21,9,6200.82
GDAM,2026-08-21,10,6200.6
GDAM,2026-08-21,11,6200.93
GDAM,2026-08-21,12,10000.0
GDAM,2026-08-21,13,6200.86
GDAM,2026-08-21,14,10000.0
GDAM,2026-08-21,15,10000.0
GDAM,2026-08-21,16,10000.0
GDAM,2026-08-21,17,4300.81
GDAM,2026-08-21,18,4300.65
GDAM,2026-08-21,19,4300.68
GDAM,2026-08-21,20,5499.79
GDAM,2026-08-21,21,4500.65
GDAM,2026-08-21,22,4500.9
GDAM,2026-08-21,23,4500.42
GDAM,2026-08-21,24,4510.94
GDAM,2026-08-21,25,5200.61
GDAM,2026-08-21,26,5609.86
GDAM,2026-08-21,27,6250.73
GDAM,2026-08-21,28,5850.33
GDAM,2026-08-21,29,5499.98
GDAM,2026-08-21,30,4999.08
GDAM,2026-08-21,31,4234.78
GDAM,2026-08-21,32,4000.42
GDAM,2026-08-21,33,3800.42
GDAM,2026-08-21,34,3400.6
GDAM,2026-08-21,35,2929.88
GDAM,2026-08-21,36,2549.89
GDAM,2026-08-21,37,2475.56
GDAM,2026-08-21,38,2080.77
GDAM,2026-08-21,39,2040.72
GDAM,2026-08-21,40,1890.95
GDAM,2026-08-21,41,1750.92
GDAM,2026-08-21,42,1800.07
GDAM,2026-08-21,43,1646.21
GDAM,2026-08-21,44,1603.25
GDAM,2026-08-21,45,1800.82
GDAM,2026-08-21,46,1800.72
GDAM,2026-08-21,47,1600.5
GDAM,2026-08-21,48,1600.47
GDAM,2026-08-21,49,1581.2
GDAM,2026-08-21,50,1400.99
GDAM,2026-08-21,51,1401.0
GDAM,2026-08-21,52,1459.57
GDAM,2026-08-21,53,1512.0
GDAM,2026-08-21,54,1600.01
GDAM,2026-08-21,55,1600.83
GDAM,2026-08-21,56,1600.62
GDAM,2026-08-21,57,1700.9
GDAM,2026-08-21,58,1600.25
GDAM,2026-08-21,59,1700.12
GDAM,2026-08-21,60,1700.28
GDAM,2026-08-21,61,2499.62
GDAM,2026-08-21,62,2499.14
GDAM,2026-08-21,63,2500.15
GDAM,2026-08-21,64,2500.45
GDAM,2026-08-21,65,2600.75
GDAM,2026-08-21,66,2750.92
GDAM,2026-08-21,67,3050.18
GDAM,2026-08-21,68,3100.07
GDAM,2026-08-21,69,3200.52
GDAM,2026-08-21,70,3290.29
GDAM,2026-08-21,71,3400.02
GDAM,2026-08-21,72,3500.67
GDAM,2026-08-21,73,4700.9
GDAM,2026-08-21,74,4999.36
GDAM,2026-08-21,75,5700.22
GDAM,2026-08-21,76,9998.4
GDAM,2026-08-21,77,10000.0
GDAM,2026-08-21,78,10000.0
GDAM,2026-08-21,79,10000.0
GDAM,2026-08-21,80,10000.0
GDAM,2026-08-21,81,10000.0
GDAM,2026-08-21,82,10000.0
GDAM,2026-08-21,83,10000.0
GDAM,2026-08-21,84,10000.0
GDAM,2026-08-21,85,10000.0
GDAM,2026-08-21,86,10000.0
GDAM,2026-08-21,87,10000.0
GDAM,2026-08-21,88,10000.0
GDAM,2026-08-21,89,10000.0
GDAM,2026-08-21,90,10000.0
GDAM,2026-08-21,91,10000.0
GDAM,2026-08-21,92,10000.0
GDAM,2026-08-21,93,10000.0
GDAM,2026-08-21,94,10000.0
GDAM,2026-08-21,95,10000.0
GDAM,2026-08-21,96,10000.0
GDAM,2026-08-22,1,10000.0
GDAM,2026-08-22,2,10000.0
GDAM,2026-08-22,3,10000.0
GDAM,2026-08-22,4,10000.0
GDAM,2026-08-22,5,10000.0
GDAM,2026-08-22,6,10000.0
GDAM,2026-08-22,7,10000.0
GDAM,2026-08-22,8,10000.0
GDAM,2026-08-22,9,10000.0
GDAM,2026-08-22,10,10000.0
GDAM,2026-08-22,11,10000.0
GDAM,2026-08-22,12,10000.0
GDAM,2026-08-22,13,6199.9
GDAM,2026-08-22,14,8999.82
GDAM,2026-08-22,15,8999.32
GDAM,2026-08-22,16,8999.35
GDAM,2026-08-22,17,5400.46
GDAM,2026-08-22,18,5400.5
GDAM,2026-08-22,19,5400.53
GDAM,2026-08-22,20,5499.51
GDAM,2026-08-22,21,5400.43
GDAM,2026-08-22,22,10000.0
GDAM,2026-08-22,23,10000.0
GDAM,2026-08-22,24,8499.85
GDAM,2026-08-22,25,9998.66
GDAM,2026-08-22,26,10000.0
GDAM,2026-08-22,27,10000.0
GDAM,2026-08-22,28,9998.26
GDAM,2026-08-22,29,9998.2
GDAM,2026-08-22,30,5800.22
GDAM,2026-08-22,31,4500.76
GDAM,2026-08-22,32,4359.28
GDAM,2026-08-22,33,4000.31
GDAM,2026-08-22,34,3500.11
GDAM,2026-08-22,35,3200.3
GDAM,2026-08-22,36,2899.28
GDAM,2026-08-22,37,2480.62
GDAM,2026-08-22,38,2469.29
GDAM,2026-08-22,39,2182.34
GDAM,2026-08-22,40,2079.56
GDAM,2026-08-22,41,1965.4
GDAM,2026-08-22,42,1895.46
GDAM,2026-08-22,43,1700.5
GDAM,2026-08-22,44,1699.51
GDAM,2026-08-22,45,1900.5
GDAM,2026-08-22,46,1900.35
GDAM,2026-08-22,47,1700.66
GDAM,2026-08-22,48,1646.72
GDAM,2026-08-22,49,1599.65
GDAM,2026-08-22,50,1549.03
GDAM,2026-08-22,51,1522.88
GDAM,2026-08-22,52,1500.35
GDAM,2026-08-22,53,1511.88
GDAM,2026-08-22,54,1599.5
GDAM,2026-08-22,55,1600.46
GDAM,2026-08-22,56,1602.34
GDAM,2026-08-22,57,1700.45
GDAM,2026-08-22,58,1699.14
GDAM,2026-08-22,59,1700.36
GDAM,2026-08-22,60,1706.34
GDAM,2026-08-22,61,2359.38
GDAM,2026-08-22,62,2400.95
GDAM,2026-08-22,63,2499.94
GDAM,2026-08-22,64,2600.08
GDAM,2026-08-22,65,2800.14
GDAM,2026-08-22,66,3000.47
GDAM,2026-08-22,67,3200.11
GDAM,2026-08-22,68,3369.33
GDAM,2026-08-22,69,3613.22
GDAM,2026-08-22,70,3699.51
GDAM,2026-08-22,71,3699.47
GDAM,2026-08-22,72,3627.76
GDAM,2026-08-22,73,4699.95
GDAM,2026-08-22,74,5199.81
GDAM,2026-08-22,75,9998.71
GDAM,2026-08-22,76,10000.0
GDAM,2026-08-22,77,10000.0
GDAM,2026-08-22,78,10000.0
GDAM,2026-08-22,79,10000.0
GDAM,2026-08-22,80,10000.0
GDAM,2026-08-22,81,10000.0
GDAM,2026-08-22,82,10000.0
GDAM,2026-08-22,83,10000.0
GDAM,2026-08-22,84,10000.0
GDAM,2026-08-22,85,10000.0
GDAM,2026-08-22,86,10000.0
GDAM,2026-08-22,87,10000.0
GDAM,2026-08-22,88,10000.0
GDAM,2026-08-22,89,10000.0
GDAM,2026-08-22,90,10000.0
GDAM,2026-08-22,91,10000.0
GDAM,2026-08-22,92,10000.0
GDAM,2026-08-22,93,10000.0
GDAM,2026-08-22,94,10000.0
GDAM,2026-08-22,95,10000.0
GDAM,2026-08-22,96,10000.0
GDAM,2026-08-23,1,10000.0
GDAM,2026-08-23,2,10000.0
GDAM,2026-08-23,3,10000.0
GDAM,2026-08-23,4,10000.0
GDAM,2026-08-23,5,10000.0
GDAM,2026-08-23,6,10000.0
GDAM,2026-08-23,7,10000.0
GDAM,2026-08-23,8,10000.0
GDAM,2026-08-23,9,10000.0
GDAM,2026-08-23,10,10000.0
GDAM,2026-08-23,11,6200.98
GDAM,2026-08-23,12,10000.0
GDAM,2026-08-23,13,6000.21
GDAM,2026-08-23,14,6000.43
GDAM,2026-08-23,15,6000.5
GDAM,2026-08-23,16,6000.69
GDAM,2026-08-23,17,4500.35
GDAM,2026-08-23,18,4500.62
GDAM,2026-08-23,19,4500.77
GDAM,2026-08-23,20,6999.61
GDAM,2026-08-23,21,10000.0
GDAM,2026-08-23,22,10000.0
GDAM,2026-08-23,23,10000.0
GDAM,2026-08-23,24,10000.0
GDAM,2026-08-23,25,10000.0
GDAM,2026-08-23,26,10000.0
GDAM,2026-08-23,27,10000.0
GDAM,2026-08-23,28,7697.93
GDAM,2026-08-23,29,5289.88
GDAM,2026-08-23,30,4618.84
GDAM,2026-08-23,31,4056.09
GDAM,2026-08-23,32,3500.96
GDAM,2026-08-23,33,3282.68
GDAM,2026-08-23,34,2999.62
GDAM,2026-08-23,35,2800.47
GDAM,2026-08-23,36,2500.42
GDAM,2026-08-23,37,2100.44
GDAM,2026-08-23,38,1499.91
GDAM,2026-08-23,39,1449.95
GDAM,2026-08-23,40,1550.09
GDAM,2026-08-23,41,1449.82
GDAM,2026-08-23,42,1499.3
GDAM,2026-08-23,43,1449.64
GDAM,2026-08-23,44,1449.91
GDAM,2026-08-23,45,1460.24
GDAM,2026-08-23,46,1409.64
GDAM,2026-08-23,47,1399.11
GDAM,2026-08-23,48,1365.6
GDAM,2026-08-23,49,1315.2
GDAM,2026-08-23,50,1196.8
GDAM,2026-08-23,51,1111.95
GDAM,2026-08-23,52,1172.8
GDAM,2026-08-23,53,1200.46
GDAM,2026-08-23,54,1110.63
GDAM,2026-08-23,55,1111.8
GDAM,2026-08-23,56,1399.32
GDAM,2026-08-23,57,1410.73
GDAM,2026-08-23,58,1524.31
GDAM,2026-08-23,59,1571.52
GDAM,2026-08-23,60,1600.55
GDAM,2026-08-23,61,2100.0
GDAM,2026-08-23,62,2100.8
GDAM,2026-08-23,63,2199.7
GDAM,2026-08-23,64,2299.31
GDAM,2026-08-23,65,2660.19
GDAM,2026-08-23,66,2660.53
GDAM,2026-08-23,67,2700.8
GDAM,2026-08-23,68,2845.74
GDAM,2026-08-23,69,3099.8
GDAM,2026-08-23,70,3099.9
GDAM,2026-08-23,71,3000.38
GDAM,2026-08-23,72,3099.94
GDAM,2026-08-23,73,4399.49
GDAM,2026-08-23,74,4999.4
GDAM,2026-08-23,75,5499.29
GDAM,2026-08-23,76,9998.03
GDAM,2026-08-23,77,10000.0
GDAM,2026-08-23,78,10000.0
GDAM,2026-08-23,79,10000.0
GDAM,2026-08-23,80,10000.0
GDAM,2026-08-23,81,10000.0
GDAM,2026-08-23,82,10000.0
GDAM,2026-08-23,83,10000.0
GDAM,2026-08-23,84,10000.0
GDAM,2026-08-23,85,10000.0
GDAM,2026-08-23,86,10000.0
GDAM,2026-08-23,87,10000.0
GDAM,2026-08-23,88,10000.0
GDAM,2026-08-23,89,10000.0
GDAM,2026-08-23,90,10000.0
GDAM,2026-08-23,91,10000.0
GDAM,2026-08-23,92,10000.0
GDAM,2026-08-23,93,10000.0
GDAM,2026-08-23,94,10000.0
GDAM,2026-08-23,95,10000.0
GDAM,2026-08-23,96,10000.0
GDAM,2026-08-24,1,10000.0
GDAM,2026-08-24,2,10000.0
GDAM,2026-08-24,3,10000.0
GDAM,2026-08-24,4,10000.0
GDAM,2026-08-24,5,10000.0
GDAM,2026-08-24,6,10000.0
GDAM,2026-08-24,7,10000.0
GDAM,2026-08-24,8,10000.0
GDAM,2026-08-24,9,10000.0
GDAM,2026-08-24,10,10000.0
GDAM,2026-08-24,11,10000.0
GDAM,2026-08-24,12,10000.0
GDAM,2026-08-24,13,10000.0
GDAM,2026-08-24,14,10000.0
GDAM,2026-08-24,15,10000.0
GDAM,2026-08-24,16,10000.0
GDAM,2026-08-24,17,10000.0
GDAM,2026-08-24,18,10000.0
GDAM,2026-08-24,19,10000.0
GDAM,2026-08-24,20,10000.0
GDAM,2026-08-24,21,10000.0
GDAM,2026-08-24,22,10000.0
GDAM,2026-08-24,23,10000.0
GDAM,2026-08-24,24,10000.0
GDAM,2026-08-24,25,10000.0
GDAM,2026-08-24,26,10000.0
GDAM,2026-08-24,27,10000.0
GDAM,2026-08-24,28,10000.0
GDAM,2026-08-24,29,9998.22
GDAM,2026-08-24,30,6600.57
GDAM,2026-08-24,31,6000.94
GDAM,2026-08-24,32,6000.3
GDAM,2026-08-24,33,5650.94
GDAM,2026-08-24,34,4999.96
GDAM,2026-08-24,35,3999.86
GDAM,2026-08-24,36,3200.0
GDAM,2026-08-24,37,3200.5
GDAM,2026-08-24,38,2999.71
GDAM,2026-08-24,39,2792.85
GDAM,2026-08-24,40,2748.96
GDAM,2026-08-24,41,2359.03
GDAM,2026-08-24,42,2255.99
GDAM,2026-08-24,43,2248.71
GDAM,2026-08-24,44,2359.17
GDAM,2026-08-24,45,2400.78
GDAM,2026-08-24,46,2400.73
GDAM,2026-08-24,47,2400.74
GDAM,2026-08-24,48,2400.3
GDAM,2026-08-24,49,2400.57
GDAM,2026-08-24,50,2059.59
GDAM,2026-08-24,51,2059.52
GDAM,2026-08-24,52,2059.51
GDAM,2026-08-24,53,2059.53
GDAM,2026-08-24,54,2059.24
GDAM,2026-08-24,55,2060.15
GDAM,2026-08-24,56,2085.02
GDAM,2026-08-24,57,2100.93
GDAM,2026-08-24,58,2167.68
GDAM,2026-08-24,59,2259.69
GDAM,2026-08-24,60,2422.3
GDAM,2026-08-24,61,2600.57
GDAM,2026-08-24,62,2869.65
GDAM,2026-08-24,63,3180.43
GDAM,2026-08-24,64,3345.3
GDAM,2026-08-24,65,3499.36
GDAM,2026-08-24,66,3500.99
GDAM,2026-08-24,67,3651.87
GDAM,2026-08-24,68,3788.25
GDAM,2026-08-24,69,4000.1
GDAM,2026-08-24,70,4499.12
GDAM,2026-08-24,71,4565.97
GDAM,2026-08-24,72,5999.65
GDAM,2026-08-24,73,9998.54
GDAM,2026-08-24,74,10000.0
GDAM,2026-08-24,75,10000.0
GDAM,2026-08-24,76,10000.0
GDAM,2026-08-24,77,10000.0
GDAM,2026-08-24,78,10000.0
GDAM,2026-08-24,79,10000.0
GDAM,2026-08-24,80,10000.0
GDAM,2026-08-24,81,10000.0
GDAM,2026-08-24,82,10000.0
GDAM,2026-08-24,83,10000.0
GDAM,2026-08-24,84,10000.0
GDAM,2026-08-24,85,10000.0
GDAM,2026-08-24,86,10000.0
GDAM,2026-08-24,87,10000.0
GDAM,2026-08-24,88,10000.0
GDAM,2026-08-24,89,10000.0
GDAM,2026-08-24,90,10000.0
GDAM,2026-08-24,91,10000.0
GDAM,2026-08-24,92,10000.0
GDAM,2026-08-24,93,10000.0
GDAM,2026-08-24,94,10000.0
GDAM,2026-08-24,95,10000.0
GDAM,2026-08-24,96,10000.0
GDAM,2026-08-25,1,10000.0
GDAM,2026-08-25,2,10000.0
GDAM,2026-08-25,3,10000.0
GDAM,2026-08-25,4,10000.0
GDAM,2026-08-25,5,10000.0
GDAM,2026-08-25,6,10000.0
GDAM,2026-08-25,7,10000.0
GDAM,2026-08-25,8,10000.0
GDAM,2026-08-25,9,10000.0
GDAM,2026-08-25,10,10000.0
GDAM,2026-08-25,11,10000.0
GDAM,2026-08-25,12,10000.0
GDAM,2026-08-25,13,10000.0
GDAM,2026-08-25,14,10000.0
GDAM,2026-08-25,15,10000.0
GDAM,2026-08-25,16,10000.0
GDAM,2026-08-25,17,10000.0
GDAM,2026-08-25,18,10000.0
GDAM,2026-08-25,19,10000.0
GDAM,2026-08-25,20,10000.0
GDAM,2026-08-25,21,10000.0
GDAM,2026-08-25,22,10000.0
GDAM,2026-08-25,23,10000.0
GDAM,2026-08-25,24,10000.0
GDAM,2026-08-25,25,10000.0
GDAM,2026-08-25,26,10000.0
GDAM,2026-08-25,27,10000.0
GDAM,2026-08-25,28,10000.0
GDAM,2026-08-25,29,10000.0
GDAM,2026-08-25,30,10000.0
GDAM,2026-08-25,31,7000.39
GDAM,2026-08-25,32,6700.64
GDAM,2026-08-25,33,6000.51
GDAM,2026-08-25,34,5500.51
GDAM,2026-08-25,35,5000.85
GDAM,2026-08-25,36,3800.49
GDAM,2026-08-25,37,3720.01
GDAM,2026-08-25,38,3400.16
GDAM,2026-08-25,39,3200.33
GDAM,2026-08-25,40,3200.23
GDAM,2026-08-25,41,2400.75
GDAM,2026-08-25,42,2400.6
GDAM,2026-08-25,43,2400.54
GDAM,2026-08-25,44,2085.93
GDAM,2026-08-25,45,2400.36
GDAM,2026-08-25,46,2400.07
GDAM,2026-08-25,47,2212.26
GDAM,2026-08-25,48,2212.39
GDAM,2026-08-25,49,2100.56
GDAM,2026-08-25,50,2200.53
GDAM,2026-08-25,51,2200.13
GDAM,2026-08-25,52,2200.46
GDAM,2026-08-25,53,2200.51
GDAM,2026-08-25,54,2200.24
GDAM,2026-08-25,55,2200.76
GDAM,2026-08-25,56,2212.16
GDAM,2026-08-25,57,2400.14
GDAM,2026-08-25,58,2499.03
GDAM,2026-08-25,59,2219.58
GDAM,2026-08-25,60,2279.6
GDAM,2026-08-25,61,2785.32
GDAM,2026-08-25,62,2800.63
GDAM,2026-08-25,63,3099.33
GDAM,2026-08-25,64,3200.11
GDAM,2026-08-25,65,3500.14
GDAM,2026-08-25,66,3600.3
GDAM,2026-08-25,67,3681.99
GDAM,2026-08-25,68,4000.01
GDAM,2026-08-25,69,6200.46
GDAM,2026-08-25,70,6999.81
GDAM,2026-08-25,71,9998.51
GDAM,2026-08-25,72,9998.9
GDAM,2026-08-25,73,10000.0
GDAM,2026-08-25,74,10000.0
GDAM,2026-08-25,75,10000.0
GDAM,2026-08-25,76,10000.0
GDAM,2026-08-25,77,10000.0
GDAM,2026-08-25,78,10000.0
GDAM,2026-08-25,79,10000.0
GDAM,2026-08-25,80,10000.0
GDAM,2026-08-25,81,10000.0
GDAM,2026-08-25,82,10000.0
GDAM,2026-08-25,83,10000.0
GDAM,2026-08-25,84,10000.0
GDAM,2026-08-25,85,10000.0
GDAM,2026-08-25,86,10000.0
GDAM,2026-08-25,87,10000.0
GDAM,2026-08-25,88,10000.0
GDAM,2026-08-25,89,10000.0
GDAM,2026-08-25,90,10000.0
GDAM,2026-08-25,91,10000.0
GDAM,2026-08-25,92,10000.0
GDAM,2026-08-25,93,10000.0
GDAM,2026-08-25,94,10000.0
GDAM,2026-08-25,95,10000.0
GDAM,2026-08-25,96,10000.0
GDAM,2026-08-26,1,10000.0
GDAM,2026-08-26,2,10000.0
GDAM,2026-08-26,3,10000.0
GDAM,2026-08-26,4,10000.0
GDAM,2026-08-26,5,10000.0
GDAM,2026-08-26,6,10000.0
GDAM,2026-08-26,7,10000.0
GDAM,2026-08-26,8,10000.0
GDAM,2026-08-26,9,10000.0
GDAM,2026-08-26,10,10000.0
GDAM,2026-08-26,11,10000.0
GDAM,2026-08-26,12,9998.75
GDAM,2026-08-26,13,10000.0
GDAM,2026-08-26,14,9998.63
GDAM,2026-08-26,15,9998.42
GDAM,2026-08-26,16,9998.45
GDAM,2026-08-26,17,9998.77
GDAM,2026-08-26,18,10000.0
GDAM,2026-08-26,19,10000.0
GDAM,2026-08-26,20,10000.0
GDAM,2026-08-26,21,10000.0
GDAM,2026-08-26,22,10000.0
GDAM,2026-08-26,23,10000.0
GDAM,2026-08-26,24,10000.0
GDAM,2026-08-26,25,10000.0
GDAM,2026-08-26,26,10000.0
GDAM,2026-08-26,27,10000.0
GDAM,2026-08-26,28,10000.0
GDAM,2026-08-26,29,10000.0
GDAM,2026-08-26,30,10000.0
GDAM,2026-08-26,31,9998.16
GDAM,2026-08-26,32,7100.91
GDAM,2026-08-26,33,5050.47
GDAM,2026-08-26,34,3600.57
GDAM,2026-08-26,35,3200.69
GDAM,2026-08-26,36,3029.52
GDAM,2026-08-26,37,3059.41
GDAM,2026-08-26,38,3009.32
GDAM,2026-08-26,39,2845.39
GDAM,2026-08-26,40,2693.35
GDAM,2026-08-26,41,2279.63
GDAM,2026-08-26,42,2164.89
GDAM,2026-08-26,43,2090.06
GDAM,2026-08-26,44,2140.94
GDAM,2026-08-26,45,2199.59
GDAM,2026-08-26,46,2250.78
GDAM,2026-08-26,47,2300.76
GDAM,2026-08-26,48,2300.74
GDAM,2026-08-26,49,2300.24
GDAM,2026-08-26,50,2090.5
GDAM,2026-08-26,51,2050.97
GDAM,2026-08-26,52,2050.99
GDAM,2026-08-26,53,2050.67
GDAM,2026-08-26,54,2050.65
GDAM,2026-08-26,55,2050.8
GDAM,2026-08-26,56,2050.94
GDAM,2026-08-26,57,2140.13
GDAM,2026-08-26,58,2140.14
GDAM,2026-08-26,59,2190.24
GDAM,2026-08-26,60,2300.16
GDAM,2026-08-26,61,2770.69
GDAM,2026-08-26,62,2970.3
GDAM,2026-08-26,63,3060.1
GDAM,2026-08-26,64,3089.29
GDAM,2026-08-26,65,3280.16
GDAM,2026-08-26,66,3500.97
GDAM,2026-08-26,67,3614.17
GDAM,2026-08-26,68,3800.59
GDAM,2026-08-26,69,4100.29
GDAM,2026-08-26,70,4565.27
GDAM,2026-08-26,71,4565.46
GDAM,2026-08-26,72,5600.24
GDAM,2026-08-26,73,9500.72
GDAM,2026-08-26,74,10000.0
GDAM,2026-08-26,75,10000.0
GDAM,2026-08-26,76,10000.0
GDAM,2026-08-26,77,10000.0
GDAM,2026-08-26,78,10000.0
GDAM,2026-08-26,79,10000.0
GDAM,2026-08-26,80,10000.0
GDAM,2026-08-26,81,10000.0
GDAM,2026-08-26,82,10000.0
GDAM,2026-08-26,83,10000.0
GDAM,2026-08-26,84,10000.0
GDAM,2026-08-26,85,10000.0
GDAM,2026-08-26,86,10000.0
GDAM,2026-08-26,87,10000.0
GDAM,2026-08-26,88,10000.0
GDAM,2026-08-26,89,10000.0
GDAM,2026-08-26,90,10000.0
GDAM,2026-08-26,91,10000.0
GDAM,2026-08-26,92,10000.0
GDAM,2026-08-26,93,10000.0
GDAM,2026-08-26,94,10000.0
GDAM,2026-08-26,95,10000.0
GDAM,2026-08-26,96,10000.0
GDAM,2026-08-27,1,10000.0
GDAM,2026-08-27,2,10000.0
GDAM,2026-08-27,3,10000.0
GDAM,2026-08-27,4,10000.0
GDAM,2026-08-27,5,10000.0
GDAM,2026-08-27,6,10000.0
GDAM,2026-08-27,7,10000.0
GDAM,2026-08-27,8,10000.0
GDAM,2026-08-27,9,9998.51
GDAM,2026-08-27,10,9998.47
GDAM,2026-08-27,11,9998.46
GDAM,2026-08-27,12,9998.47
GDAM,2026-08-27,13,9998.44
GDAM,2026-08-27,14,9998.43
GDAM,2026-08-27,15,9998.44
GDAM,2026-08-27,16,9998.43
GDAM,2026-08-27,17,9998.32
GDAM,2026-08-27,18,9998.31
GDAM,2026-08-27,19,9998.32
GDAM,2026-08-27,20,9998.49
GDAM,2026-08-27,21,10000.0
GDAM,2026-08-27,22,10000.0
GDAM,2026-08-27,23,10000.0
GDAM,2026-08-27,24,10000.0
GDAM,2026-08-27,25,10000.0
GDAM,2026-08-27,26,10000.0
GDAM,2026-08-27,27,10000.0
GDAM,2026-08-27,28,10000.0
GDAM,2026-08-27,29,10000.0
GDAM,2026-08-27,30,10000.0
GDAM,2026-08-27,31,10000.0
GDAM,2026-08-27,32,5310.06
GDAM,2026-08-27,33,5049.02
GDAM,2026-08-27,34,4019.81
GDAM,2026-08-27,35,3734.29
GDAM,2026-08-27,36,3200.74
GDAM,2026-08-27,37,3200.35
GDAM,2026-08-27,38,3060.98
GDAM,2026-08-27,39,2970.94
GDAM,2026-08-27,40,2757.25
GDAM,2026-08-27,41,2498.82
GDAM,2026-08-27,42,2400.65
GDAM,2026-08-27,43,2279.78
GDAM,2026-08-27,44,2499.93
GDAM,2026-08-27,45,2499.97
GDAM,2026-08-27,46,2500.93
GDAM,2026-08-27,47,2499.86
GDAM,2026-08-27,48,2499.35
GDAM,2026-08-27,49,2488.5
GDAM,2026-08-27,50,2300.41
GDAM,2026-08-27,51,2300.34
GDAM,2026-08-27,52,2300.29
GDAM,2026-08-27,53,2300.12
GDAM,2026-08-27,54,2300.12
GDAM,2026-08-27,55,2300.15
GDAM,2026-08-27,56,2300.17
GDAM,2026-08-27,57,2300.51
GDAM,2026-08-27,58,2499.06
GDAM,2026-08-27,59,2440.27
GDAM,2026-08-27,60,2518.11
GDAM,2026-08-27,61,2900.24
GDAM,2026-08-27,62,2969.91
GDAM,2026-08-27,63,3199.38
GDAM,2026-08-27,64,3088.97
GDAM,2026-08-27,65,3399.99
GDAM,2026-08-27,66,3559.72
GDAM,2026-08-27,67,3729.04
GDAM,2026-08-27,68,3900.71
GDAM,2026-08-27,69,4565.82
GDAM,2026-08-27,70,4574.83
GDAM,2026-08-27,71,4510.37
GDAM,2026-08-27,72,5150.65
GDAM,2026-08-27,73,10000.0
GDAM,2026-08-27,74,10000.0
GDAM,2026-08-27,75,10000.0
GDAM,2026-08-27,76,10000.0
GDAM,2026-08-27,77,10000.0
GDAM,2026-08-27,78,10000.0
GDAM,2026-08-27,79,10000.0
GDAM,2026-08-27,80,10000.0
GDAM,2026-08-27,81,10000.0
GDAM,2026-08-27,82,10000.0
GDAM,2026-08-27,83,10000.0
GDAM,2026-08-27,84,10000.0
GDAM,2026-08-27,85,10000.0
GDAM,2026-08-27,86,10000.0
GDAM,2026-08-27,87,10000.0
GDAM,2026-08-27,88,10000.0
GDAM,2026-08-27,89,10000.0
GDAM,2026-08-27,90,10000.0
GDAM,2026-08-27,91,10000.0
GDAM,2026-08-27,92,10000.0
GDAM,2026-08-27,93,10000.0
GDAM,2026-08-27,94,10000.0
GDAM,2026-08-27,95,10000.0
GDAM,2026-08-27,96,10000.0
GDAM,2026-08-28,1,10000.0
GDAM,2026-08-28,2,10000.0
GDAM,2026-08-28,3,10000.0
GDAM,2026-08-28,4,10000.0
GDAM,2026-08-28,5,10000.0
GDAM,2026-08-28,6,10000.0
GDAM,2026-08-28,7,10000.0
GDAM,2026-08-28,8,10000.0
GDAM,2026-08-28,9,9998.27
GDAM,2026-08-28,10,9998.13
GDAM,2026-08-28,11,9998.12
GDAM,2026-08-28,12,9998.12
GDAM,2026-08-28,13,9998.11
GDAM,2026-08-28,14,9998.12
GDAM,2026-08-28,15,9998.13
GDAM,2026-08-28,16,9998.13
GDAM,2026-08-28,17,9998.11
GDAM,2026-08-28,18,9998.11
GDAM,2026-08-28,19,9998.11
GDAM,2026-08-28,20,10000.0
GDAM,2026-08-28,21,10000.0
GDAM,2026-08-28,22,10000.0
GDAM,2026-08-28,23,10000.0
GDAM,2026-08-28,24,10000.0
GDAM,2026-08-28,25,10000.0
GDAM,2026-08-28,26,10000.0
GDAM,2026-08-28,27,10000.0
GDAM,2026-08-28,28,10000.0
GDAM,2026-08-28,29,10000.0
GDAM,2026-08-28,30,10000.0
GDAM,2026-08-28,31,7300.38
GDAM,2026-08-28,32,6999.76
GDAM,2026-08-28,33,4600.75
GDAM,2026-08-28,34,4223.46
GDAM,2026-08-28,35,3912.1
GDAM,2026-08-28,36,3000.83
GDAM,2026-08-28,37,2999.69
GDAM,2026-08-28,38,2599.84
GDAM,2026-08-28,39,2500.72
GDAM,2026-08-28,40,2500.98
GDAM,2026-08-28,41,2399.9
GDAM,2026-08-28,42,2340.1
GDAM,2026-08-28,43,2179.67
GDAM,2026-08-28,44,2199.51
GDAM,2026-08-28,45,2290.22
GDAM,2026-08-28,46,2290.08
GDAM,2026-08-28,47,2199.16
GDAM,2026-08-28,48,2199.16
GDAM,2026-08-28,49,2149.05
GDAM,2026-08-28,50,2149.5
GDAM,2026-08-28,51,2059.97
GDAM,2026-08-28,52,2059.92
GDAM,2026-08-28,53,2059.88
GDAM,2026-08-28,54,2059.92
GDAM,2026-08-28,55,2199.14
GDAM,2026-08-28,56,2199.17
GDAM,2026-08-28,57,2200.04
GDAM,2026-08-28,58,2199.56
GDAM,2026-08-28,59,2339.22
GDAM,2026-08-28,60,2417.21
GDAM,2026-08-28,61,2799.31
GDAM,2026-08-28,62,2890.0
GDAM,2026-08-28,63,3098.11
GDAM,2026-08-28,64,3206.85
GDAM,2026-08-28,65,3420.26
GDAM,2026-08-28,66,3500.39
GDAM,2026-08-28,67,4169.88
GDAM,2026-08-28,68,4200.26
GDAM,2026-08-28,69,4556.08
GDAM,2026-08-28,70,5499.46
GDAM,2026-08-28,71,5500.36
GDAM,2026-08-28,72,8499.42
GDAM,2026-08-28,73,10000.0
GDAM,2026-08-28,74,10000.0
GDAM,2026-08-28,75,10000.0
GDAM,2026-08-28,76,10000.0
GDAM,2026-08-28,77,10000.0
GDAM,2026-08-28,78,10000.0
GDAM,2026-08-28,79,10000.0
GDAM,2026-08-28,80,10000.0
GDAM,2026-08-28,81,10000.0
GDAM,2026-08-28,82,10000.0
GDAM,2026-08-28,83,10000.0
GDAM,2026-08-28,84,10000.0
GDAM,2026-08-28,85,10000.0
GDAM,2026-08-28,86,10000.0
GDAM,2026-08-28,87,10000.0
GDAM,2026-08-28,88,10000.0
GDAM,2026-08-28,89,10000.0
GDAM,2026-08-28,90,10000.0
GDAM,2026-08-28,91,10000.0
GDAM,2026-08-28,92,10000.0
GDAM,2026-08-28,93,10000.0
GDAM,2026-08-28,94,10000.0
GDAM,2026-08-28,95,10000.0
GDAM,2026-08-28,96,10000.0
GDAM,2026-08-29,1,10000.0
GDAM,2026-08-29,2,10000.0
GDAM,2026-08-29,3,10000.0
GDAM,2026-08-29,4,10000.0
GDAM,2026-08-29,5,10000.0
GDAM,2026-08-29,6,10000.0
GDAM,2026-08-29,7,10000.0
GDAM,2026-08-29,8,10000.0
GDAM,2026-08-29,9,7500.65
GDAM,2026-08-29,10,7500.61
GDAM,2026-08-29,11,7500.61
GDAM,2026-08-29,12,7500.71
GDAM,2026-08-29,13,7500.41
GDAM,2026-08-29,14,7500.4
GDAM,2026-08-29,15,7400.61
GDAM,2026-08-29,16,7400.63
GDAM,2026-08-29,17,7000.98
GDAM,2026-08-29,18,8500.01
GDAM,2026-08-29,19,8500.07
GDAM,2026-08-29,20,9998.56
GDAM,2026-08-29,21,10000.0
GDAM,2026-08-29,22,10000.0
GDAM,2026-08-29,23,10000.0
GDAM,2026-08-29,24,10000.0
GDAM,2026-08-29,25,10000.0
GDAM,2026-08-29,26,10000.0
GDAM,2026-08-29,27,10000.0
GDAM,2026-08-29,28,10000.0
GDAM,2026-08-29,29,10000.0
GDAM,2026-08-29,30,9998.91
GDAM,2026-08-29,31,9998.22
GDAM,2026-08-29,32,6200.38
GDAM,2026-08-29,33,4999.53
GDAM,2026-08-29,34,4318.52
GDAM,2026-08-29,35,3999.33
GDAM,2026-08-29,36,3200.72
GDAM,2026-08-29,37,2988.59
GDAM,2026-08-29,38,2599.59
GDAM,2026-08-29,39,2199.5
GDAM,2026-08-29,40,2081.79
GDAM,2026-08-29,41,2038.67
GDAM,2026-08-29,42,2039.02
GDAM,2026-08-29,43,2000.13
GDAM,2026-08-29,44,2100.59
GDAM,2026-08-29,45,2012.65
GDAM,2026-08-29,46,2000.98
GDAM,2026-08-29,47,2000.71
GDAM,2026-08-29,48,2000.66
GDAM,2026-08-29,49,1999.98
GDAM,2026-08-29,50,1800.73
GDAM,2026-08-29,51,1750.91
GDAM,2026-08-29,52,1699.97
GDAM,2026-08-29,53,1699.87
GDAM,2026-08-29,54,1699.86
GDAM,2026-08-29,55,1700.58
GDAM,2026-08-29,56,1900.46
GDAM,2026-08-29,57,2070.82
GDAM,2026-08-29,58,1950.42
GDAM,2026-08-29,59,1968.6
GDAM,2026-08-29,60,1999.43
GDAM,2026-08-29,61,2300.25
GDAM,2026-08-29,62,2400.51
GDAM,2026-08-29,63,2680.02
GDAM,2026-08-29,64,3059.24
GDAM,2026-08-29,65,3419.65
GDAM,2026-08-29,66,3499.75
GDAM,2026-08-29,67,3600.13
GDAM,2026-08-29,68,3600.92
GDAM,2026-08-29,69,4169.2
GDAM,2026-08-29,70,4250.51
GDAM,2026-08-29,71,4400.42
GDAM,2026-08-29,72,4250.53
GDAM,2026-08-29,73,9998.82
GDAM,2026-08-29,74,10000.0
GDAM,2026-08-29,75,10000.0
GDAM,2026-08-29,76,10000.0
GDAM,2026-08-29,77,10000.0
GDAM,2026-08-29,78,10000.0
GDAM,2026-08-29,79,10000.0
GDAM,2026-08-29,80,10000.0
GDAM,2026-08-29,81,10000.0
GDAM,2026-08-29,82,10000.0
GDAM,2026-08-29,83,10000.0
GDAM,2026-08-29,84,10000.0
GDAM,2026-08-29,85,10000.0
GDAM,2026-08-29,86,10000.0
GDAM,2026-08-29,87,10000.0
GDAM,2026-08-29,88,10000.0
GDAM,2026-08-29,89,10000.0
GDAM,2026-08-29,90,10000.0
GDAM,2026-08-29,91,10000.0
GDAM,2026-08-29,92,10000.0
GDAM,2026-08-29,93,10000.0
GDAM,2026-08-29,94,10000.0
GDAM,2026-08-29,95,10000.0
GDAM,2026-08-29,96,10000.0
GDAM,2026-08-30,1,5000.99
GDAM,2026-08-30,2,5000.95
GDAM,2026-08-30,3,5000.91
GDAM,2026-08-30,4,5000.85
GDAM,2026-08-30,5,5000.64
GDAM,2026-08-30,6,5000.58
GDAM,2026-08-30,7,5000.58
GDAM,2026-08-30,8,5000.58
GDAM,2026-08-30,9,5000.19
GDAM,2026-08-30,10,5000.17
GDAM,2026-08-30,11,5000.17
GDAM,2026-08-30,12,5000.14
GDAM,2026-08-30,13,5000.06
GDAM,2026-08-30,14,5000.04
GDAM,2026-08-30,15,5000.04
GDAM,2026-08-30,16,4500.51
GDAM,2026-08-30,17,4500.58
GDAM,2026-08-30,18,4500.51
GDAM,2026-08-30,19,4250.64
GDAM,2026-08-30,20,4300.48
GDAM,2026-08-30,21,4500.93
GDAM,2026-08-30,22,4900.01
GDAM,2026-08-30,23,4999.51
GDAM,2026-08-30,24,5000.32
GDAM,2026-08-30,25,5000.27
GDAM,2026-08-30,26,5000.23
GDAM,2026-08-30,27,5000.17
GDAM,2026-08-30,28,5000.03
GDAM,2026-08-30,29,4200.49
GDAM,2026-08-30,30,3499.0
GDAM,2026-08-30,31,3150.07
GDAM,2026-08-30,32,2380.87
GDAM,2026-08-30,33,2399.43
GDAM,2026-08-30,34,2380.54
GDAM,2026-08-30,35,2249.2
GDAM,2026-08-30,36,1560.16
GDAM,2026-08-30,37,999.99
GDAM,2026-08-30,38,999.71
GDAM,2026-08-30,39,1000.47
GDAM,2026-08-30,40,1000.64
GDAM,2026-08-30,41,1000.58
GDAM,2026-08-30,42,999.61
GDAM,2026-08-30,43,935.33
GDAM,2026-08-30,44,999.09
GDAM,2026-08-30,45,999.07
GDAM,2026-08-30,46,999.1
GDAM,2026-08-30,47,799.73
GDAM,2026-08-30,48,799.66
GDAM,2026-08-30,49,799.19
GDAM,2026-08-30,50,550.65
GDAM,2026-08-30,51,799.32
GDAM,2026-08-30,52,799.31
GDAM,2026-08-30,53,500.61
GDAM,2026-08-30,54,500.52
GDAM,2026-08-30,55,500.37
GDAM,2026-08-30,56,500.39
GDAM,2026-08-30,57,500.47
GDAM,2026-08-30,58,800.0
GDAM,2026-08-30,59,799.85
GDAM,2026-08-30,60,900.67
GDAM,2026-08-30,61,1080.77
GDAM,2026-08-30,62,1080.75
GDAM,2026-08-30,63,1012.25
GDAM,2026-08-30,64,999.41
GDAM,2026-08-30,65,1067.6
GDAM,2026-08-30,66,1370.84
GDAM,2026-08-30,67,1660.63
GDAM,2026-08-30,68,2100.17
GDAM,2026-08-30,69,2466.51
GDAM,2026-08-30,70,2800.33
GDAM,2026-08-30,71,2800.58
GDAM,2026-08-30,72,2800.64
GDAM,2026-08-30,73,3660.73
GDAM,2026-08-30,74,4999.19
GDAM,2026-08-30,75,5200.94
GDAM,2026-08-30,76,6420.54
GDAM,2026-08-30,77,6505.5
GDAM,2026-08-30,78,6999.49
GDAM,2026-08-30,79,6999.99
GDAM,2026-08-30,80,6999.78
GDAM,2026-08-30,81,7999.78
GDAM,2026-08-30,82,7999.38
GDAM,2026-08-30,83,8800.01
GDAM,2026-08-30,84,8800.03
GDAM,2026-08-30,85,8800.07
GDAM,2026-08-30,86,7999.18
GDAM,2026-08-30,87,8800.02
GDAM,2026-08-30,88,6391.48
GDAM,2026-08-30,89,5500.37
GDAM,2026-08-30,90,5500.43
GDAM,2026-08-30,91,5512.23
GDAM,2026-08-30,92,8800.07
GDAM,2026-08-30,93,7999.97
GDAM,2026-08-30,94,8800.03
GDAM,2026-08-30,95,7999.46
GDAM,2026-08-30,96,5499.58
GDAM,2026-08-31,1,10000.0
GDAM,2026-08-31,2,10000.0
GDAM,2026-08-31,3,10000.0
GDAM,2026-08-31,4,10000.0
GDAM,2026-08-31,5,5150.15
GDAM,2026-08-31,6,5150.43
GDAM,2026-08-31,7,5001.0
GDAM,2026-08-31,8,5000.96
GDAM,2026-08-31,9,5000.56
GDAM,2026-08-31,10,5000.56
GDAM,2026-08-31,11,5000.55
GDAM,2026-08-31,12,5000.56
GDAM,2026-08-31,13,5000.53
GDAM,2026-08-31,14,5000.57
GDAM,2026-08-31,15,5000.6
GDAM,2026-08-31,16,5000.65
GDAM,2026-08-31,17,5000.56
GDAM,2026-08-31,18,5000.31
GDAM,2026-08-31,19,5000.05
GDAM,2026-08-31,20,4500.32
GDAM,2026-08-31,21,4610.52
GDAM,2026-08-31,22,4899.85
GDAM,2026-08-31,23,4999.86
GDAM,2026-08-31,24,5499.98
GDAM,2026-08-31,25,6931.34
GDAM,2026-08-31,26,7000.27
GDAM,2026-08-31,27,5541.97
GDAM,2026-08-31,28,5100.0
GDAM,2026-08-31,29,5000.81
GDAM,2026-08-31,30,5000.76
GDAM,2026-08-31,31,5000.24
GDAM,2026-08-31,32,4500.23
GDAM,2026-08-31,33,3600.42
GDAM,2026-08-31,34,3200.42
GDAM,2026-08-31,35,3000.23
GDAM,2026-08-31,36,2010.88
GDAM,2026-08-31,37,1922.65
GDAM,2026-08-31,38,1818.7
GDAM,2026-08-31,39,1659.96
GDAM,2026-08-31,40,1499.55
GDAM,2026-08-31,41,1699.58
GDAM,2026-08-31,42,1454.4
GDAM,2026-08-31,43,1107.2
GDAM,2026-08-31,44,1339.01
GDAM,2026-08-31,45,1560.35
GDAM,2026-08-31,46,1560.32
GDAM,2026-08-31,47,1270.41
GDAM,2026-08-31,48,1270.32
GDAM,2026-08-31,49,1086.44
GDAM,2026-08-31,50,1039.07
GDAM,2026-08-31,51,1039.18
GDAM,2026-08-31,52,1039.19
GDAM,2026-08-31,53,1039.32
GDAM,2026-08-31,54,1039.37
GDAM,2026-08-31,55,1210.13
GDAM,2026-08-31,56,1270.2
GDAM,2026-08-31,57,1118.93
GDAM,2026-08-31,58,1499.9
GDAM,2026-08-31,59,1940.21
GDAM,2026-08-31,60,1610.22
GDAM,2026-08-31,61,2450.42
GDAM,2026-08-31,62,2400.2
GDAM,2026-08-31,63,2570.32
GDAM,2026-08-31,64,2900.54
GDAM,2026-08-31,65,3200.62
GDAM,2026-08-31,66,3200.97
GDAM,2026-08-31,67,3600.81
GDAM,2026-08-31,68,3800.3
GDAM,2026-08-31,69,3800.84
GDAM,2026-08-31,70,3999.42
GDAM,2026-08-31,71,4169.67
GDAM,2026-08-31,72,4200.08
GDAM,2026-08-31,73,10000.0
GDAM,2026-08-31,74,10000.0
GDAM,2026-08-31,75,9600.74
GDAM,2026-08-31,76,10000.0
GDAM,2026-08-31,77,10000.0
GDAM,2026-08-31,78,10000.0
GDAM,2026-08-31,79,10000.0
GDAM,2026-08-31,80,10000.0
GDAM,2026-08-31,81,10000.0
GDAM,2026-08-31,82,10000.0
GDAM,2026-08-31,83,10000.0
GDAM,2026-08-31,84,10000.0
GDAM,2026-08-31,85,10000.0
GDAM,2026-08-31,86,10000.0
GDAM,2026-08-31,87,10000.0
GDAM,2026-08-31,88,10000.0
GDAM,2026-08-31,89,10000.0
GDAM,2026-08-31,90,10000.0
GDAM,2026-08-31,91,10000.0
GDAM,2026-08-31,92,10000.0
GDAM,2026-08-31,93,10000.0
GDAM,2026-08-31,94,10000.0
GDAM,2026-08-31,95,10000.0
GDAM,2026-08-31,96,10000.0
GDAM,2026-09-01,1,10000.0
GDAM,2026-09-01,2,10000.0
GDAM,2026-09-01,3,10000.0
GDAM,2026-09-01,4,10000.0
GDAM,2026-09-01,5,10000.0
GDAM,2026-09-01,6,10000.0
GDAM,2026-09-01,7,6000.68
GDAM,2026-09-01,8,6000.64
GDAM,2026-09-01,9,4999.18
GDAM,2026-09-01,10,4999.16
GDAM,2026-09-01,11,4999.19
GDAM,2026-09-01,12,4999.02
GDAM,2026-09-01,13,4999.03
GDAM,2026-09-01,14,4999.1
GDAM,2026-09-01,15,4999.13
GDAM,2026-09-01,16,4999.17
GDAM,2026-09-01,17,5000.89
GDAM,2026-09-01,18,5499.59
GDAM,2026-09-01,19,5500.05
GDAM,2026-09-01,20,5000.24
GDAM,2026-09-01,21,5900.19
GDAM,2026-09-01,22,10000.0
GDAM,2026-09-01,23,10000.0
GDAM,2026-09-01,24,10000.0
GDAM,2026-09-01,25,10000.0
GDAM,2026-09-01,26,10000.0
GDAM,2026-09-01,27,10000.0
GDAM,2026-09-01,28,10000.0
GDAM,2026-09-01,29,9998.69
GDAM,2026-09-01,30,7699.85
GDAM,2026-09-01,31,5499.44
GDAM,2026-09-01,32,4600.57
GDAM,2026-09-01,33,4028.95
GDAM,2026-09-01,34,4080.43
GDAM,2026-09-01,35,3638.31
GDAM,2026-09-01,36,3200.72
GDAM,2026-09-01,37,3200.01
GDAM,2026-09-01,38,2799.73
GDAM,2026-09-01,39,2399.41
GDAM,2026-09-01,40,2050.58
GDAM,2026-09-01,41,1850.9
GDAM,2026-09-01,42,1700.93
GDAM,2026-09-01,43,1899.12
GDAM,2026-09-01,44,1899.23
GDAM,2026-09-01,45,1899.42
GDAM,2026-09-01,46,1799.46
GDAM,2026-09-01,47,1799.43
GDAM,2026-09-01,48,1799.49
GDAM,2026-09-01,49,1700.15
GDAM,2026-09-01,50,1499.89
GDAM,2026-09-01,51,1535.2
GDAM,2026-09-01,52,1590.23
GDAM,2026-09-01,53,1499.97
GDAM,2026-09-01,54,1499.84
GDAM,2026-09-01,55,1499.89
GDAM,2026-09-01,56,1523.2
GDAM,2026-09-01,57,1499.98
GDAM,2026-09-01,58,1499.95
GDAM,2026-09-01,59,1899.61
GDAM,2026-09-01,60,1999.57
GDAM,2026-09-01,61,2400.97
GDAM,2026-09-01,62,2600.57
GDAM,2026-09-01,63,3200.2
GDAM,2026-09-01,64,3399.85
GDAM,2026-09-01,65,3599.84
GDAM,2026-09-01,66,3671.34
GDAM,2026-09-01,67,3700.3
GDAM,2026-09-01,68,3700.76
GDAM,2026-09-01,69,3999.78
GDAM,2026-09-01,70,4020.68
GDAM,2026-09-01,71,4200.01
GDAM,2026-09-01,72,4200.85
GDAM,2026-09-01,73,10000.0
GDAM,2026-09-01,74,10000.0
GDAM,2026-09-01,75,10000.0
GDAM,2026-09-01,76,10000.0
GDAM,2026-09-01,77,10000.0
GDAM,2026-09-01,78,10000.0
GDAM,2026-09-01,79,10000.0
GDAM,2026-09-01,80,10000.0
GDAM,2026-09-01,81,10000.0
GDAM,2026-09-01,82,10000.0
GDAM,2026-09-01,83,10000.0
GDAM,2026-09-01,84,10000.0
GDAM,2026-09-01,85,10000.0
GDAM,2026-09-01,86,10000.0
GDAM,2026-09-01,87,10000.0
GDAM,2026-09-01,88,10000.0
GDAM,2026-09-01,89,10000.0
GDAM,2026-09-01,90,10000.0
GDAM,2026-09-01,91,10000.0
GDAM,2026-09-01,92,10000.0
GDAM,2026-09-01,93,10000.0
GDAM,2026-09-01,94,10000.0
GDAM,2026-09-01,95,10000.0
GDAM,2026-09-01,96,10000.0
GDAM,2026-09-02,1,10000.0
GDAM,2026-09-02,2,10000.0
GDAM,2026-09-02,3,10000.0
GDAM,2026-09-02,4,10000.0
GDAM,2026-09-02,5,10000.0
GDAM,2026-09-02,6,10000.0
GDAM,2026-09-02,7,10000.0
GDAM,2026-09-02,8,10000.0
GDAM,2026-09-02,9,6500.89
GDAM,2026-09-02,10,6500.88
GDAM,2026-09-02,11,6500.9
GDAM,2026-09-02,12,6500.87
GDAM,2026-09-02,13,6500.66
GDAM,2026-09-02,14,6500.76
GDAM,2026-09-02,15,6500.41
GDAM,2026-09-02,16,6500.55
GDAM,2026-09-02,17,6500.41
GDAM,2026-09-02,18,6500.51
GDAM,2026-09-02,19,6500.88
GDAM,2026-09-02,20,10000.0
GDAM,2026-09-02,21,10000.0
GDAM,2026-09-02,22,10000.0
GDAM,2026-09-02,23,10000.0
GDAM,2026-09-02,24,10000.0
GDAM,2026-09-02,25,10000.0
GDAM,2026-09-02,26,10000.0
GDAM,2026-09-02,27,10000.0
GDAM,2026-09-02,28,10000.0
GDAM,2026-09-02,29,10000.0
GDAM,2026-09-02,30,10000.0
GDAM,2026-09-02,31,8363.27
GDAM,2026-09-02,32,5909.19
GDAM,2026-09-02,33,4028.12
GDAM,2026-09-02,34,4000.48
GDAM,2026-09-02,35,3839.43
GDAM,2026-09-02,36,3339.63
GDAM,2026-09-02,37,3112.65
GDAM,2026-09-02,38,2900.7
GDAM,2026-09-02,39,2500.3
GDAM,2026-09-02,40,2300.47
GDAM,2026-09-02,41,2109.04
GDAM,2026-09-02,42,2000.0
GDAM,2026-09-02,43,2148.09
GDAM,2026-09-02,44,2148.25
GDAM,2026-09-02,45,2148.36
GDAM,2026-09-02,46,2048.68
GDAM,2026-09-02,47,2000.69
GDAM,2026-09-02,48,2000.59
GDAM,2026-09-02,49,1900.81
GDAM,2026-09-02,50,1749.61
GDAM,2026-09-02,51,1739.77
GDAM,2026-09-02,52,1539.32
GDAM,2026-09-02,53,1400.64
GDAM,2026-09-02,54,1400.57
GDAM,2026-09-02,55,1739.51
GDAM,2026-09-02,56,1772.47
GDAM,2026-09-02,57,1749.31
GDAM,2026-09-02,58,1813.2
GDAM,2026-09-02,59,2149.07
GDAM,2026-09-02,60,2100.65
GDAM,2026-09-02,61,2249.67
GDAM,2026-09-02,62,2330.79
GDAM,2026-09-02,63,2550.35
GDAM,2026-09-02,64,2999.17
GDAM,2026-09-02,65,3250.82
GDAM,2026-09-02,66,3399.79
GDAM,2026-09-02,67,3500.28
GDAM,2026-09-02,68,3545.07
GDAM,2026-09-02,69,3999.13
GDAM,2026-09-02,70,4020.38
GDAM,2026-09-02,71,4199.86
GDAM,2026-09-02,72,4500.16
GDAM,2026-09-02,73,10000.0
GDAM,2026-09-02,74,10000.0
GDAM,2026-09-02,75,10000.0
GDAM,2026-09-02,76,10000.0
GDAM,2026-09-02,77,10000.0
GDAM,2026-09-02,78,10000.0
GDAM,2026-09-02,79,10000.0
GDAM,2026-09-02,80,10000.0
GDAM,2026-09-02,81,10000.0
GDAM,2026-09-02,82,10000.0
GDAM,2026-09-02,83,10000.0
GDAM,2026-09-02,84,10000.0
GDAM,2026-09-02,85,10000.0
GDAM,2026-09-02,86,10000.0
GDAM,2026-09-02,87,10000.0
GDAM,2026-09-02,88,10000.0
GDAM,2026-09-02,89,10000.0
GDAM,2026-09-02,90,10000.0
GDAM,2026-09-02,91,10000.0
GDAM,2026-09-02,92,10000.0
GDAM,2026-09-02,93,10000.0
GDAM,2026-09-02,94,10000.0
GDAM,2026-09-02,95,10000.0
GDAM,2026-09-02,96,10000.0
GDAM,2026-09-03,1,10000.0
GDAM,2026-09-03,2,10000.0
GDAM,2026-09-03,3,10000.0
GDAM,2026-09-03,4,10000.0
GDAM,2026-09-03,5,10000.0
GDAM,2026-09-03,6,10000.0
GDAM,2026-09-03,7,10000.0
GDAM,2026-09-03,8,10000.0
GDAM,2026-09-03,9,10000.0
GDAM,2026-09-03,10,10000.0
GDAM,2026-09-03,11,10000.0
GDAM,2026-09-03,12,10000.0
GDAM,2026-09-03,13,10000.0
GDAM,2026-09-03,14,10000.0
GDAM,2026-09-03,15,10000.0
GDAM,2026-09-03,16,10000.0
GDAM,2026-09-03,17,10000.0
GDAM,2026-09-03,18,10000.0
GDAM,2026-09-03,19,10000.0
GDAM,2026-09-03,20,10000.0
GDAM,2026-09-03,21,10000.0
GDAM,2026-09-03,22,10000.0
GDAM,2026-09-03,23,10000.0
GDAM,2026-09-03,24,10000.0
GDAM,2026-09-03,25,10000.0
GDAM,2026-09-03,26,10000.0
GDAM,2026-09-03,27,10000.0
GDAM,2026-09-03,28,10000.0
GDAM,2026-09-03,29,10000.0
GDAM,2026-09-03,30,10000.0
GDAM,2026-09-03,31,10000.0
GDAM,2026-09-03,32,9998.64
GDAM,2026-09-03,33,6200.46
GDAM,2026-09-03,34,5541.59
GDAM,2026-09-03,35,5000.65
GDAM,2026-09-03,36,4149.83
GDAM,2026-09-03,37,3869.42
GDAM,2026-09-03,38,3590.31
GDAM,2026-09-03,39,3349.3
GDAM,2026-09-03,40,3050.55
GDAM,2026-09-03,41,2400.11
GDAM,2026-09-03,42,2400.14
GDAM,2026-09-03,43,2499.82
GDAM,2026-09-03,44,2499.94
GDAM,2026-09-03,45,2400.71
GDAM,2026-09-03,46,2400.65
GDAM,2026-09-03,47,2400.21
GDAM,2026-09-03,48,2400.09
GDAM,2026-09-03,49,2100.76
GDAM,2026-09-03,50,2100.15
GDAM,2026-09-03,51,2000.34
GDAM,2026-09-03,52,2000.49
GDAM,2026-09-03,53,2000.34
GDAM,2026-09-03,54,2000.33
GDAM,2026-09-03,55,2000.36
GDAM,2026-09-03,56,2000.67
GDAM,2026-09-03,57,2100.17
GDAM,2026-09-03,58,2280.23
GDAM,2026-09-03,59,2230.54
GDAM,2026-09-03,60,2180.78
GDAM,2026-09-03,61,2599.71
GDAM,2026-09-03,62,2557.97
GDAM,2026-09-03,63,2894.91
GDAM,2026-09-03,64,3411.34
GDAM,2026-09-03,65,3700.42
GDAM,2026-09-03,66,3700.83
GDAM,2026-09-03,67,3701.0
GDAM,2026-09-03,68,4000.26
GDAM,2026-09-03,69,5600.82
GDAM,2026-09-03,70,6000.45
GDAM,2026-09-03,71,9998.42
GDAM,2026-09-03,72,9998.81
GDAM,2026-09-03,73,10000.0
GDAM,2026-09-03,74,10000.0
GDAM,2026-09-03,75,10000.0
GDAM,2026-09-03,76,10000.0
GDAM,2026-09-03,77,10000.0
GDAM,2026-09-03,78,10000.0
GDAM,2026-09-03,79,10000.0
GDAM,2026-09-03,80,10000.0
GDAM,2026-09-03,81,10000.0
GDAM,2026-09-03,82,10000.0
GDAM,2026-09-03,83,10000.0
GDAM,2026-09-03,84,10000.0
GDAM,2026-09-03,85,10000.0
GDAM,2026-09-03,86,10000.0
GDAM,2026-09-03,87,10000.0
GDAM,2026-09-03,88,10000.0
GDAM,2026-09-03,89,10000.0
GDAM,2026-09-03,90,10000.0
GDAM,2026-09-03,91,10000.0
GDAM,2026-09-03,92,10000.0
GDAM,2026-09-03,93,10000.0
GDAM,2026-09-03,94,10000.0
GDAM,2026-09-03,95,10000.0
GDAM,2026-09-03,96,10000.0
GDAM,2026-09-04,1,10000.0
GDAM,2026-09-04,2,10000.0
GDAM,2026-09-04,3,10000.0
GDAM,2026-09-04,4,10000.0
GDAM,2026-09-04,5,10000.0
GDAM,2026-09-04,6,10000.0
GDAM,2026-09-04,7,10000.0
GDAM,2026-09-04,8,10000.0
GDAM,2026-09-04,9,10000.0
GDAM,2026-09-04,10,10000.0
GDAM,2026-09-04,11,10000.0
GDAM,2026-09-04,12,10000.0
GDAM,2026-09-04,13,10000.0
GDAM,2026-09-04,14,10000.0
GDAM,2026-09-04,15,10000.0
GDAM,2026-09-04,16,10000.0
GDAM,2026-09-04,17,10000.0
GDAM,2026-09-04,18,10000.0
GDAM,2026-09-04,19,10000.0
GDAM,2026-09-04,20,10000.0
GDAM,2026-09-04,21,10000.0
GDAM,2026-09-04,22,10000.0
GDAM,2026-09-04,23,10000.0
GDAM,2026-09-04,24,10000.0
GDAM,2026-09-04,25,10000.0
GDAM,2026-09-04,26,10000.0
GDAM,2026-09-04,27,10000.0
GDAM,2026-09-04,28,10000.0
GDAM,2026-09-04,29,10000.0
GDAM,2026-09-04,30,10000.0
GDAM,2026-09-04,31,10000.0
GDAM,2026-09-04,32,9998.8
GDAM,2026-09-04,33,8600.29
GDAM,2026-09-04,34,7999.18
GDAM,2026-09-04,35,6901.08
GDAM,2026-09-04,36,4912.01
GDAM,2026-09-04,37,4117.13
GDAM,2026-09-04,38,3711.25
GDAM,2026-09-04,39,3348.24
GDAM,2026-09-04,40,3066.45
GDAM,2026-09-04,41,2513.44
GDAM,2026-09-04,42,2399.74
GDAM,2026-09-04,43,2499.51
GDAM,2026-09-04,44,2499.96
GDAM,2026-09-04,45,2439.39
GDAM,2026-09-04,46,2400.98
GDAM,2026-09-04,47,2400.57
GDAM,2026-09-04,48,2400.25
GDAM,2026-09-04,49,2239.7
GDAM,2026-09-04,50,2200.62
GDAM,2026-09-04,51,2040.73
GDAM,2026-09-04,52,1999.93
GDAM,2026-09-04,53,1999.92
GDAM,2026-09-04,54,1999.89
GDAM,2026-09-04,55,2040.61
GDAM,2026-09-04,56,2040.63
GDAM,2026-09-04,57,2180.45
GDAM,2026-09-04,58,2280.46
GDAM,2026-09-04,59,2544.13
GDAM,2026-09-04,60,2600.11
GDAM,2026-09-04,61,3256.1
GDAM,2026-09-04,62,3466.56
GDAM,2026-09-04,63,3499.05
GDAM,2026-09-04,64,3600.01
GDAM,2026-09-04,65,3651.85
GDAM,2026-09-04,66,4299.2
GDAM,2026-09-04,67,5300.15
GDAM,2026-09-04,68,5300.28
GDAM,2026-09-04,69,6000.76
GDAM,2026-09-04,70,6500.48
GDAM,2026-09-04,71,8339.74
GDAM,2026-09-04,72,9998.53
GDAM,2026-09-04,73,10000.0
GDAM,2026-09-04,74,10000.0
GDAM,2026-09-04,75,10000.0
GDAM,2026-09-04,76,10000.0
GDAM,2026-09-04,77,10000.0
GDAM,2026-09-04,78,10000.0
GDAM,2026-09-04,79,10000.0
GDAM,2026-09-04,80,10000.0
GDAM,2026-09-04,81,10000.0
GDAM,2026-09-04,82,10000.0
GDAM,2026-09-04,83,10000.0
GDAM,2026-09-04,84,10000.0
GDAM,2026-09-04,85,10000.0
GDAM,2026-09-04,86,10000.0
GDAM,2026-09-04,87,10000.0
GDAM,2026-09-04,88,10000.0
GDAM,2026-09-04,89,10000.0
GDAM,2026-09-04,90,10000.0
GDAM,2026-09-04,91,10000.0
GDAM,2026-09-04,92,10000.0
GDAM,2026-09-04,93,10000.0
GDAM,2026-09-04,94,10000.0
GDAM,2026-09-04,95,10000.0
GDAM,2026-09-04,96,10000.0
GDAM,2026-09-05,1,10000.0
GDAM,2026-09-05,2,10000.0
GDAM,2026-09-05,3,10000.0
GDAM,2026-09-05,4,10000.0
GDAM,2026-09-05,5,10000.0
GDAM,2026-09-05,6,10000.0
GDAM,2026-09-05,7,10000.0
GDAM,2026-09-05,8,10000.0
GDAM,2026-09-05,9,10000.0
GDAM,2026-09-05,10,10000.0
GDAM,2026-09-05,11,10000.0
GDAM,2026-09-05,12,10000.0
GDAM,2026-09-05,13,10000.0
GDAM,2026-09-05,14,10000.0
GDAM,2026-09-05,15,10000.0
GDAM,2026-09-05,16,10000.0
GDAM,2026-09-05,17,10000.0
GDAM,2026-09-05,18,10000.0
GDAM,2026-09-05,19,10000.0
GDAM,2026-09-05,20,10000.0
GDAM,2026-09-05,21,10000.0
GDAM,2026-09-05,22,10000.0
GDAM,2026-09-05,23,10000.0
GDAM,2026-09-05,24,10000.0
GDAM,2026-09-05,25,10000.0
GDAM,2026-09-05,26,10000.0
GDAM,2026-09-05,27,10000.0
GDAM,2026-09-05,28,10000.0
GDAM,2026-09-05,29,10000.0
GDAM,2026-09-05,30,10000.0
GDAM,2026-09-05,31,10000.0
GDAM,2026-09-05,32,10000.0
GDAM,2026-09-05,33,9998.5
GDAM,2026-09-05,34,9339.38
GDAM,2026-09-05,35,4300.99
GDAM,2026-09-05,36,3810.61
GDAM,2026-09-05,37,3499.51
GDAM,2026-09-05,38,3200.62
GDAM,2026-09-05,39,2710.74
GDAM,2026-09-05,40,2710.7
GDAM,2026-09-05,41,2520.22
GDAM,2026-09-05,42,2499.54
GDAM,2026-09-05,43,2499.58
GDAM,2026-09-05,44,2499.45
GDAM,2026-09-05,45,2499.1
GDAM,2026-09-05,46,2499.03
GDAM,2026-09-05,47,2400.91
GDAM,2026-09-05,48,2400.78
GDAM,2026-09-05,49,2500.94
GDAM,2026-09-05,50,2512.09
GDAM,2026-09-05,51,2512.42
GDAM,2026-09-05,52,2512.73
GDAM,2026-09-05,53,2512.3
GDAM,2026-09-05,54,2518.74
GDAM,2026-09-05,55,2650.99
GDAM,2026-09-05,56,2750.14
GDAM,2026-09-05,57,2100.38
GDAM,2026-09-05,58,2900.57
GDAM,2026-09-05,59,2101.15
GDAM,2026-09-05,60,2420.81
GDAM,2026-09-05,61,2710.12
GDAM,2026-09-05,62,2860.0
GDAM,2026-09-05,63,3000.28
GDAM,2026-09-05,64,3000.92
GDAM,2026-09-05,65,3466.53
GDAM,2026-09-05,66,3673.49
GDAM,2026-09-05,67,3719.14
GDAM,2026-09-05,68,3866.27
GDAM,2026-09-05,69,6500.05
GDAM,2026-09-05,70,9998.33
GDAM,2026-09-05,71,10000.0
GDAM,2026-09-05,72,10000.0
GDAM,2026-09-05,73,10000.0
GDAM,2026-09-05,74,10000.0
GDAM,2026-09-05,75,10000.0
GDAM,2026-09-05,76,10000.0
GDAM,2026-09-05,77,10000.0
GDAM,2026-09-05,78,10000.0
GDAM,2026-09-05,79,10000.0
GDAM,2026-09-05,80,10000.0
GDAM,2026-09-05,81,10000.0
GDAM,2026-09-05,82,10000.0
GDAM,2026-09-05,83,10000.0
GDAM,2026-09-05,84,10000.0
GDAM,2026-09-05,85,10000.0
GDAM,2026-09-05,86,10000.0
GDAM,2026-09-05,87,10000.0
GDAM,2026-09-05,88,10000.0
GDAM,2026-09-05,89,10000.0
GDAM,2026-09-05,90,10000.0
GDAM,2026-09-05,91,10000.0
GDAM,2026-09-05,92,10000.0
GDAM,2026-09-05,93,10000.0
GDAM,2026-09-05,94,10000.0
GDAM,2026-09-05,95,10000.0
GDAM,2026-09-05,96,10000.0
GDAM,2026-09-06,1,10000.0
GDAM,2026-09-06,2,10000.0
GDAM,2026-09-06,3,10000.0
GDAM,2026-09-06,4,10000.0
GDAM,2026-09-06,5,10000.0
GDAM,2026-09-06,6,10000.0
GDAM,2026-09-06,7,10000.0
GDAM,2026-09-06,8,10000.0
GDAM,2026-09-06,9,10000.0
GDAM,2026-09-06,10,10000.0
GDAM,2026-09-06,11,10000.0
GDAM,2026-09-06,12,10000.0
GDAM,2026-09-06,13,10000.0
GDAM,2026-09-06,14,10000.0
GDAM,2026-09-06,15,10000.0
GDAM,2026-09-06,16,10000.0
GDAM,2026-09-06,17,10000.0
GDAM,2026-09-06,18,10000.0
GDAM,2026-09-06,19,10000.0
GDAM,2026-09-06,20,10000.0
GDAM,2026-09-06,21,10000.0
GDAM,2026-09-06,22,10000.0
GDAM,2026-09-06,23,10000.0
GDAM,2026-09-06,24,10000.0
GDAM,2026-09-06,25,10000.0
GDAM,2026-09-06,26,10000.0
GDAM,2026-09-06,27,10000.0
GDAM,2026-09-06,28,10000.0
GDAM,2026-09-06,29,10000.0
GDAM,2026-09-06,30,10000.0
GDAM,2026-09-06,31,10000.0
GDAM,2026-09-06,32,10000.0
GDAM,2026-09-06,33,4500.95
GDAM,2026-09-06,34,4500.52
GDAM,2026-09-06,35,4500.56
GDAM,2026-09-06,36,4000.31
GDAM,2026-09-06,37,3870.37
GDAM,2026-09-06,38,3512.81
GDAM,2026-09-06,39,3200.97
GDAM,2026-09-06,40,3200.76
GDAM,2026-09-06,41,2570.41
GDAM,2026-09-06,42,2570.37
GDAM,2026-09-06,43,2570.1
GDAM,2026-09-06,44,2570.4
GDAM,2026-09-06,45,2570.39
GDAM,2026-09-06,46,2570.45
GDAM,2026-09-06,47,2470.66
GDAM,2026-09-06,48,2470.61
GDAM,2026-09-06,49,2440.28
GDAM,2026-09-06,50,2539.92
GDAM,2026-09-06,51,2500.97
GDAM,2026-09-06,52,2440.57
GDAM,2026-09-06,53,2512.58
GDAM,2026-09-06,54,2512.89
GDAM,2026-09-06,55,2710.13
GDAM,2026-09-06,56,2810.12
GDAM,2026-09-06,57,2180.86
GDAM,2026-09-06,58,2860.11
GDAM,2026-09-06,59,2600.0
GDAM,2026-09-06,60,2500.88
GDAM,2026-09-06,61,3200.12
GDAM,2026-09-06,62,3199.7
GDAM,2026-09-06,63,3206.93
GDAM,2026-09-06,64,3500.03
GDAM,2026-09-06,65,3630.78
GDAM,2026-09-06,66,4400.0
GDAM,2026-09-06,67,4400.78
GDAM,2026-09-06,68,4500.6
GDAM,2026-09-06,69,4400.63
GDAM,2026-09-06,70,4610.16
GDAM,2026-09-06,71,5500.29
GDAM,2026-09-06,72,6500.21
GDAM,2026-09-06,73,10000.0
GDAM,2026-09-06,74,10000.0
GDAM,2026-09-06,75,10000.0
GDAM,2026-09-06,76,10000.0
GDAM,2026-09-06,77,10000.0
GDAM,2026-09-06,78,10000.0
GDAM,2026-09-06,79,10000.0
GDAM,2026-09-06,80,10000.0
GDAM,2026-09-06,81,10000.0
GDAM,2026-09-06,82,10000.0
GDAM,2026-09-06,83,10000.0
GDAM,2026-09-06,84,10000.0
GDAM,2026-09-06,85,10000.0
GDAM,2026-09-06,86,10000.0
GDAM,2026-09-06,87,10000.0
GDAM,2026-09-06,88,10000.0
GDAM,2026-09-06,89,10000.0
GDAM,2026-09-06,90,10000.0
GDAM,2026-09-06,91,10000.0
GDAM,2026-09-06,92,10000.0
GDAM,2026-09-06,93,10000.0
GDAM,2026-09-06,94,10000.0
GDAM,2026-09-06,95,10000.0
GDAM,2026-09-06,96,10000.0
GDAM,2026-09-07,1,10000.0
GDAM,2026-09-07,2,10000.0
GDAM,2026-09-07,3,10000.0
GDAM,2026-09-07,4,10000.0
GDAM,2026-09-07,5,10000.0
GDAM,2026-09-07,6,10000.0
GDAM,2026-09-07,7,10000.0
GDAM,2026-09-07,8,10000.0
GDAM,2026-09-07,9,10000.0
GDAM,2026-09-07,10,10000.0
GDAM,2026-09-07,11,10000.0
GDAM,2026-09-07,12,10000.0
GDAM,2026-09-07,13,10000.0
GDAM,2026-09-07,14,10000.0
GDAM,2026-09-07,15,10000.0
GDAM,2026-09-07,16,10000.0
GDAM,2026-09-07,17,10000.0
GDAM,2026-09-07,18,10000.0
GDAM,2026-09-07,19,10000.0
GDAM,2026-09-07,20,10000.0
GDAM,2026-09-07,21,10000.0
GDAM,2026-09-07,22,10000.0
GDAM,2026-09-07,23,10000.0
GDAM,2026-09-07,24,10000.0
GDAM,2026-09-07,25,10000.0
GDAM,2026-09-07,26,10000.0
GDAM,2026-09-07,27,10000.0
GDAM,2026-09-07,28,10000.0
GDAM,2026-09-07,29,10000.0
GDAM,2026-09-07,30,10000.0
GDAM,2026-09-07,31,10000.0
GDAM,2026-09-07,32,10000.0
GDAM,2026-09-07,33,9998.62
GDAM,2026-09-07,34,6071.65
GDAM,2026-09-07,35,5820.04
GDAM,2026-09-07,36,4500.93
GDAM,2026-09-07,37,3869.9
GDAM,2026-09-07,38,3544.69
GDAM,2026-09-07,39,3200.89
GDAM,2026-09-07,40,3200.59
GDAM,2026-09-07,41,2638.75
GDAM,2026-09-07,42,2570.59
GDAM,2026-09-07,43,2570.87
GDAM,2026-09-07,44,2570.97
GDAM,2026-09-07,45,2570.95
GDAM,2026-09-07,46,2570.98
GDAM,2026-09-07,47,2500.33
GDAM,2026-09-07,48,2470.94
GDAM,2026-09-07,49,2570.33
GDAM,2026-09-07,50,2570.47
GDAM,2026-09-07,51,2570.41
GDAM,2026-09-07,52,2570.31
GDAM,2026-09-07,53,2570.27
GDAM,2026-09-07,54,2570.31
GDAM,2026-09-07,55,2710.36
GDAM,2026-09-07,56,2810.38
GDAM,2026-09-07,57,2900.85
GDAM,2026-09-07,58,2859.12
GDAM,2026-09-07,59,2599.95
GDAM,2026-09-07,60,2659.88
GDAM,2026-09-07,61,3199.71
GDAM,2026-09-07,62,3199.76
GDAM,2026-09-07,63,3384.42
GDAM,2026-09-07,64,3499.37
GDAM,2026-09-07,65,3746.59
GDAM,2026-09-07,66,5511.18
GDAM,2026-09-07,67,6100.96
GDAM,2026-09-07,68,6500.95
GDAM,2026-09-07,69,9998.48
GDAM,2026-09-07,70,9998.98
GDAM,2026-09-07,71,10000.0
GDAM,2026-09-07,72,10000.0
GDAM,2026-09-07,73,10000.0
GDAM,2026-09-07,74,10000.0
GDAM,2026-09-07,75,10000.0
GDAM,2026-09-07,76,10000.0
GDAM,2026-09-07,77,10000.0
GDAM,2026-09-07,78,10000.0
GDAM,2026-09-07,79,10000.0
GDAM,2026-09-07,80,10000.0
GDAM,2026-09-07,81,10000.0
GDAM,2026-09-07,82,10000.0
GDAM,2026-09-07,83,10000.0
GDAM,2026-09-07,84,10000.0
GDAM,2026-09-07,85,10000.0
GDAM,2026-09-07,86,10000.0
GDAM,2026-09-07,87,10000.0
GDAM,2026-09-07,88,10000.0
GDAM,2026-09-07,89,10000.0
GDAM,2026-09-07,90,10000.0
GDAM,2026-09-07,91,10000.0
GDAM,2026-09-07,92,10000.0
GDAM,2026-09-07,93,10000.0
GDAM,2026-09-07,94,10000.0
GDAM,2026-09-07,95,10000.0
GDAM,2026-09-07,96,10000.0
GDAM,2026-09-08,1,10000.0
GDAM,2026-09-08,2,10000.0
GDAM,2026-09-08,3,10000.0
GDAM,2026-09-08,4,10000.0
GDAM,2026-09-08,5,10000.0
GDAM,2026-09-08,6,10000.0
GDAM,2026-09-08,7,10000.0
GDAM,2026-09-08,8,10000.0
GDAM,2026-09-08,9,10000.0
GDAM,2026-09-08,10,10000.0
GDAM,2026-09-08,11,10000.0
GDAM,2026-09-08,12,10000.0
GDAM,2026-09-08,13,10000.0
GDAM,2026-09-08,14,10000.0
GDAM,2026-09-08,15,10000.0
GDAM,2026-09-08,16,10000.0
GDAM,2026-09-08,17,10000.0
GDAM,2026-09-08,18,10000.0
GDAM,2026-09-08,19,10000.0
GDAM,2026-09-08,20,10000.0
GDAM,2026-09-08,21,10000.0
GDAM,2026-09-08,22,10000.0
GDAM,2026-09-08,23,10000.0
GDAM,2026-09-08,24,10000.0
GDAM,2026-09-08,25,10000.0
GDAM,2026-09-08,26,10000.0
GDAM,2026-09-08,27,10000.0
GDAM,2026-09-08,28,10000.0
GDAM,2026-09-08,29,10000.0
GDAM,2026-09-08,30,10000.0
GDAM,2026-09-08,31,10000.0
GDAM,2026-09-08,32,10000.0
GDAM,2026-09-08,33,9998.54
GDAM,2026-09-08,34,9998.09
GDAM,2026-09-08,35,6407.37
GDAM,2026-09-08,36,4999.58
GDAM,2026-09-08,37,5200.85
GDAM,2026-09-08,38,4870.49
GDAM,2026-09-08,39,3978.25
GDAM,2026-09-08,40,3569.41
GDAM,2026-09-08,41,3500.77
GDAM,2026-09-08,42,3500.92
GDAM,2026-09-08,43,3483.42
GDAM,2026-09-08,44,3420.87
GDAM,2026-09-08,45,3200.81
GDAM,2026-09-08,46,3200.81
GDAM,2026-09-08,47,3200.77
GDAM,2026-09-08,48,3200.74
GDAM,2026-09-08,49,3039.18
GDAM,2026-09-08,50,2900.65
GDAM,2026-09-08,51,2900.67
GDAM,2026-09-08,52,2900.64
GDAM,2026-09-08,53,2700.86
GDAM,2026-09-08,54,2839.75
GDAM,2026-09-08,55,2900.66
GDAM,2026-09-08,56,2900.68
GDAM,2026-09-08,57,3200.67
GDAM,2026-09-08,58,3200.85
GDAM,2026-09-08,59,3445.29
GDAM,2026-09-08,60,3544.13
GDAM,2026-09-08,61,3856.06
GDAM,2026-09-08,62,4090.14
GDAM,2026-09-08,63,5499.1
GDAM,2026-09-08,64,5999.09
GDAM,2026-09-08,65,9998.09
GDAM,2026-09-08,66,9998.27
GDAM,2026-09-08,67,9998.19
GDAM,2026-09-08,68,9998.31
GDAM,2026-09-08,69,9998.76
GDAM,2026-09-08,70,10000.0
GDAM,2026-09-08,71,10000.0
GDAM,2026-09-08,72,10000.0
GDAM,2026-09-08,73,10000.0
GDAM,2026-09-08,74,10000.0
GDAM,2026-09-08,75,10000.0
GDAM,2026-09-08,76,10000.0
GDAM,2026-09-08,77,10000.0
GDAM,2026-09-08,78,10000.0
GDAM,2026-09-08,79,10000.0
GDAM,2026-09-08,80,10000.0
GDAM,2026-09-08,81,10000.0
GDAM,2026-09-08,82,10000.0
GDAM,2026-09-08,83,10000.0
GDAM,2026-09-08,84,10000.0
GDAM,2026-09-08,85,10000.0
GDAM,2026-09-08,86,10000.0
GDAM,2026-09-08,87,10000.0
GDAM,2026-09-08,88,10000.0
GDAM,2026-09-08,89,10000.0
GDAM,2026-09-08,90,10000.0
GDAM,2026-09-08,91,10000.0
GDAM,2026-09-08,92,10000.0
GDAM,2026-09-08,93,10000.0
GDAM,2026-09-08,94,10000.0
GDAM,2026-09-08,95,10000.0
GDAM,2026-09-08,96,10000.0
GDAM,2026-09-09,1,10000.0
GDAM,2026-09-09,2,10000.0
GDAM,2026-09-09,3,10000.0
GDAM,2026-09-09,4,10000.0
GDAM,2026-09-09,5,10000.0
GDAM,2026-09-09,6,10000.0
GDAM,2026-09-09,7,10000.0
GDAM,2026-09-09,8,10000.0
GDAM,2026-09-09,9,10000.0
GDAM,2026-09-09,10,10000.0
GDAM,2026-09-09,11,10000.0
GDAM,2026-09-09,12,10000.0
GDAM,2026-09-09,13,10000.0
GDAM,2026-09-09,14,10000.0
GDAM,2026-09-09,15,10000.0
GDAM,2026-09-09,16,10000.0
GDAM,2026-09-09,17,10000.0
GDAM,2026-09-09,18,10000.0
GDAM,2026-09-09,19,10000.0
GDAM,2026-09-09,20,10000.0
GDAM,2026-09-09,21,10000.0
GDAM,2026-09-09,22,10000.0
GDAM,2026-09-09,23,10000.0
GDAM,2026-09-09,24,10000.0
GDAM,2026-09-09,25,10000.0
GDAM,2026-09-09,26,10000.0
GDAM,2026-09-09,27,10000.0
GDAM,2026-09-09,28,10000.0
GDAM,2026-09-09,29,10000.0
GDAM,2026-09-09,30,10000.0
GDAM,2026-09-09,31,10000.0
GDAM,2026-09-09,32,10000.0
GDAM,2026-09-09,33,9998.23
GDAM,2026-09-09,34,9339.32
GDAM,2026-09-09,35,6407.16
GDAM,2026-09-09,36,3979.21
GDAM,2026-09-09,37,3979.06
GDAM,2026-09-09,38,3512.67
GDAM,2026-09-09,39,3500.01
GDAM,2026-09-09,40,3099.58
GDAM,2026-09-09,41,2900.42
GDAM,2026-09-09,42,2759.95
GDAM,2026-09-09,43,2759.91
GDAM,2026-09-09,44,2813.74
GDAM,2026-09-09,45,2850.69
GDAM,2026-09-09,46,2810.65
GDAM,2026-09-09,47,2710.62
GDAM,2026-09-09,48,2710.58
GDAM,2026-09-09,49,2470.7
GDAM,2026-09-09,50,2420.38
GDAM,2026-09-09,51,2244.78
GDAM,2026-09-09,52,2109.95
GDAM,2026-09-09,53,2100.51
GDAM,2026-09-09,54,2100.61
GDAM,2026-09-09,55,2129.91
GDAM,2026-09-09,56,2230.65
GDAM,2026-09-09,57,2600.77
GDAM,2026-09-09,58,2737.86
GDAM,2026-09-09,59,2739.49
GDAM,2026-09-09,60,3200.13
GDAM,2026-09-09,61,3509.25
GDAM,2026-09-09,62,3500.51
GDAM,2026-09-09,63,3700.25
GDAM,2026-09-09,64,3900.26
GDAM,2026-09-09,65,5500.07
GDAM,2026-09-09,66,9339.16
GDAM,2026-09-09,67,9998.12
GDAM,2026-09-09,68,9998.5
GDAM,2026-09-09,69,10000.0
GDAM,2026-09-09,70,10000.0
GDAM,2026-09-09,71,10000.0
GDAM,2026-09-09,72,10000.0
GDAM,2026-09-09,73,10000.0
GDAM,2026-09-09,74,10000.0
GDAM,2026-09-09,75,10000.0
GDAM,2026-09-09,76,10000.0
GDAM,2026-09-09,77,10000.0
GDAM,2026-09-09,78,10000.0
GDAM,2026-09-09,79,10000.0
GDAM,2026-09-09,80,10000.0
GDAM,2026-09-09,81,10000.0
GDAM,2026-09-09,82,10000.0
GDAM,2026-09-09,83,10000.0
GDAM,2026-09-09,84,10000.0
GDAM,2026-09-09,85,10000.0
GDAM,2026-09-09,86,10000.0
GDAM,2026-09-09,87,10000.0
GDAM,2026-09-09,88,10000.0
GDAM,2026-09-09,89,10000.0
GDAM,2026-09-09,90,10000.0
GDAM,2026-09-09,91,10000.0
GDAM,2026-09-09,92,10000.0
GDAM,2026-09-09,93,10000.0
GDAM,2026-09-09,94,10000.0
GDAM,2026-09-09,95,10000.0
GDAM,2026-09-09,96,10000.0
GDAM,2026-09-10,1,10000.0
GDAM,2026-09-10,2,10000.0
GDAM,2026-09-10,3,10000.0
GDAM,2026-09-10,4,10000.0
GDAM,2026-09-10,5,10000.0
GDAM,2026-09-10,6,10000.0
GDAM,2026-09-10,7,10000.0
GDAM,2026-09-10,8,10000.0
GDAM,2026-09-10,9,10000.0
GDAM,2026-09-10,10,10000.0
GDAM,2026-09-10,11,10000.0
GDAM,2026-09-10,12,10000.0
GDAM,2026-09-10,13,10000.0
GDAM,2026-09-10,14,10000.0
GDAM,2026-09-10,15,10000.0
GDAM,2026-09-10,16,10000.0
GDAM,2026-09-10,17,10000.0
GDAM,2026-09-10,18,10000.0
GDAM,2026-09-10,19,10000.0
GDAM,2026-09-10,20,10000.0
GDAM,2026-09-10,21,10000.0
GDAM,2026-09-10,22,10000.0
GDAM,2026-09-10,23,10000.0
GDAM,2026-09-10,24,10000.0
GDAM,2026-09-10,25,10000.0
GDAM,2026-09-10,26,10000.0
GDAM,2026-09-10,27,10000.0
GDAM,2026-09-10,28,10000.0
GDAM,2026-09-10,29,10000.0
GDAM,2026-09-10,30,10000.0
GDAM,2026-09-10,31,10000.0
GDAM,2026-09-10,32,10000.0
GDAM,2026-09-10,33,9998.0
GDAM,2026-09-10,34,8200.45
GDAM,2026-09-10,35,6000.8
GDAM,2026-09-10,36,4500.74
GDAM,2026-09-10,37,4500.98
GDAM,2026-09-10,38,3787.36
GDAM,2026-09-10,39,3499.08
GDAM,2026-09-10,40,3298.75
GDAM,2026-09-10,41,2899.54
GDAM,2026-09-10,42,2759.15
GDAM,2026-09-10,43,2759.21
GDAM,2026-09-10,44,3000.35
GDAM,2026-09-10,45,2850.28
GDAM,2026-09-10,46,2810.24
GDAM,2026-09-10,47,2570.43
GDAM,2026-09-10,48,2570.41
GDAM,2026-09-10,49,2539.14
GDAM,2026-09-10,50,2500.32
GDAM,2026-09-10,51,2500.17
GDAM,2026-09-10,52,2439.6
GDAM,2026-09-10,53,2400.6
GDAM,2026-09-10,54,2400.69
GDAM,2026-09-10,55,2439.77
GDAM,2026-09-10,56,2500.34
GDAM,2026-09-10,57,2660.41
GDAM,2026-09-10,58,2849.63
GDAM,2026-09-10,59,2987.7
GDAM,2026-09-10,60,3199.54
GDAM,2026-09-10,61,3710.75
GDAM,2026-09-10,62,4000.69
GDAM,2026-09-10,63,4169.61
GDAM,2026-09-10,64,4000.97
GDAM,2026-09-10,65,9998.25
GDAM,2026-09-10,66,9998.8
GDAM,2026-09-10,67,10000.0
GDAM,2026-09-10,68,10000.0
GDAM,2026-09-10,69,10000.0
GDAM,2026-09-10,70,10000.0
GDAM,2026-09-10,71,10000.0
GDAM,2026-09-10,72,10000.0
GDAM,2026-09-10,73,10000.0
GDAM,2026-09-10,74,10000.0
GDAM,2026-09-10,75,10000.0
GDAM,2026-09-10,76,10000.0
GDAM,2026-09-10,77,10000.0
GDAM,2026-09-10,78,10000.0
GDAM,2026-09-10,79,10000.0
GDAM,2026-09-10,80,10000.0
GDAM,2026-09-10,81,10000.0
GDAM,2026-09-10,82,10000.0
GDAM,2026-09-10,83,10000.0
GDAM,2026-09-10,84,10000.0
GDAM,2026-09-10,85,10000.0
GDAM,2026-09-10,86,10000.0
GDAM,2026-09-10,87,10000.0
GDAM,2026-09-10,88,10000.0
GDAM,2026-09-10,89,10000.0
GDAM,2026-09-10,90,10000.0
GDAM,2026-09-10,91,10000.0
GDAM,2026-09-10,92,10000.0
GDAM,2026-09-10,93,10000.0
GDAM,2026-09-10,94,10000.0
GDAM,2026-09-10,95,10000.0
GDAM,2026-09-10,96,10000.0
GDAM,2026-09-11,1,10000.0
GDAM,2026-09-11,2,10000.0
GDAM,2026-09-11,3,10000.0
GDAM,2026-09-11,4,10000.0
GDAM,2026-09-11,5,10000.0
GDAM,2026-09-11,6,10000.0
GDAM,2026-09-11,7,10000.0
GDAM,2026-09-11,8,10000.0
GDAM,2026-09-11,9,10000.0
GDAM,2026-09-11,10,10000.0
GDAM,2026-09-11,11,10000.0
GDAM,2026-09-11,12,10000.0
GDAM,2026-09-11,13,10000.0
GDAM,2026-09-11,14,10000.0
GDAM,2026-09-11,15,10000.0
GDAM,2026-09-11,16,10000.0
GDAM,2026-09-11,17,10000.0
GDAM,2026-09-11,18,10000.0
GDAM,2026-09-11,19,10000.0
GDAM,2026-09-11,20,10000.0
GDAM,2026-09-11,21,10000.0
GDAM,2026-09-11,22,10000.0
GDAM,2026-09-11,23,10000.0
GDAM,2026-09-11,24,10000.0
GDAM,2026-09-11,25,10000.0
GDAM,2026-09-11,26,10000.0
GDAM,2026-09-11,27,10000.0
GDAM,2026-09-11,28,10000.0
GDAM,2026-09-11,29,10000.0
GDAM,2026-09-11,30,10000.0
GDAM,2026-09-11,31,10000.0
GDAM,2026-09-11,32,10000.0
GDAM,2026-09-11,33,10000.0
GDAM,2026-09-11,34,10000.0
GDAM,2026-09-11,35,4500.99
GDAM,2026-09-11,36,4870.16
GDAM,2026-09-11,37,5799.82
GDAM,2026-09-11,38,4091.95
GDAM,2026-09-11,39,3742.48
GDAM,2026-09-11,40,3500.52
GDAM,2026-09-11,41,3500.7
GDAM,2026-09-11,42,3500.74
GDAM,2026-09-11,43,3500.77
GDAM,2026-09-11,44,3500.83
GDAM,2026-09-11,45,3500.5
GDAM,2026-09-11,46,3500.49
GDAM,2026-09-11,47,3500.32
GDAM,2026-09-11,48,3500.62
GDAM,2026-09-11,49,3500.52
GDAM,2026-09-11,50,3200.81
GDAM,2026-09-11,51,3200.67
GDAM,2026-09-11,52,3200.72
GDAM,2026-09-11,53,3200.76
GDAM,2026-09-11,54,3200.78
GDAM,2026-09-11,55,3200.82
GDAM,2026-09-11,56,3234.82
GDAM,2026-09-11,57,3583.39
GDAM,2026-09-11,58,3634.11
GDAM,2026-09-11,59,3651.31
GDAM,2026-09-11,60,3710.92
GDAM,2026-09-11,61,4200.06
GDAM,2026-09-11,62,5498.39
GDAM,2026-09-11,63,7000.88
GDAM,2026-09-11,64,9998.18
GDAM,2026-09-11,65,10000.0
GDAM,2026-09-11,66,10000.0
GDAM,2026-09-11,67,10000.0
GDAM,2026-09-11,68,10000.0
GDAM,2026-09-11,69,10000.0
GDAM,2026-09-11,70,10000.0
GDAM,2026-09-11,71,10000.0
GDAM,2026-09-11,72,10000.0
GDAM,2026-09-11,73,10000.0
GDAM,2026-09-11,74,10000.0
GDAM,2026-09-11,75,10000.0
GDAM,2026-09-11,76,10000.0
GDAM,2026-09-11,77,10000.0
GDAM,2026-09-11,78,10000.0
GDAM,2026-09-11,79,10000.0
GDAM,2026-09-11,80,10000.0
GDAM,2026-09-11,81,10000.0
GDAM,2026-09-11,82,10000.0
GDAM,2026-09-11,83,10000.0
GDAM,2026-09-11,84,10000.0
GDAM,2026-09-11,85,10000.0
GDAM,2026-09-11,86,10000.0
GDAM,2026-09-11,87,10000.0
GDAM,2026-09-11,88,10000.0
GDAM,2026-09-11,89,10000.0
GDAM,2026-09-11,90,10000.0
GDAM,2026-09-11,91,10000.0
GDAM,2026-09-11,92,10000.0
GDAM,2026-09-11,93,10000.0
GDAM,2026-09-11,94,10000.0
GDAM,2026-09-11,95,10000.0
GDAM,2026-09-11,96,10000.0
GDAM,2026-09-12,1,10000.0
GDAM,2026-09-12,2,10000.0
GDAM,2026-09-12,3,10000.0
GDAM,2026-09-12,4,10000.0
GDAM,2026-09-12,5,10000.0
GDAM,2026-09-12,6,10000.0
GDAM,2026-09-12,7,10000.0
GDAM,2026-09-12,8,10000.0
GDAM,2026-09-12,9,10000.0
GDAM,2026-09-12,10,10000.0
GDAM,2026-09-12,11,10000.0
GDAM,2026-09-12,12,10000.0
GDAM,2026-09-12,13,10000.0
GDAM,2026-09-12,14,10000.0
GDAM,2026-09-12,15,10000.0
GDAM,2026-09-12,16,10000.0
GDAM,2026-09-12,17,10000.0
GDAM,2026-09-12,18,10000.0
GDAM,2026-09-12,19,10000.0
GDAM,2026-09-12,20,10000.0
GDAM,2026-09-12,21,10000.0
GDAM,2026-09-12,22,10000.0
GDAM,2026-09-12,23,10000.0
GDAM,2026-09-12,24,10000.0
GDAM,2026-09-12,25,10000.0
GDAM,2026-09-12,26,10000.0
GDAM,2026-09-12,27,10000.0
GDAM,2026-09-12,28,10000.0
GDAM,2026-09-12,29,10000.0
GDAM,2026-09-12,30,10000.0
GDAM,2026-09-12,31,10000.0
GDAM,2026-09-12,32,10000.0
GDAM,2026-09-12,33,9998.06
GDAM,2026-09-12,34,8200.99
GDAM,2026-09-12,35,9998.0
GDAM,2026-09-12,36,5000.64
GDAM,2026-09-12,37,4280.82
GDAM,2026-09-12,38,4103.51
GDAM,2026-09-12,39,3742.88
GDAM,2026-09-12,40,3602.92
GDAM,2026-09-12,41,3647.52
GDAM,2026-09-12,42,3546.74
GDAM,2026-09-12,43,3800.04
GDAM,2026-09-12,44,3800.02
GDAM,2026-09-12,45,3800.11
GDAM,2026-09-12,46,3800.07
GDAM,2026-09-12,47,3800.05
GDAM,2026-09-12,48,3700.53
GDAM,2026-09-12,49,3699.56
GDAM,2026-09-12,50,3500.31
GDAM,2026-09-12,51,3500.25
GDAM,2026-09-12,52,3500.1
GDAM,2026-09-12,53,3500.05
GDAM,2026-09-12,54,3466.07
GDAM,2026-09-12,55,3500.1
GDAM,2026-09-12,56,3500.24
GDAM,2026-09-12,57,3610.56
GDAM,2026-09-12,58,3633.86
GDAM,2026-09-12,59,3823.76
GDAM,2026-09-12,60,3999.65
GDAM,2026-09-12,61,4749.95
GDAM,2026-09-12,62,5511.72
GDAM,2026-09-12,63,7200.99
GDAM,2026-09-12,64,9998.04
GDAM,2026-09-12,65,10000.0
GDAM,2026-09-12,66,10000.0
GDAM,2026-09-12,67,10000.0
GDAM,2026-09-12,68,10000.0
GDAM,2026-09-12,69,10000.0
GDAM,2026-09-12,70,10000.0
GDAM,2026-09-12,71,10000.0
GDAM,2026-09-12,72,10000.0
GDAM,2026-09-12,73,10000.0
GDAM,2026-09-12,74,10000.0
GDAM,2026-09-12,75,10000.0
GDAM,2026-09-12,76,10000.0
GDAM,2026-09-12,77,10000.0
GDAM,2026-09-12,78,10000.0
GDAM,2026-09-12,79,10000.0
GDAM,2026-09-12,80,10000.0
GDAM,2026-09-12,81,10000.0
GDAM,2026-09-12,82,10000.0
GDAM,2026-09-12,83,10000.0
GDAM,2026-09-12,84,10000.0
GDAM,2026-09-12,85,10000.0
GDAM,2026-09-12,86,10000.0
GDAM,2026-09-12,87,10000.0
GDAM,2026-09-12,88,10000.0
GDAM,2026-09-12,89,10000.0
GDAM,2026-09-12,90,10000.0
GDAM,2026-09-12,91,10000.0
GDAM,2026-09-12,92,10000.0
GDAM,2026-09-12,93,10000.0
GDAM,2026-09-12,94,10000.0
GDAM,2026-09-12,95,10000.0
GDAM,2026-09-12,96,10000.0
RTM,2026-07-14,1,10000.0
RTM,2026-07-14,2,10000.0
RTM,2026-07-14,3,10000.0
RTM,2026-07-14,4,10000.0
RTM,2026-07-14,5,10000.0
RTM,2026-07-14,6,10000.0
RTM,2026-07-14,7,10000.0
RTM,2026-07-14,8,10000.0
RTM,2026-07-14,9,4500.55
RTM,2026-07-14,10,4450.37
RTM,2026-07-14,11,4000.04
RTM,2026-07-14,12,4350.08
RTM,2026-07-14,13,3820.39
RTM,2026-07-14,14,4075.32
RTM,2026-07-14,15,6000.11
RTM,2026-07-14,16,5500.93
RTM,2026-07-14,17,4431.11
RTM,2026-07-14,18,4300.91
RTM,2026-07-14,19,5202.74
RTM,2026-07-14,20,6000.33
RTM,2026-07-14,21,5999.48
RTM,2026-07-14,22,6250.13
RTM,2026-07-14,23,10000.0
RTM,2026-07-14,24,10000.0
RTM,2026-07-14,25,10000.0
RTM,2026-07-14,26,10000.0
RTM,2026-07-14,27,10000.0
RTM,2026-07-14,28,10000.0
RTM,2026-07-14,29,5546.36
RTM,2026-07-14,30,4339.86
RTM,2026-07-14,31,3020.78
RTM,2026-07-14,32,2424.07
RTM,2026-07-14,33,2049.78
RTM,2026-07-14,34,2557.4
RTM,2026-07-14,35,3000.05
RTM,2026-07-14,36,2659.98
RTM,2026-07-14,37,2050.68
RTM,2026-07-14,38,2069.24
RTM,2026-07-14,39,2031.86
RTM,2026-07-14,40,1998.66
RTM,2026-07-14,41,1950.14
RTM,2026-07-14,42,1910.5
RTM,2026-07-14,43,1617.69
RTM,2026-07-14,44,1573.18
RTM,2026-07-14,45,2101.35
RTM,2026-07-14,46,2225.8
RTM,2026-07-14,47,2069.27
RTM,2026-07-14,48,2049.88
RTM,2026-07-14,49,2101.01
RTM,2026-07-14,50,2100.47
RTM,2026-07-14,51,1979.97
RTM,2026-07-14,52,1710.18
RTM,2026-07-14,53,1437.55
RTM,2026-07-14,54,1541.17
RTM,2026-07-14,55,1855.48
RTM,2026-07-14,56,2101.01
RTM,2026-07-14,57,2225.94
RTM,2026-07-14,58,2544.71
RTM,2026-07-14,59,2659.13
RTM,2026-07-14,60,2789.89
RTM,2026-07-14,61,3280.32
RTM,2026-07-14,62,3280.77
RTM,2026-07-14,63,3500.38
RTM,2026-07-14,64,3538.03
RTM,2026-07-14,65,3847.69
RTM,2026-07-14,66,4000.14
RTM,2026-07-14,67,4000.83
RTM,2026-07-14,68,4440.79
RTM,2026-07-14,69,4487.26
RTM,2026-07-14,70,4647.74
RTM,2026-07-14,71,5190.31
RTM,2026-07-14,72,5990.69
RTM,2026-07-14,73,4036.93
RTM,2026-07-14,74,6000.31
RTM,2026-07-14,75,10000.0
RTM,2026-07-14,76,10000.0
RTM,2026-07-14,77,10000.0
RTM,2026-07-14,78,10000.0
RTM,2026-07-14,79,10000.0
RTM,2026-07-14,80,10000.0
RTM,2026-07-14,81,10000.0
RTM,2026-07-14,82,10000.0
RTM,2026-07-14,83,10000.0
RTM,2026-07-14,84,10000.0
RTM,2026-07-14,85,10000.0
RTM,2026-07-14,86,10000.0
RTM,2026-07-14,87,10000.0
RTM,2026-07-14,88,10000.0
RTM,2026-07-14,89,10000.0
RTM,2026-07-14,90,10000.0
RTM,2026-07-14,91,10000.0
RTM,2026-07-14,92,10000.0
RTM,2026-07-14,93,10000.0
RTM,2026-07-14,94,10000.0
RTM,2026-07-14,95,10000.0
RTM,2026-07-14,96,10000.0
RTM,2026-07-15,1,10000.0
RTM,2026-07-15,2,10000.0
RTM,2026-07-15,3,10000.0
RTM,2026-07-15,4,10000.0
RTM,2026-07-15,5,10000.0
RTM,2026-07-15,6,10000.0
RTM,2026-07-15,7,10000.0
RTM,2026-07-15,8,10000.0
RTM,2026-07-15,9,10000.0
RTM,2026-07-15,10,10000.0
RTM,2026-07-15,11,10000.0
RTM,2026-07-15,12,10000.0
RTM,2026-07-15,13,10000.0
RTM,2026-07-15,14,10000.0
RTM,2026-07-15,15,10000.0
RTM,2026-07-15,16,10000.0
RTM,2026-07-15,17,10000.0
RTM,2026-07-15,18,10000.0
RTM,2026-07-15,19,10000.0
RTM,2026-07-15,20,10000.0
RTM,2026-07-15,21,10000.0
RTM,2026-07-15,22,10000.0
RTM,2026-07-15,23,10000.0
RTM,2026-07-15,24,10000.0
RTM,2026-07-15,25,10000.0
RTM,2026-07-15,26,10000.0
RTM,2026-07-15,27,10000.0
RTM,2026-07-15,28,10000.0
RTM,2026-07-15,29,10000.0
RTM,2026-07-15,30,10000.0
RTM,2026-07-15,31,4999.58
RTM,2026-07-15,32,3000.38
RTM,2026-07-15,33,2890.83
RTM,2026-07-15,34,3450.2
RTM,2026-07-15,35,3407.81
RTM,2026-07-15,36,3217.56
RTM,2026-07-15,37,3217.26
RTM,2026-07-15,38,3170.84
RTM,2026-07-15,39,3170.13
RTM,2026-07-15,40,2517.69
RTM,2026-07-15,41,2069.69
RTM,2026-07-15,42,2049.49
RTM,2026-07-15,43,2054.83
RTM,2026-07-15,44,2130.15
RTM,2026-07-15,45,2424.25
RTM,2026-07-15,46,2421.25
RTM,2026-07-15,47,2455.3
RTM,2026-07-15,48,2500.37
RTM,2026-07-15,49,2424.38
RTM,2026-07-15,50,2198.05
RTM,2026-07-15,51,2069.11
RTM,2026-07-15,52,2049.44
RTM,2026-07-15,53,1998.27
RTM,2026-07-15,54,1998.27
RTM,2026-07-15,55,2069.62
RTM,2026-07-15,56,2517.3
RTM,2026-07-15,57,2557.93
RTM,2026-07-15,58,2862.5
RTM,2026-07-15,59,3217.09
RTM,2026-07-15,60,3407.24
RTM,2026-07-15,61,3538.6
RTM,2026-07-15,62,3511.01
RTM,2026-07-15,63,3500.93
RTM,2026-07-15,64,3641.64
RTM,2026-07-15,65,3000.06
RTM,2026-07-15,66,3217.2
RTM,2026-07-15,67,3511.34
RTM,2026-07-15,68,3786.32
RTM,2026-07-15,69,3300.12
RTM,2026-07-15,70,3200.22
RTM,2026-07-15,71,4500.89
RTM,2026-07-15,72,5483.57
RTM,2026-07-15,73,4000.92
RTM,2026-07-15,74,6250.19
RTM,2026-07-15,75,10000.0
RTM,2026-07-15,76,10000.0
RTM,2026-07-15,77,10000.0
RTM,2026-07-15,78,10000.0
RTM,2026-07-15,79,10000.0
RTM,2026-07-15,80,10000.0
RTM,2026-07-15,81,10000.0
RTM,2026-07-15,82,10000.0
RTM,2026-07-15,83,10000.0
RTM,2026-07-15,84,10000.0
RTM,2026-07-15,85,10000.0
RTM,2026-07-15,86,10000.0
RTM,2026-07-15,87,10000.0
RTM,2026-07-15,88,10000.0
RTM,2026-07-15,89,10000.0
RTM,2026-07-15,90,10000.0
RTM,2026-07-15,91,10000.0
RTM,2026-07-15,92,10000.0
RTM,2026-07-15,93,10000.0
RTM,2026-07-15,94,10000.0
RTM,2026-07-15,95,10000.0
RTM,2026-07-15,96,10000.0
RTM,2026-07-16,1,10000.0
RTM,2026-07-16,2,10000.0
RTM,2026-07-16,3,10000.0
RTM,2026-07-16,4,10000.0
RTM,2026-07-16,5,10000.0
RTM,2026-07-16,6,10000.0
RTM,2026-07-16,7,10000.0
RTM,2026-07-16,8,10000.0
RTM,2026-07-16,9,10000.0
RTM,2026-07-16,10,10000.0
RTM,2026-07-16,11,10000.0
RTM,2026-07-16,12,10000.0
RTM,2026-07-16,13,10000.0
RTM,2026-07-16,14,10000.0
RTM,2026-07-16,15,10000.0
RTM,2026-07-16,16,10000.0
RTM,2026-07-16,17,10000.0
RTM,2026-07-16,18,10000.0
RTM,2026-07-16,19,10000.0
RTM,2026-07-16,20,10000.0
RTM,2026-07-16,21,10000.0
RTM,2026-07-16,22,10000.0
RTM,2026-07-16,23,10000.0
RTM,2026-07-16,24,10000.0
RTM,2026-07-16,25,10000.0
RTM,2026-07-16,26,10000.0
RTM,2026-07-16,27,10000.0
RTM,2026-07-16,28,10000.0
RTM,2026-07-16,29,10000.0
RTM,2026-07-16,30,10000.0
RTM,2026-07-16,31,10000.0
RTM,2026-07-16,32,10000.0
RTM,2026-07-16,33,10000.0
RTM,2026-07-16,34,7300.41
RTM,2026-07-16,35,5249.95
RTM,2026-07-16,36,5000.99
RTM,2026-07-16,37,3641.99
RTM,2026-07-16,38,3257.66
RTM,2026-07-16,39,3280.24
RTM,2026-07-16,40,2890.29
RTM,2026-07-16,41,2732.49
RTM,2026-07-16,42,3300.45
RTM,2026-07-16,43,3407.03
RTM,2026-07-16,44,3000.92
RTM,2026-07-16,45,2500.15
RTM,2026-07-16,46,2269.68
RTM,2026-07-16,47,2189.54
RTM,2026-07-16,48,2433.93
RTM,2026-07-16,49,2189.63
RTM,2026-07-16,50,2230.29
RTM,2026-07-16,51,2557.43
RTM,2026-07-16,52,2576.79
RTM,2026-07-16,53,2557.28
RTM,2026-07-16,54,2576.76
RTM,2026-07-16,55,2659.04
RTM,2026-07-16,56,2862.85
RTM,2026-07-16,57,3300.52
RTM,2026-07-16,58,3538.12
RTM,2026-07-16,59,3499.78
RTM,2026-07-16,60,3579.12
RTM,2026-07-16,61,3950.54
RTM,2026-07-16,62,4044.57
RTM,2026-07-16,63,5499.02
RTM,2026-07-16,64,5500.21
RTM,2026-07-16,65,5365.37
RTM,2026-07-16,66,5999.57
RTM,2026-07-16,67,7500.4
RTM,2026-07-16,68,8000.77
RTM,2026-07-16,69,9010.66
RTM,2026-07-16,70,10000.0
RTM,2026-07-16,71,10000.0
RTM,2026-07-16,72,10000.0
RTM,2026-07-16,73,10000.0
RTM,2026-07-16,74,10000.0
RTM,2026-07-16,75,10000.0
RTM,2026-07-16,76,10000.0
RTM,2026-07-16,77,10000.0
RTM,2026-07-16,78,10000.0
RTM,2026-07-16,79,10000.0
RTM,2026-07-16,80,10000.0
RTM,2026-07-16,81,10000.0
RTM,2026-07-16,82,10000.0
RTM,2026-07-16,83,10000.0
RTM,2026-07-16,84,10000.0
RTM,2026-07-16,85,10000.0
RTM,2026-07-16,86,10000.0
RTM,2026-07-16,87,10000.0
RTM,2026-07-16,88,10000.0
RTM,2026-07-16,89,10000.0
RTM,2026-07-16,90,10000.0
RTM,2026-07-16,91,10000.0
RTM,2026-07-16,92,10000.0
RTM,2026-07-16,93,10000.0
RTM,2026-07-16,94,10000.0
RTM,2026-07-16,95,10000.0
RTM,2026-07-16,96,10000.0
RTM,2026-07-17,1,10000.0
RTM,2026-07-17,2,10000.0
RTM,2026-07-17,3,10000.0
RTM,2026-07-17,4,10000.0
RTM,2026-07-17,5,10000.0
RTM,2026-07-17,6,10000.0
RTM,2026-07-17,7,10000.0
RTM,2026-07-17,8,10000.0
RTM,2026-07-17,9,10000.0
RTM,2026-07-17,10,10000.0
RTM,2026-07-17,11,10000.0
RTM,2026-07-17,12,10000.0
RTM,2026-07-17,13,10000.0
RTM,2026-07-17,14,10000.0
RTM,2026-07-17,15,10000.0
RTM,2026-07-17,16,10000.0
RTM,2026-07-17,17,10000.0
RTM,2026-07-17,18,10000.0
RTM,2026-07-17,19,10000.0
RTM,2026-07-17,20,10000.0
RTM,2026-07-17,21,10000.0
RTM,2026-07-17,22,10000.0
RTM,2026-07-17,23,10000.0
RTM,2026-07-17,24,10000.0
RTM,2026-07-17,25,10000.0
RTM,2026-07-17,26,10000.0
RTM,2026-07-17,27,10000.0
RTM,2026-07-17,28,10000.0
RTM,2026-07-17,29,10000.0
RTM,2026-07-17,30,10000.0
RTM,2026-07-17,31,10000.0
RTM,2026-07-17,32,10000.0
RTM,2026-07-17,33,6443.19
RTM,2026-07-17,34,4861.04
RTM,2026-07-17,35,3130.36
RTM,2026-07-17,36,3398.27
RTM,2026-07-17,37,2850.93
RTM,2026-07-17,38,2810.34
RTM,2026-07-17,39,2424.39
RTM,2026-07-17,40,2571.48
RTM,2026-07-17,41,2745.44
RTM,2026-07-17,42,3000.66
RTM,2026-07-17,43,3120.11
RTM,2026-07-17,44,3150.12
RTM,2026-07-17,45,2630.17
RTM,2026-07-17,46,2576.14
RTM,2026-07-17,47,2500.56
RTM,2026-07-17,48,2465.7
RTM,2026-07-17,49,1999.01
RTM,2026-07-17,50,1909.87
RTM,2026-07-17,51,1367.71
RTM,2026-07-17,52,1690.95
RTM,2026-07-17,53,2049.33
RTM,2026-07-17,54,2455.1
RTM,2026-07-17,55,2424.96
RTM,2026-07-17,56,2424.29
RTM,2026-07-17,57,2179.03
RTM,2026-07-17,58,2518.87
RTM,2026-07-17,59,2557.5
RTM,2026-07-17,60,2789.18
RTM,2026-07-17,61,2179.64
RTM,2026-07-17,62,1850.13
RTM,2026-07-17,63,3101.38
RTM,2026-07-17,64,3217.29
RTM,2026-07-17,65,3189.23
RTM,2026-07-17,66,3000.77
RTM,2026-07-17,67,3360.12
RTM,2026-07-17,68,3360.54
RTM,2026-07-17,69,2740.6
RTM,2026-07-17,70,3010.68
RTM,2026-07-17,71,2740.01
RTM,2026-07-17,72,3230.96
RTM,2026-07-17,73,3001.26
RTM,2026-07-17,74,5000.33
RTM,2026-07-17,75,10000.0
RTM,2026-07-17,76,10000.0
RTM,2026-07-17,77,10000.0
RTM,2026-07-17,78,10000.0
RTM,2026-07-17,79,10000.0
RTM,2026-07-17,80,10000.0
RTM,2026-07-17,81,10000.0
RTM,2026-07-17,82,10000.0
RTM,2026-07-17,83,10000.0
RTM,2026-07-17,84,10000.0
RTM,2026-07-17,85,10000.0
RTM,2026-07-17,86,10000.0
RTM,2026-07-17,87,10000.0
RTM,2026-07-17,88,10000.0
RTM,2026-07-17,89,10000.0
RTM,2026-07-17,90,10000.0
RTM,2026-07-17,91,10000.0
RTM,2026-07-17,92,10000.0
RTM,2026-07-17,93,10000.0
RTM,2026-07-17,94,10000.0
RTM,2026-07-17,95,10000.0
RTM,2026-07-17,96,10000.0
RTM,2026-07-18,1,10000.0
RTM,2026-07-18,2,10000.0
RTM,2026-07-18,3,10000.0
RTM,2026-07-18,4,10000.0
RTM,2026-07-18,5,10000.0
RTM,2026-07-18,6,10000.0
RTM,2026-07-18,7,10000.0
RTM,2026-07-18,8,10000.0
RTM,2026-07-18,9,10000.0
RTM,2026-07-18,10,10000.0
RTM,2026-07-18,11,10000.0
RTM,2026-07-18,12,10000.0
RTM,2026-07-18,13,10000.0
RTM,2026-07-18,14,10000.0
RTM,2026-07-18,15,10000.0
RTM,2026-07-18,16,10000.0
RTM,2026-07-18,17,10000.0
RTM,2026-07-18,18,10000.0
RTM,2026-07-18,19,10000.0
RTM,2026-07-18,20,10000.0
RTM,2026-07-18,21,10000.0
RTM,2026-07-18,22,10000.0
RTM,2026-07-18,23,10000.0
RTM,2026-07-18,24,10000.0
RTM,2026-07-18,25,10000.0
RTM,2026-07-18,26,10000.0
RTM,2026-07-18,27,10000.0
RTM,2026-07-18,28,10000.0
RTM,2026-07-18,29,10000.0
RTM,2026-07-18,30,10000.0
RTM,2026-07-18,31,5500.56
RTM,2026-07-18,32,2850.33
RTM,2026-07-18,33,2710.32
RTM,2026-07-18,34,2500.62
RTM,2026-07-18,35,3130.79
RTM,2026-07-18,36,3280.69
RTM,2026-07-18,37,1999.27
RTM,2026-07-18,38,1617.27
RTM,2026-07-18,39,1998.9
RTM,2026-07-18,40,1819.66
RTM,2026-07-18,41,1437.24
RTM,2026-07-18,42,2250.76
RTM,2026-07-18,43,2576.21
RTM,2026-07-18,44,2600.91
RTM,2026-07-18,45,2557.94
RTM,2026-07-18,46,2600.92
RTM,2026-07-18,47,2455.34
RTM,2026-07-18,48,2348.38
RTM,2026-07-18,49,2069.02
RTM,2026-07-18,50,1800.54
RTM,2026-07-18,51,1079.48
RTM,2026-07-18,52,1600.73
RTM,2026-07-18,53,1850.64
RTM,2026-07-18,54,2039.94
RTM,2026-07-18,55,2455.69
RTM,2026-07-18,56,2557.32
RTM,2026-07-18,57,2869.31
RTM,2026-07-18,58,2890.39
RTM,2026-07-18,59,2549.55
RTM,2026-07-18,60,2499.84
RTM,2026-07-18,61,3000.17
RTM,2026-07-18,62,2923.77
RTM,2026-07-18,63,2518.77
RTM,2026-07-18,64,2518.35
RTM,2026-07-18,65,2310.85
RTM,2026-07-18,66,2659.37
RTM,2026-07-18,67,2310.18
RTM,2026-07-18,68,1573.5
RTM,2026-07-18,69,2210.27
RTM,2026-07-18,70,2862.25
RTM,2026-07-18,71,2980.05
RTM,2026-07-18,72,3370.45
RTM,2026-07-18,73,1999.22
RTM,2026-07-18,74,3675.6
RTM,2026-07-18,75,5999.54
RTM,2026-07-18,76,9835.45
RTM,2026-07-18,77,10000.0
RTM,2026-07-18,78,10000.0
RTM,2026-07-18,79,10000.0
RTM,2026-07-18,80,10000.0
RTM,2026-07-18,81,10000.0
RTM,2026-07-18,82,10000.0
RTM,2026-07-18,83,10000.0
RTM,2026-07-18,84,10000.0
RTM,2026-07-18,85,10000.0
RTM,2026-07-18,86,10000.0
RTM,2026-07-18,87,10000.0
RTM,2026-07-18,88,10000.0
RTM,2026-07-18,89,10000.0
RTM,2026-07-18,90,10000.0
RTM,2026-07-18,91,10000.0
RTM,2026-07-18,92,10000.0
RTM,2026-07-18,93,10000.0
RTM,2026-07-18,94,10000.0
RTM,2026-07-18,95,10000.0
RTM,2026-07-18,96,10000.0
RTM,2026-07-19,1,10000.0
RTM,2026-07-19,2,10000.0
RTM,2026-07-19,3,10000.0
RTM,2026-07-19,4,10000.0
RTM,2026-07-19,5,10000.0
RTM,2026-07-19,6,10000.0
RTM,2026-07-19,7,10000.0
RTM,2026-07-19,8,10000.0
RTM,2026-07-19,9,10000.0
RTM,2026-07-19,10,10000.0
RTM,2026-07-19,11,10000.0
RTM,2026-07-19,12,10000.0
RTM,2026-07-19,13,10000.0
RTM,2026-07-19,14,10000.0
RTM,2026-07-19,15,10000.0
RTM,2026-07-19,16,10000.0
RTM,2026-07-19,17,10000.0
RTM,2026-07-19,18,10000.0
RTM,2026-07-19,19,10000.0
RTM,2026-07-19,20,10000.0
RTM,2026-07-19,21,10000.0
RTM,2026-07-19,22,10000.0
RTM,2026-07-19,23,10000.0
RTM,2026-07-19,24,10000.0
RTM,2026-07-19,25,10000.0
RTM,2026-07-19,26,10000.0
RTM,2026-07-19,27,10000.0
RTM,2026-07-19,28,10000.0
RTM,2026-07-19,29,10000.0
RTM,2026-07-19,30,10000.0
RTM,2026-07-19,31,4050.5
RTM,2026-07-19,32,2649.23
RTM,2026-07-19,33,498.69
RTM,2026-07-19,34,1999.99
RTM,2026-07-19,35,2500.67
RTM,2026-07-19,36,2517.03
RTM,2026-07-19,37,2557.94
RTM,2026-07-19,38,2500.66
RTM,2026-07-19,39,2600.36
RTM,2026-07-19,40,2349.58
RTM,2026-07-19,41,1749.93
RTM,2026-07-19,42,1012.22
RTM,2026-07-19,43,2424.76
RTM,2026-07-19,44,2424.15
RTM,2026-07-19,45,2015.37
RTM,2026-07-19,46,1958.57
RTM,2026-07-19,47,1749.6
RTM,2026-07-19,48,1749.38
RTM,2026-07-19,49,1210.59
RTM,2026-07-19,50,1556.1
RTM,2026-07-19,51,1573.31
RTM,2026-07-19,52,1613.04
RTM,2026-07-19,53,1546.12
RTM,2026-07-19,54,1541.95
RTM,2026-07-19,55,1541.59
RTM,2026-07-19,56,1556.15
RTM,2026-07-19,57,1961.93
RTM,2026-07-19,58,2250.62
RTM,2026-07-19,59,2762.02
RTM,2026-07-19,60,2789.29
RTM,2026-07-19,61,2557.24
RTM,2026-07-19,62,2350.59
RTM,2026-07-19,63,2890.48
RTM,2026-07-19,64,2988.1
RTM,2026-07-19,65,2557.57
RTM,2026-07-19,66,2518.16
RTM,2026-07-19,67,2450.74
RTM,2026-07-19,68,2638.88
RTM,2026-07-19,69,2700.72
RTM,2026-07-19,70,2800.19
RTM,2026-07-19,71,2740.05
RTM,2026-07-19,72,2820.78
RTM,2026-07-19,73,240.05
RTM,2026-07-19,74,3321.09
RTM,2026-07-19,75,3950.82
RTM,2026-07-19,76,5100.38
RTM,2026-07-19,77,6000.61
RTM,2026-07-19,78,6600.26
RTM,2026-07-19,79,10000.0
RTM,2026-07-19,80,10000.0
RTM,2026-07-19,81,10000.0
RTM,2026-07-19,82,10000.0
RTM,2026-07-19,83,10000.0
RTM,2026-07-19,84,10000.0
RTM,2026-07-19,85,10000.0
RTM,2026-07-19,86,10000.0
RTM,2026-07-19,87,10000.0
RTM,2026-07-19,88,10000.0
RTM,2026-07-19,89,10000.0
RTM,2026-07-19,90,10000.0
RTM,2026-07-19,91,10000.0
RTM,2026-07-19,92,10000.0
RTM,2026-07-19,93,10000.0
RTM,2026-07-19,94,10000.0
RTM,2026-07-19,95,10000.0
RTM,2026-07-19,96,10000.0
RTM,2026-07-20,1,10000.0
RTM,2026-07-20,2,10000.0
RTM,2026-07-20,3,10000.0
RTM,2026-07-20,4,10000.0
RTM,2026-07-20,5,10000.0
RTM,2026-07-20,6,10000.0
RTM,2026-07-20,7,10000.0
RTM,2026-07-20,8,10000.0
RTM,2026-07-20,9,10000.0
RTM,2026-07-20,10,10000.0
RTM,2026-07-20,11,6000.6
RTM,2026-07-20,12,7999.37
RTM,2026-07-20,13,5500.05
RTM,2026-07-20,14,5202.84
RTM,2026-07-20,15,10000.0
RTM,2026-07-20,16,9999.14
RTM,2026-07-20,17,10000.0
RTM,2026-07-20,18,10000.0
RTM,2026-07-20,19,10000.0
RTM,2026-07-20,20,10000.0
RTM,2026-07-20,21,10000.0
RTM,2026-07-20,22,10000.0
RTM,2026-07-20,23,10000.0
RTM,2026-07-20,24,10000.0
RTM,2026-07-20,25,10000.0
RTM,2026-07-20,26,10000.0
RTM,2026-07-20,27,10000.0
RTM,2026-07-20,28,10000.0
RTM,2026-07-20,29,9999.14
RTM,2026-07-20,30,4070.11
RTM,2026-07-20,31,3199.17
RTM,2026-07-20,32,1999.37
RTM,2026-07-20,33,2393.21
RTM,2026-07-20,34,2745.88
RTM,2026-07-20,35,3150.81
RTM,2026-07-20,36,3170.19
RTM,2026-07-20,37,3558.22
RTM,2026-07-20,38,3511.09
RTM,2026-07-20,39,3280.69
RTM,2026-07-20,40,2890.96
RTM,2026-07-20,41,2424.33
RTM,2026-07-20,42,2557.15
RTM,2026-07-20,43,2889.0
RTM,2026-07-20,44,2869.56
RTM,2026-07-20,45,2648.17
RTM,2026-07-20,46,2455.14
RTM,2026-07-20,47,2049.92
RTM,2026-07-20,48,2049.49
RTM,2026-07-20,49,1160.6
RTM,2026-07-20,50,1437.97
RTM,2026-07-20,51,1555.45
RTM,2026-07-20,52,1541.7
RTM,2026-07-20,53,300.46
RTM,2026-07-20,54,999.68
RTM,2026-07-20,55,1990.66
RTM,2026-07-20,56,2198.56
RTM,2026-07-20,57,2225.0
RTM,2026-07-20,58,2410.14
RTM,2026-07-20,59,2518.33
RTM,2026-07-20,60,2544.81
RTM,2026-07-20,61,2400.02
RTM,2026-07-20,62,2576.86
RTM,2026-07-20,63,3080.23
RTM,2026-07-20,64,3253.07
RTM,2026-07-20,65,2890.33
RTM,2026-07-20,66,3009.08
RTM,2026-07-20,67,3010.89
RTM,2026-07-20,68,3010.07
RTM,2026-07-20,69,2051.26
RTM,2026-07-20,70,2069.41
RTM,2026-07-20,71,2049.22
RTM,2026-07-20,72,2069.75
RTM,2026-07-20,73,2929.53
RTM,2026-07-20,74,4000.93
RTM,2026-07-20,75,4500.92
RTM,2026-07-20,76,10000.0
RTM,2026-07-20,77,10000.0
RTM,2026-07-20,78,10000.0
RTM,2026-07-20,79,10000.0
RTM,2026-07-20,80,10000.0
RTM,2026-07-20,81,10000.0
RTM,2026-07-20,82,10000.0
RTM,2026-07-20,83,10000.0
RTM,2026-07-20,84,10000.0
RTM,2026-07-20,85,10000.0
RTM,2026-07-20,86,10000.0
RTM,2026-07-20,87,10000.0
RTM,2026-07-20,88,10000.0
RTM,2026-07-20,89,10000.0
RTM,2026-07-20,90,10000.0
RTM,2026-07-20,91,10000.0
RTM,2026-07-20,92,10000.0
RTM,2026-07-20,93,10000.0
RTM,2026-07-20,94,10000.0
RTM,2026-07-20,95,10000.0
RTM,2026-07-20,96,10000.0
RTM,2026-07-21,1,10000.0
RTM,2026-07-21,2,5700.1
RTM,2026-07-21,3,4525.23
RTM,2026-07-21,4,4395.37
RTM,2026-07-21,5,3700.35
RTM,2026-07-21,6,3523.96
RTM,2026-07-21,7,3407.34
RTM,2026-07-21,8,3400.65
RTM,2026-07-21,9,3400.24
RTM,2026-07-21,10,3309.38
RTM,2026-07-21,11,3300.64
RTM,2026-07-21,12,3189.06
RTM,2026-07-21,13,3189.05
RTM,2026-07-21,14,3033.99
RTM,2026-07-21,15,3000.81
RTM,2026-07-21,16,2998.72
RTM,2026-07-21,17,2909.41
RTM,2026-07-21,18,2998.19
RTM,2026-07-21,19,2893.4
RTM,2026-07-21,20,2893.9
RTM,2026-07-21,21,3400.83
RTM,2026-07-21,22,3460.68
RTM,2026-07-21,23,3659.42
RTM,2026-07-21,24,3778.52
RTM,2026-07-21,25,4300.29
RTM,2026-07-21,26,5000.64
RTM,2026-07-21,27,4861.38
RTM,2026-07-21,28,3903.88
RTM,2026-07-21,29,3099.42
RTM,2026-07-21,30,3033.25
RTM,2026-07-21,31,2750.14
RTM,2026-07-21,32,1519.27
RTM,2026-07-21,33,2333.92
RTM,2026-07-21,34,2789.95
RTM,2026-07-21,35,3199.48
RTM,2026-07-21,36,3150.06
RTM,2026-07-21,37,3033.24
RTM,2026-07-21,38,2762.4
RTM,2026-07-21,39,2509.56
RTM,2026-07-21,40,2189.49
RTM,2026-07-21,41,2050.53
RTM,2026-07-21,42,2090.24
RTM,2026-07-21,43,2199.3
RTM,2026-07-21,44,2031.28
RTM,2026-07-21,45,1503.4
RTM,2026-07-21,46,1799.8
RTM,2026-07-21,47,2031.31
RTM,2026-07-21,48,2031.94
RTM,2026-07-21,49,1998.84
RTM,2026-07-21,50,1996.94
RTM,2026-07-21,51,1958.66
RTM,2026-07-21,52,1990.62
RTM,2026-07-21,53,1573.18
RTM,2026-07-21,54,1690.38
RTM,2026-07-21,55,1998.55
RTM,2026-07-21,56,2049.14
RTM,2026-07-21,57,2049.94
RTM,2026-07-21,58,2002.48
RTM,2026-07-21,59,2097.17
RTM,2026-07-21,60,2310.43
RTM,2026-07-21,61,2049.96
RTM,2026-07-21,62,2233.66
RTM,2026-07-21,63,2424.65
RTM,2026-07-21,64,2455.13
RTM,2026-07-21,65,2517.6
RTM,2026-07-21,66,2650.93
RTM,2026-07-21,67,3280.11
RTM,2026-07-21,68,3280.89
RTM,2026-07-21,69,2189.55
RTM,2026-07-21,70,2189.95
RTM,2026-07-21,71,3400.41
RTM,2026-07-21,72,3450.19
RTM,2026-07-21,73,3259.93
RTM,2026-07-21,74,3710.8
RTM,2026-07-21,75,4186.2
RTM,2026-07-21,76,5530.67
RTM,2026-07-21,77,9998.68
RTM,2026-07-21,78,10000.0
RTM,2026-07-21,79,10000.0
RTM,2026-07-21,80,10000.0
RTM,2026-07-21,81,10000.0
RTM,2026-07-21,82,10000.0
RTM,2026-07-21,83,10000.0
RTM,2026-07-21,84,10000.0
RTM,2026-07-21,85,10000.0
RTM,2026-07-21,86,10000.0
RTM,2026-07-21,87,10000.0
RTM,2026-07-21,88,10000.0
RTM,2026-07-21,89,10000.0
RTM,2026-07-21,90,10000.0
RTM,2026-07-21,91,7300.93
RTM,2026-07-21,92,6520.54
RTM,2026-07-21,93,4015.8
RTM,2026-07-21,94,4015.32
RTM,2026-07-21,95,3644.09
RTM,2026-07-21,96,3499.44
RTM,2026-07-22,1,3460.2
RTM,2026-07-22,2,3460.38
RTM,2026-07-22,3,2300.73
RTM,2026-07-22,4,1999.03
RTM,2026-07-22,5,1999.67
RTM,2026-07-22,6,2000.68
RTM,2026-07-22,7,2699.02
RTM,2026-07-22,8,2691.14
RTM,2026-07-22,9,3000.31
RTM,2026-07-22,10,3000.41
RTM,2026-07-22,11,3050.47
RTM,2026-07-22,12,3000.24
RTM,2026-07-22,13,2189.05
RTM,2026-07-22,14,2179.31
RTM,2026-07-22,15,1999.22
RTM,2026-07-22,16,1800.92
RTM,2026-07-22,17,2007.85
RTM,2026-07-22,18,2179.21
RTM,2026-07-22,19,2781.25
RTM,2026-07-22,20,3000.58
RTM,2026-07-22,21,3212.99
RTM,2026-07-22,22,3050.99
RTM,2026-07-22,23,3309.04
RTM,2026-07-22,24,3280.67
RTM,2026-07-22,25,3170.73
RTM,2026-07-22,26,3630.63
RTM,2026-07-22,27,3400.87
RTM,2026-07-22,28,3156.93
RTM,2026-07-22,29,3000.55
RTM,2026-07-22,30,3156.95
RTM,2026-07-22,31,3309.79
RTM,2026-07-22,32,2750.29
RTM,2026-07-22,33,2781.96
RTM,2026-07-22,34,2800.59
RTM,2026-07-22,35,2880.53
RTM,2026-07-22,36,2862.88
RTM,2026-07-22,37,2878.65
RTM,2026-07-22,38,2860.36
RTM,2026-07-22,39,3120.36
RTM,2026-07-22,40,2781.56
RTM,2026-07-22,41,2189.54
RTM,2026-07-22,42,2189.47
RTM,2026-07-22,43,2110.24
RTM,2026-07-22,44,2069.34
RTM,2026-07-22,45,2069.55
RTM,2026-07-22,46,2455.93
RTM,2026-07-22,47,2069.2
RTM,2026-07-22,48,1998.45
RTM,2026-07-22,49,1353.77
RTM,2026-07-22,50,1550.63
RTM,2026-07-22,51,1555.55
RTM,2026-07-22,52,1555.08
RTM,2026-07-22,53,1573.12
RTM,2026-07-22,54,1996.77
RTM,2026-07-22,55,1916.17
RTM,2026-07-22,56,2049.71
RTM,2026-07-22,57,2049.27
RTM,2026-07-22,58,2451.89
RTM,2026-07-22,59,2518.31
RTM,2026-07-22,60,2544.57
RTM,2026-07-22,61,2557.59
RTM,2026-07-22,62,2544.51
RTM,2026-07-22,63,2860.73
RTM,2026-07-22,64,2789.44
RTM,2026-07-22,65,2250.8
RTM,2026-07-22,66,2557.38
RTM,2026-07-22,67,3376.95
RTM,2026-07-22,68,3407.6
RTM,2026-07-22,69,3421.85
RTM,2026-07-22,70,3376.01
RTM,2026-07-22,71,3000.56
RTM,2026-07-22,72,2510.78
RTM,2026-07-22,73,9.65
RTM,2026-07-22,74,29.97
RTM,2026-07-22,75,2510.19
RTM,2026-07-22,76,3309.06
RTM,2026-07-22,77,4525.99
RTM,2026-07-22,78,5000.49
RTM,2026-07-22,79,4755.16
RTM,2026-07-22,80,4620.04
RTM,2026-07-22,81,4370.04
RTM,2026-07-22,82,4515.06
RTM,2026-07-22,83,4620.48
RTM,2026-07-22,84,4590.65
RTM,2026-07-22,85,4370.16
RTM,2026-07-22,86,4520.8
RTM,2026-07-22,87,4200.65
RTM,2026-07-22,88,4044.83
RTM,2026-07-22,89,3999.07
RTM,2026-07-22,90,4044.73
RTM,2026-07-22,91,3600.77
RTM,2026-07-22,92,3357.11
RTM,2026-07-22,93,3510.52
RTM,2026-07-22,94,3599.44
RTM,2026-07-22,95,3769.4
RTM,2026-07-22,96,3599.88
RTM,2026-07-23,1,4100.44
RTM,2026-07-23,2,3954.98
RTM,2026-07-23,3,3400.26
RTM,2026-07-23,4,3309.74
RTM,2026-07-23,5,3156.71
RTM,2026-07-23,6,2620.25
RTM,2026-07-23,7,2950.36
RTM,2026-07-23,8,3142.0
RTM,2026-07-23,9,3217.67
RTM,2026-07-23,10,3179.34
RTM,2026-07-23,11,2604.56
RTM,2026-07-23,12,2518.68
RTM,2026-07-23,13,1940.53
RTM,2026-07-23,14,2040.06
RTM,2026-07-23,15,2517.89
RTM,2026-07-23,16,2550.4
RTM,2026-07-23,17,2518.49
RTM,2026-07-23,18,2544.83
RTM,2026-07-23,19,2576.18
RTM,2026-07-23,20,2544.72
RTM,2026-07-23,21,3000.64
RTM,2026-07-23,22,3219.71
RTM,2026-07-23,23,3350.0
RTM,2026-07-23,24,3342.35
RTM,2026-07-23,25,3342.35
RTM,2026-07-23,26,3500.43
RTM,2026-07-23,27,3600.87
RTM,2026-07-23,28,3511.58
RTM,2026-07-23,29,3257.53
RTM,2026-07-23,30,2910.39
RTM,2026-07-23,31,2544.1
RTM,2026-07-23,32,1800.34
RTM,2026-07-23,33,2517.28
RTM,2026-07-23,34,2860.42
RTM,2026-07-23,35,3100.21
RTM,2026-07-23,36,3000.95
RTM,2026-07-23,37,3000.36
RTM,2026-07-23,38,2600.87
RTM,2026-07-23,39,2800.78
RTM,2026-07-23,40,2800.55
RTM,2026-07-23,41,2420.96
RTM,2026-07-23,42,2424.09
RTM,2026-07-23,43,2049.57
RTM,2026-07-23,44,2049.06
RTM,2026-07-23,45,1044.0
RTM,2026-07-23,46,1205.1
RTM,2026-07-23,47,399.52
RTM,2026-07-23,48,399.92
RTM,2026-07-23,49,1849.97
RTM,2026-07-23,50,2031.25
RTM,2026-07-23,51,1998.52
RTM,2026-07-23,52,1849.15
RTM,2026-07-23,53,1556.69
RTM,2026-07-23,54,1617.79
RTM,2026-07-23,55,1760.8
RTM,2026-07-23,56,2017.23
RTM,2026-07-23,57,2199.71
RTM,2026-07-23,58,2557.87
RTM,2026-07-23,59,2557.93
RTM,2026-07-23,60,2762.47
RTM,2026-07-23,61,2455.04
RTM,2026-07-23,62,2455.72
RTM,2026-07-23,63,3200.36
RTM,2026-07-23,64,3309.57
RTM,2026-07-23,65,3257.9
RTM,2026-07-23,66,3250.74
RTM,2026-07-23,67,3407.49
RTM,2026-07-23,68,3257.97
RTM,2026-07-23,69,2544.32
RTM,2026-07-23,70,2762.58
RTM,2026-07-23,71,3342.81
RTM,2026-07-23,72,3342.79
RTM,2026-07-23,73,399.58
RTM,2026-07-23,74,1499.33
RTM,2026-07-23,75,2800.59
RTM,2026-07-23,76,3950.48
RTM,2026-07-23,77,4640.45
RTM,2026-07-23,78,5010.77
RTM,2026-07-23,79,4879.46
RTM,2026-07-23,80,5443.61
RTM,2026-07-23,81,4560.19
RTM,2026-07-23,82,4693.4
RTM,2026-07-23,83,5000.18
RTM,2026-07-23,84,5290.06
RTM,2026-07-23,85,6000.89
RTM,2026-07-23,86,6499.79
RTM,2026-07-23,87,6000.98
RTM,2026-07-23,88,6413.88
RTM,2026-07-23,89,8110.0
RTM,2026-07-23,90,7382.0
RTM,2026-07-23,91,5689.71
RTM,2026-07-23,92,5010.96
RTM,2026-07-23,93,3641.34
RTM,2026-07-23,94,3342.41
RTM,2026-07-23,95,3219.39
RTM,2026-07-23,96,2999.16
RTM,2026-07-24,1,3407.44
RTM,2026-07-24,2,3400.39
RTM,2026-07-24,3,3310.24
RTM,2026-07-24,4,3169.61
RTM,2026-07-24,5,2501.66
RTM,2026-07-24,6,2192.0
RTM,2026-07-24,7,2840.92
RTM,2026-07-24,8,2840.62
RTM,2026-07-24,9,2770.45
RTM,2026-07-24,10,2770.67
RTM,2026-07-24,11,2544.93
RTM,2026-07-24,12,3001.08
RTM,2026-07-24,13,2420.47
RTM,2026-07-24,14,2610.95
RTM,2026-07-24,15,1000.17
RTM,2026-07-24,16,109.71
RTM,2026-07-24,17,2500.0
RTM,2026-07-24,18,2590.31
RTM,2026-07-24,19,2040.81
RTM,2026-07-24,20,1999.65
RTM,2026-07-24,21,2557.13
RTM,2026-07-24,22,2650.12
RTM,2026-07-24,23,2750.67
RTM,2026-07-24,24,3001.16
RTM,2026-07-24,25,3407.35
RTM,2026-07-24,26,3712.19
RTM,2026-07-24,27,3847.89
RTM,2026-07-24,28,3640.54
RTM,2026-07-24,29,3659.35
RTM,2026-07-24,30,3641.96
RTM,2026-07-24,31,3540.76
RTM,2026-07-24,32,3001.77
RTM,2026-07-24,33,2860.45
RTM,2026-07-24,34,2860.43
RTM,2026-07-24,35,2970.6
RTM,2026-07-24,36,3000.92
RTM,2026-07-24,37,2745.97
RTM,2026-07-24,38,2049.82
RTM,2026-07-24,39,49.84
RTM,2026-07-24,40,48.21
RTM,2026-07-24,41,399.33
RTM,2026-07-24,42,1437.72
RTM,2026-07-24,43,1361.0
RTM,2026-07-24,44,1627.66
RTM,2026-07-24,45,2410.68
RTM,2026-07-24,46,2300.41
RTM,2026-07-24,47,2049.52
RTM,2026-07-24,48,1690.69
RTM,2026-07-24,49,1613.32
RTM,2026-07-24,50,1613.32
RTM,2026-07-24,51,1555.86
RTM,2026-07-24,52,1556.4
RTM,2026-07-24,53,600.24
RTM,2026-07-24,54,1437.29
RTM,2026-07-24,55,1541.69
RTM,2026-07-24,56,1546.03
RTM,2026-07-24,57,1949.22
RTM,2026-07-24,58,2049.5
RTM,2026-07-24,59,2410.69
RTM,2026-07-24,60,2424.63
RTM,2026-07-24,61,2440.56
RTM,2026-07-24,62,2517.6
RTM,2026-07-24,63,3260.87
RTM,2026-07-24,64,3399.55
RTM,2026-07-24,65,3600.1
RTM,2026-07-24,66,3499.55
RTM,2026-07-24,67,3342.85
RTM,2026-07-24,68,3407.35
RTM,2026-07-24,69,3257.54
RTM,2026-07-24,70,3230.92
RTM,2026-07-24,71,3540.73
RTM,2026-07-24,72,3539.82
RTM,2026-07-24,73,1617.34
RTM,2026-07-24,74,2544.53
RTM,2026-07-24,75,3189.39
RTM,2026-07-24,76,3950.29
RTM,2026-07-24,77,3992.14
RTM,2026-07-24,78,4700.97
RTM,2026-07-24,79,5443.74
RTM,2026-07-24,80,6000.06
RTM,2026-07-24,81,10000.0
RTM,2026-07-24,82,10000.0
RTM,2026-07-24,83,10000.0
RTM,2026-07-24,84,10000.0
RTM,2026-07-24,85,10000.0
RTM,2026-07-24,86,10000.0
RTM,2026-07-24,87,10000.0
RTM,2026-07-24,88,10000.0
RTM,2026-07-24,89,10000.0
RTM,2026-07-24,90,10000.0
RTM,2026-07-24,91,10000.0
RTM,2026-07-24,92,9999.49
RTM,2026-07-24,93,4999.69
RTM,2026-07-24,94,4750.24
RTM,2026-07-24,95,3950.3
RTM,2026-07-24,96,3400.4
RTM,2026-07-25,1,3847.94
RTM,2026-07-25,2,3950.69
RTM,2026-07-25,3,4642.19
RTM,2026-07-25,4,4590.88
RTM,2026-07-25,5,3950.95
RTM,2026-07-25,6,3641.09
RTM,2026-07-25,7,3499.5
RTM,2026-07-25,8,3407.49
RTM,2026-07-25,9,3499.13
RTM,2026-07-25,10,3407.61
RTM,2026-07-25,11,3500.12
RTM,2026-07-25,12,3500.84
RTM,2026-07-25,13,3382.19
RTM,2026-07-25,14,3309.43
RTM,2026-07-25,15,3407.28
RTM,2026-07-25,16,3300.69
RTM,2026-07-25,17,3150.09
RTM,2026-07-25,18,3000.74
RTM,2026-07-25,19,3400.26
RTM,2026-07-25,20,3500.25
RTM,2026-07-25,21,5365.45
RTM,2026-07-25,22,5999.06
RTM,2026-07-25,23,5999.63
RTM,2026-07-25,24,6250.94
RTM,2026-07-25,25,7057.42
RTM,2026-07-25,26,10000.0
RTM,2026-07-25,27,10000.0
RTM,2026-07-25,28,10000.0
RTM,2026-07-25,29,8453.43
RTM,2026-07-25,30,5010.33
RTM,2026-07-25,31,3778.24
RTM,2026-07-25,32,3257.1
RTM,2026-07-25,33,2860.92
RTM,2026-07-25,34,3257.56
RTM,2026-07-25,35,3210.79
RTM,2026-07-25,36,3310.39
RTM,2026-07-25,37,3300.89
RTM,2026-07-25,38,3279.22
RTM,2026-07-25,39,2862.73
RTM,2026-07-25,40,2410.37
RTM,2026-07-25,41,2580.37
RTM,2026-07-25,42,2510.41
RTM,2026-07-25,43,2660.31
RTM,2026-07-25,44,2745.36
RTM,2026-07-25,45,2848.58
RTM,2026-07-25,46,2544.84
RTM,2026-07-25,47,2310.02
RTM,2026-07-25,48,2069.07
RTM,2026-07-25,49,1710.11
RTM,2026-07-25,50,2210.28
RTM,2026-07-25,51,2069.66
RTM,2026-07-25,52,2250.21
RTM,2026-07-25,53,2069.49
RTM,2026-07-25,54,2300.5
RTM,2026-07-25,55,2424.65
RTM,2026-07-25,56,2550.66
RTM,2026-07-25,57,2557.02
RTM,2026-07-25,58,2770.03
RTM,2026-07-25,59,3342.75
RTM,2026-07-25,60,3380.77
RTM,2026-07-25,61,3815.3
RTM,2026-07-25,62,3768.47
RTM,2026-07-25,63,4001.95
RTM,2026-07-25,64,4044.22
RTM,2026-07-25,65,3407.67
RTM,2026-07-25,66,3400.33
RTM,2026-07-25,67,3950.24
RTM,2026-07-25,68,4350.83
RTM,2026-07-25,69,3778.42
RTM,2026-07-25,70,3778.01
RTM,2026-07-25,71,4647.02
RTM,2026-07-25,72,4861.65
RTM,2026-07-25,73,3016.0
RTM,2026-07-25,74,4523.1
RTM,2026-07-25,75,7433.6
RTM,2026-07-25,76,10000.0
RTM,2026-07-25,77,10000.0
RTM,2026-07-25,78,10000.0
RTM,2026-07-25,79,10000.0
RTM,2026-07-25,80,10000.0
RTM,2026-07-25,81,10000.0
RTM,2026-07-25,82,10000.0
RTM,2026-07-25,83,10000.0
RTM,2026-07-25,84,10000.0
RTM,2026-07-25,85,10000.0
RTM,2026-07-25,86,10000.0
RTM,2026-07-25,87,10000.0
RTM,2026-07-25,88,10000.0
RTM,2026-07-25,89,10000.0
RTM,2026-07-25,90,10000.0
RTM,2026-07-25,91,10000.0
RTM,2026-07-25,92,10000.0
RTM,2026-07-25,93,10000.0
RTM,2026-07-25,94,10000.0
RTM,2026-07-25,95,10000.0
RTM,2026-07-25,96,10000.0
RTM,2026-07-26,1,10000.0
RTM,2026-07-26,2,10000.0
RTM,2026-07-26,3,7510.08
RTM,2026-07-26,4,5365.55
RTM,2026-07-26,5,4440.56
RTM,2026-07-26,6,4000.27
RTM,2026-07-26,7,4250.05
RTM,2026-07-26,8,4250.05
RTM,2026-07-26,9,4980.11
RTM,2026-07-26,10,4642.73
RTM,2026-07-26,11,4500.89
RTM,2026-07-26,12,4499.41
RTM,2026-07-26,13,4092.96
RTM,2026-07-26,14,4044.04
RTM,2026-07-26,15,4036.49
RTM,2026-07-26,16,3977.21
RTM,2026-07-26,17,4250.26
RTM,2026-07-26,18,4250.55
RTM,2026-07-26,19,5365.05
RTM,2026-07-26,20,5689.5
RTM,2026-07-26,21,5999.52
RTM,2026-07-26,22,5999.69
RTM,2026-07-26,23,7004.97
RTM,2026-07-26,24,9305.54
RTM,2026-07-26,25,10000.0
RTM,2026-07-26,26,10000.0
RTM,2026-07-26,27,10000.0
RTM,2026-07-26,28,10000.0
RTM,2026-07-26,29,4500.92
RTM,2026-07-26,30,3430.12
RTM,2026-07-26,31,3000.72
RTM,2026-07-26,32,2466.23
RTM,2026-07-26,33,498.28
RTM,2026-07-26,34,2069.87
RTM,2026-07-26,35,2433.84
RTM,2026-07-26,36,2557.52
RTM,2026-07-26,37,2750.16
RTM,2026-07-26,38,2509.73
RTM,2026-07-26,39,2399.95
RTM,2026-07-26,40,1814.47
RTM,2026-07-26,41,1541.05
RTM,2026-07-26,42,1699.82
RTM,2026-07-26,43,1437.84
RTM,2026-07-26,44,1556.45
RTM,2026-07-26,45,1617.75
RTM,2026-07-26,46,1958.13
RTM,2026-07-26,47,1617.15
RTM,2026-07-26,48,1573.59
RTM,2026-07-26,49,1542.88
RTM,2026-07-26,50,1542.48
RTM,2026-07-26,51,1542.51
RTM,2026-07-26,52,1542.53
RTM,2026-07-26,53,1666.67
RTM,2026-07-26,54,1900.39
RTM,2026-07-26,55,2069.56
RTM,2026-07-26,56,2489.32
RTM,2026-07-26,57,1760.0
RTM,2026-07-26,58,1546.88
RTM,2026-07-26,59,1546.62
RTM,2026-07-26,60,1617.95
RTM,2026-07-26,61,1617.1
RTM,2026-07-26,62,2000.67
RTM,2026-07-26,63,2576.52
RTM,2026-07-26,64,2691.24
RTM,2026-07-26,65,2069.7
RTM,2026-07-26,66,1655.43
RTM,2026-07-26,67,1699.15
RTM,2026-07-26,68,2424.99
RTM,2026-07-26,69,399.79
RTM,2026-07-26,70,866.29
RTM,2026-07-26,71,3101.61
RTM,2026-07-26,72,3407.84
RTM,2026-07-26,73,399.76
RTM,2026-07-26,74,2510.47
RTM,2026-07-26,75,3891.54
RTM,2026-07-26,76,4250.07
RTM,2026-07-26,77,4250.63
RTM,2026-07-26,78,4569.9
RTM,2026-07-26,79,5140.74
RTM,2026-07-26,80,6250.34
RTM,2026-07-26,81,10000.0
RTM,2026-07-26,82,10000.0
RTM,2026-07-26,83,10000.0
RTM,2026-07-26,84,10000.0
RTM,2026-07-26,85,10000.0
RTM,2026-07-26,86,10000.0
RTM,2026-07-26,87,10000.0
RTM,2026-07-26,88,10000.0
RTM,2026-07-26,89,10000.0
RTM,2026-07-26,90,10000.0
RTM,2026-07-26,91,10000.0
RTM,2026-07-26,92,10000.0
RTM,2026-07-26,93,10000.0
RTM,2026-07-26,94,10000.0
RTM,2026-07-26,95,10000.0
RTM,2026-07-26,96,10000.0
RTM,2026-07-27,1,10000.0
RTM,2026-07-27,2,10000.0
RTM,2026-07-27,3,10000.0
RTM,2026-07-27,4,10000.0
RTM,2026-07-27,5,8755.0
RTM,2026-07-27,6,4590.67
RTM,2026-07-27,7,4044.36
RTM,2026-07-27,8,3999.68
RTM,2026-07-27,9,3710.38
RTM,2026-07-27,10,3900.56
RTM,2026-07-27,11,3690.57
RTM,2026-07-27,12,3641.07
RTM,2026-07-27,13,3295.5
RTM,2026-07-27,14,3280.77
RTM,2026-07-27,15,3400.78
RTM,2026-07-27,16,3300.22
RTM,2026-07-27,17,3511.48
RTM,2026-07-27,18,3641.18
RTM,2026-07-27,19,3630.03
RTM,2026-07-27,20,3847.76
RTM,2026-07-27,21,4044.95
RTM,2026-07-27,22,4250.79
RTM,2026-07-27,23,4250.36
RTM,2026-07-27,24,5000.06
RTM,2026-07-27,25,5999.66
RTM,2026-07-27,26,10000.0
RTM,2026-07-27,27,10000.0
RTM,2026-07-27,28,10000.0
RTM,2026-07-27,29,4085.59
RTM,2026-07-27,30,3219.17
RTM,2026-07-27,31,3257.05
RTM,2026-07-27,32,1617.13
RTM,2026-07-27,33,2000.98
RTM,2026-07-27,34,2049.58
RTM,2026-07-27,35,2000.16
RTM,2026-07-27,36,1546.4
RTM,2026-07-27,37,1556.74
RTM,2026-07-27,38,1556.34
RTM,2026-07-27,39,2300.07
RTM,2026-07-27,40,2300.77
RTM,2026-07-27,41,2424.09
RTM,2026-07-27,42,2400.31
RTM,2026-07-27,43,1627.03
RTM,2026-07-27,44,1894.82
RTM,2026-07-27,45,1850.81
RTM,2026-07-27,46,1958.42
RTM,2026-07-27,47,2240.59
RTM,2026-07-27,48,2500.61
RTM,2026-07-27,49,2031.31
RTM,2026-07-27,50,2049.89
RTM,2026-07-27,51,2049.98
RTM,2026-07-27,52,2031.97
RTM,2026-07-27,53,2031.68
RTM,2026-07-27,54,2049.03
RTM,2026-07-27,55,2544.28
RTM,2026-07-27,56,2750.28
RTM,2026-07-27,57,2820.65
RTM,2026-07-27,58,2710.52
RTM,2026-07-27,59,2069.06
RTM,2026-07-27,60,1627.58
RTM,2026-07-27,61,499.71
RTM,2026-07-27,62,399.32
RTM,2026-07-27,63,499.22
RTM,2026-07-27,64,1480.34
RTM,2026-07-27,65,2517.34
RTM,2026-07-27,66,3010.04
RTM,2026-07-27,67,3000.78
RTM,2026-07-27,68,3257.19
RTM,2026-07-27,69,3540.14
RTM,2026-07-27,70,3889.73
RTM,2026-07-27,71,3950.1
RTM,2026-07-27,72,4647.11
RTM,2026-07-27,73,3950.22
RTM,2026-07-27,74,5202.62
RTM,2026-07-27,75,5999.76
RTM,2026-07-27,76,10000.0
RTM,2026-07-27,77,10000.0
RTM,2026-07-27,78,10000.0
RTM,2026-07-27,79,10000.0
RTM,2026-07-27,80,10000.0
RTM,2026-07-27,81,10000.0
RTM,2026-07-27,82,10000.0
RTM,2026-07-27,83,10000.0
RTM,2026-07-27,84,10000.0
RTM,2026-07-27,85,10000.0
RTM,2026-07-27,86,10000.0
RTM,2026-07-27,87,10000.0
RTM,2026-07-27,88,10000.0
RTM,2026-07-27,89,10000.0
RTM,2026-07-27,90,10000.0
RTM,2026-07-27,91,10000.0
RTM,2026-07-27,92,10000.0
RTM,2026-07-27,93,10000.0
RTM,2026-07-27,94,10000.0
RTM,2026-07-27,95,10000.0
RTM,2026-07-27,96,10000.0
RTM,2026-07-28,1,10000.0
RTM,2026-07-28,2,10000.0
RTM,2026-07-28,3,10000.0
RTM,2026-07-28,4,8917.78
RTM,2026-07-28,5,4999.13
RTM,2026-07-28,6,4310.92
RTM,2026-07-28,7,4650.24
RTM,2026-07-28,8,4750.71
RTM,2026-07-28,9,4861.18
RTM,2026-07-28,10,4750.4
RTM,2026-07-28,11,4550.68
RTM,2026-07-28,12,4620.78
RTM,2026-07-28,13,3599.61
RTM,2026-07-28,14,3499.06
RTM,2026-07-28,15,3342.19
RTM,2026-07-28,16,3300.92
RTM,2026-07-28,17,3376.67
RTM,2026-07-28,18,3499.27
RTM,2026-07-28,19,3550.52
RTM,2026-07-28,20,3650.35
RTM,2026-07-28,21,4010.73
RTM,2026-07-28,22,4010.04
RTM,2026-07-28,23,4450.15
RTM,2026-07-28,24,4450.43
RTM,2026-07-28,25,4569.42
RTM,2026-07-28,26,6060.46
RTM,2026-07-28,27,6000.46
RTM,2026-07-28,28,4200.56
RTM,2026-07-28,29,3500.71
RTM,2026-07-28,30,3120.79
RTM,2026-07-28,31,2512.04
RTM,2026-07-28,32,830.73
RTM,2026-07-28,33,1437.45
RTM,2026-07-28,34,1437.16
RTM,2026-07-28,35,2483.04
RTM,2026-07-28,36,2099.26
RTM,2026-07-28,37,2120.26
RTM,2026-07-28,38,1546.11
RTM,2026-07-28,39,399.33
RTM,2026-07-28,40,860.89
RTM,2026-07-28,41,1863.03
RTM,2026-07-28,42,1958.97
RTM,2026-07-28,43,1555.67
RTM,2026-07-28,44,1546.65
RTM,2026-07-28,45,1361.92
RTM,2026-07-28,46,1200.33
RTM,2026-07-28,47,436.13
RTM,2026-07-28,48,1546.69
RTM,2026-07-28,49,1573.02
RTM,2026-07-28,50,1556.03
RTM,2026-07-28,51,1546.03
RTM,2026-07-28,52,399.84
RTM,2026-07-28,53,99.33
RTM,2026-07-28,54,249.88
RTM,2026-07-28,55,399.43
RTM,2026-07-28,56,1250.52
RTM,2026-07-28,57,343.37
RTM,2026-07-28,58,399.17
RTM,2026-07-28,59,1541.13
RTM,2026-07-28,60,1556.25
RTM,2026-07-28,61,2012.59
RTM,2026-07-28,62,2049.77
RTM,2026-07-28,63,2049.47
RTM,2026-07-28,64,2370.11
RTM,2026-07-28,65,2049.09
RTM,2026-07-28,66,1790.59
RTM,2026-07-28,67,1555.23
RTM,2026-07-28,68,2300.15
RTM,2026-07-28,69,1556.08
RTM,2026-07-28,70,1199.91
RTM,2026-07-28,71,2600.7
RTM,2026-07-28,72,3257.84
RTM,2026-07-28,73,1250.12
RTM,2026-07-28,74,3020.5
RTM,2026-07-28,75,3749.18
RTM,2026-07-28,76,4251.24
RTM,2026-07-28,77,6641.57
RTM,2026-07-28,78,10000.0
RTM,2026-07-28,79,10000.0
RTM,2026-07-28,80,10000.0
RTM,2026-07-28,81,10000.0
RTM,2026-07-28,82,10000.0
RTM,2026-07-28,83,10000.0
RTM,2026-07-28,84,10000.0
RTM,2026-07-28,85,10000.0
RTM,2026-07-28,86,10000.0
RTM,2026-07-28,87,10000.0
RTM,2026-07-28,88,10000.0
RTM,2026-07-28,89,10000.0
RTM,2026-07-28,90,10000.0
RTM,2026-07-28,91,10000.0
RTM,2026-07-28,92,10000.0
RTM,2026-07-28,93,10000.0
RTM,2026-07-28,94,8297.89
RTM,2026-07-28,95,4700.22
RTM,2026-07-28,96,4127.11
RTM,2026-07-29,1,3613.72
RTM,2026-07-29,2,3400.73
RTM,2026-07-29,3,3952.33
RTM,2026-07-29,4,3710.24
RTM,2026-07-29,5,3599.16
RTM,2026-07-29,6,3328.11
RTM,2026-07-29,7,3295.84
RTM,2026-07-29,8,3295.51
RTM,2026-07-29,9,2620.97
RTM,2026-07-29,10,3000.78
RTM,2026-07-29,11,3200.86
RTM,2026-07-29,12,3257.58
RTM,2026-07-29,13,2500.7
RTM,2026-07-29,14,2860.86
RTM,2026-07-29,15,3300.8
RTM,2026-07-29,16,3150.76
RTM,2026-07-29,17,3200.57
RTM,2026-07-29,18,3217.18
RTM,2026-07-29,19,2300.33
RTM,2026-07-29,20,2620.19
RTM,2026-07-29,21,3100.24
RTM,2026-07-29,22,3189.03
RTM,2026-07-29,23,3189.79
RTM,2026-07-29,24,3400.78
RTM,2026-07-29,25,4370.55
RTM,2026-07-29,26,4750.19
RTM,2026-07-29,27,5000.66
RTM,2026-07-29,28,4326.06
RTM,2026-07-29,29,3300.25
RTM,2026-07-29,30,2544.06
RTM,2026-07-29,31,2049.38
RTM,2026-07-29,32,399.93
RTM,2026-07-29,33,2069.24
RTM,2026-07-29,34,2455.58
RTM,2026-07-29,35,2860.22
RTM,2026-07-29,36,2800.56
RTM,2026-07-29,37,3257.94
RTM,2026-07-29,38,2700.88
RTM,2026-07-29,39,2512.63
RTM,2026-07-29,40,2410.9
RTM,2026-07-29,41,2269.53
RTM,2026-07-29,42,2031.97
RTM,2026-07-29,43,1998.89
RTM,2026-07-29,44,1958.47
RTM,2026-07-29,45,1546.36
RTM,2026-07-29,46,1945.79
RTM,2026-07-29,47,1998.17
RTM,2026-07-29,48,2049.95
RTM,2026-07-29,49,1958.32
RTM,2026-07-29,50,2000.66
RTM,2026-07-29,51,1699.31
RTM,2026-07-29,52,1573.54
RTM,2026-07-29,53,1541.76
RTM,2026-07-29,54,1617.8
RTM,2026-07-29,55,1690.55
RTM,2026-07-29,56,1849.31
RTM,2026-07-29,57,1546.84
RTM,2026-07-29,58,1699.03
RTM,2026-07-29,59,1556.97
RTM,2026-07-29,60,1599.42
RTM,2026-07-29,61,2455.54
RTM,2026-07-29,62,2518.99
RTM,2026-07-29,63,2830.92
RTM,2026-07-29,64,2789.91
RTM,2026-07-29,65,3314.4
RTM,2026-07-29,66,3499.07
RTM,2026-07-29,67,3400.77
RTM,2026-07-29,68,3407.96
RTM,2026-07-29,69,3330.97
RTM,2026-07-29,70,3400.54
RTM,2026-07-29,71,3309.28
RTM,2026-07-29,72,3499.8
RTM,2026-07-29,73,3001.41
RTM,2026-07-29,74,4044.51
RTM,2026-07-29,75,5999.17
RTM,2026-07-29,76,7000.32
RTM,2026-07-29,77,10000.0
RTM,2026-07-29,78,10000.0
RTM,2026-07-29,79,10000.0
RTM,2026-07-29,80,10000.0
RTM,2026-07-29,81,10000.0
RTM,2026-07-29,82,10000.0
RTM,2026-07-29,83,10000.0
RTM,2026-07-29,84,10000.0
RTM,2026-07-29,85,10000.0
RTM,2026-07-29,86,10000.0
RTM,2026-07-29,87,10000.0
RTM,2026-07-29,88,10000.0
RTM,2026-07-29,89,10000.0
RTM,2026-07-29,90,10000.0
RTM,2026-07-29,91,10000.0
RTM,2026-07-29,92,10000.0
RTM,2026-07-29,93,10000.0
RTM,2026-07-29,94,10000.0
RTM,2026-07-29,95,10000.0
RTM,2026-07-29,96,10000.0
RTM,2026-07-30,1,10000.0
RTM,2026-07-30,2,10000.0
RTM,2026-07-30,3,10000.0
RTM,2026-07-30,4,7270.81
RTM,2026-07-30,5,4820.21
RTM,2026-07-30,6,4810.89
RTM,2026-07-30,7,4044.89
RTM,2026-07-30,8,4044.32
RTM,2026-07-30,9,4044.76
RTM,2026-07-30,10,3954.08
RTM,2026-07-30,11,4450.2
RTM,2026-07-30,12,4650.58
RTM,2026-07-30,13,4000.63
RTM,2026-07-30,14,3786.58
RTM,2026-07-30,15,3945.17
RTM,2026-07-30,16,3857.78
RTM,2026-07-30,17,4540.18
RTM,2026-07-30,18,4540.45
RTM,2026-07-30,19,4044.08
RTM,2026-07-30,20,4420.22
RTM,2026-07-30,21,4331.99
RTM,2026-07-30,22,4420.95
RTM,2026-07-30,23,4331.8
RTM,2026-07-30,24,4750.77
RTM,2026-07-30,25,5250.53
RTM,2026-07-30,26,5999.44
RTM,2026-07-30,27,4569.2
RTM,2026-07-30,28,4092.38
RTM,2026-07-30,29,999.88
RTM,2026-07-30,30,49.06
RTM,2026-07-30,31,499.42
RTM,2026-07-30,32,100.0
RTM,2026-07-30,33,3379.6
RTM,2026-07-30,34,3499.69
RTM,2026-07-30,35,3609.88
RTM,2026-07-30,36,3599.17
RTM,2026-07-30,37,3442.44
RTM,2026-07-30,38,2691.96
RTM,2026-07-30,39,2557.06
RTM,2026-07-30,40,2189.5
RTM,2026-07-30,41,2455.32
RTM,2026-07-30,42,2500.71
RTM,2026-07-30,43,2260.44
RTM,2026-07-30,44,2260.03
RTM,2026-07-30,45,2031.59
RTM,2026-07-30,46,2049.82
RTM,2026-07-30,47,1810.87
RTM,2026-07-30,48,2069.2
RTM,2026-07-30,49,1958.35
RTM,2026-07-30,50,2000.67
RTM,2026-07-30,51,1617.85
RTM,2026-07-30,52,1690.34
RTM,2026-07-30,53,1437.02
RTM,2026-07-30,54,1542.42
RTM,2026-07-30,55,1958.11
RTM,2026-07-30,56,2069.67
RTM,2026-07-30,57,1660.25
RTM,2026-07-30,58,1999.69
RTM,2026-07-30,59,1617.11
RTM,2026-07-30,60,1979.73
RTM,2026-07-30,61,2036.94
RTM,2026-07-30,62,2100.66
RTM,2026-07-30,63,2602.57
RTM,2026-07-30,64,2789.5
RTM,2026-07-30,65,2929.63
RTM,2026-07-30,66,3300.12
RTM,2026-07-30,67,3539.62
RTM,2026-07-30,68,3659.07
RTM,2026-07-30,69,3540.18
RTM,2026-07-30,70,3889.25
RTM,2026-07-30,71,4092.33
RTM,2026-07-30,72,5202.85
RTM,2026-07-30,73,1510.68
RTM,2026-07-30,74,5202.51
RTM,2026-07-30,75,10000.0
RTM,2026-07-30,76,10000.0
RTM,2026-07-30,77,10000.0
RTM,2026-07-30,78,10000.0
RTM,2026-07-30,79,10000.0
RTM,2026-07-30,80,10000.0
RTM,2026-07-30,81,10000.0
RTM,2026-07-30,82,10000.0
RTM,2026-07-30,83,10000.0
RTM,2026-07-30,84,10000.0
RTM,2026-07-30,85,10000.0
RTM,2026-07-30,86,10000.0
RTM,2026-07-30,87,10000.0
RTM,2026-07-30,88,10000.0
RTM,2026-07-30,89,10000.0
RTM,2026-07-30,90,10000.0
RTM,2026-07-30,91,10000.0
RTM,2026-07-30,92,10000.0
RTM,2026-07-30,93,10000.0
RTM,2026-07-30,94,10000.0
RTM,2026-07-30,95,10000.0
RTM,2026-07-30,96,10000.0
RTM,2026-07-31,1,10000.0
RTM,2026-07-31,2,10000.0
RTM,2026-07-31,3,7149.27
RTM,2026-07-31,4,5999.05
RTM,2026-07-31,5,4100.64
RTM,2026-07-31,6,3600.84
RTM,2026-07-31,7,3000.91
RTM,2026-07-31,8,3100.31
RTM,2026-07-31,9,3630.82
RTM,2026-07-31,10,3847.19
RTM,2026-07-31,11,3950.85
RTM,2026-07-31,12,3950.46
RTM,2026-07-31,13,3599.12
RTM,2026-07-31,14,3400.26
RTM,2026-07-31,15,3160.17
RTM,2026-07-31,16,2040.05
RTM,2026-07-31,17,2604.27
RTM,2026-07-31,18,2850.48
RTM,2026-07-31,19,3250.36
RTM,2026-07-31,20,3309.95
RTM,2026-07-31,21,3400.38
RTM,2026-07-31,22,3469.73
RTM,2026-07-31,23,3309.72
RTM,2026-07-31,24,3212.53
RTM,2026-07-31,25,3950.44
RTM,2026-07-31,26,4750.63
RTM,2026-07-31,27,4163.0
RTM,2026-07-31,28,3950.63
RTM,2026-07-31,29,3499.94
RTM,2026-07-31,30,3420.37
RTM,2026-07-31,31,2500.02
RTM,2026-07-31,32,23.68
RTM,2026-07-31,33,2069.46
RTM,2026-07-31,34,2069.92
RTM,2026-07-31,35,2820.7
RTM,2026-07-31,36,2789.35
RTM,2026-07-31,37,2862.34
RTM,2026-07-31,38,2550.55
RTM,2026-07-31,39,2049.68
RTM,2026-07-31,40,1463.79
RTM,2026-07-31,41,1091.89
RTM,2026-07-31,42,1900.63
RTM,2026-07-31,43,99.89
RTM,2026-07-31,44,99.6
RTM,2026-07-31,45,1550.41
RTM,2026-07-31,46,1599.59
RTM,2026-07-31,47,1599.3
RTM,2026-07-31,48,1617.21
RTM,2026-07-31,49,2330.04
RTM,2026-07-31,50,2424.4
RTM,2026-07-31,51,2210.16
RTM,2026-07-31,52,2300.77
RTM,2026-07-31,53,1556.76
RTM,2026-07-31,54,1091.78
RTM,2026-07-31,55,499.88
RTM,2026-07-31,56,1546.47
RTM,2026-07-31,57,1800.19
RTM,2026-07-31,58,2199.6
RTM,2026-07-31,59,2523.75
RTM,2026-07-31,60,2684.97
RTM,2026-07-31,61,2424.52
RTM,2026-07-31,62,2279.1
RTM,2026-07-31,63,399.44
RTM,2026-07-31,64,498.88
RTM,2026-07-31,65,49.36
RTM,2026-07-31,66,1500.45
RTM,2026-07-31,67,3511.28
RTM,2026-07-31,68,3599.55
RTM,2026-07-31,69,3511.89
RTM,2026-07-31,70,3823.36
RTM,2026-07-31,71,3540.43
RTM,2026-07-31,72,4093.0
RTM,2026-07-31,73,3847.1
RTM,2026-07-31,74,5202.01
RTM,2026-07-31,75,5999.59
RTM,2026-07-31,76,7000.7
RTM,2026-07-31,77,10000.0
RTM,2026-07-31,78,10000.0
RTM,2026-07-31,79,10000.0
RTM,2026-07-31,80,10000.0
RTM,2026-07-31,81,10000.0
RTM,2026-07-31,82,10000.0
RTM,2026-07-31,83,10000.0
RTM,2026-07-31,84,10000.0
RTM,2026-07-31,85,10000.0
RTM,2026-07-31,86,10000.0
RTM,2026-07-31,87,10000.0
RTM,2026-07-31,88,10000.0
RTM,2026-07-31,89,10000.0
RTM,2026-07-31,90,10000.0
RTM,2026-07-31,91,10000.0
RTM,2026-07-31,92,10000.0
RTM,2026-07-31,93,10000.0
RTM,2026-07-31,94,10000.0
RTM,2026-07-31,95,10000.0
RTM,2026-07-31,96,10000.0
RTM,2026-08-01,1,10000.0
RTM,2026-08-01,2,10000.0
RTM,2026-08-01,3,10000.0
RTM,2026-08-01,4,10000.0
RTM,2026-08-01,5,10000.0
RTM,2026-08-01,6,7999.17
RTM,2026-08-01,7,5365.55
RTM,2026-08-01,8,5010.12
RTM,2026-08-01,9,5049.68
RTM,2026-08-01,10,4880.55
RTM,2026-08-01,11,4487.2
RTM,2026-08-01,12,4500.4
RTM,2026-08-01,13,4000.38
RTM,2026-08-01,14,3950.38
RTM,2026-08-01,15,3600.03
RTM,2026-08-01,16,3501.67
RTM,2026-08-01,17,3510.54
RTM,2026-08-01,18,3630.06
RTM,2026-08-01,19,3350.95
RTM,2026-08-01,20,3501.36
RTM,2026-08-01,21,3579.3
RTM,2026-08-01,22,4044.01
RTM,2026-08-01,23,3999.04
RTM,2026-08-01,24,4251.9
RTM,2026-08-01,25,4200.31
RTM,2026-08-01,26,5400.12
RTM,2026-08-01,27,5271.74
RTM,2026-08-01,28,4357.07
RTM,2026-08-01,29,3701.96
RTM,2026-08-01,30,3109.15
RTM,2026-08-01,31,2620.36
RTM,2026-08-01,32,1617.78
RTM,2026-08-01,33,2189.77
RTM,2026-08-01,34,2750.47
RTM,2026-08-01,35,2518.39
RTM,2026-08-01,36,2400.51
RTM,2026-08-01,37,2576.63
RTM,2026-08-01,38,2360.14
RTM,2026-08-01,39,399.11
RTM,2026-08-01,40,399.02
RTM,2026-08-01,41,1410.43
RTM,2026-08-01,42,1546.96
RTM,2026-08-01,43,1899.44
RTM,2026-08-01,44,1958.67
RTM,2026-08-01,45,1573.25
RTM,2026-08-01,46,1760.51
RTM,2026-08-01,47,1555.48
RTM,2026-08-01,48,1573.97
RTM,2026-08-01,49,1617.31
RTM,2026-08-01,50,1899.73
RTM,2026-08-01,51,1573.96
RTM,2026-08-01,52,1546.28
RTM,2026-08-01,53,1437.47
RTM,2026-08-01,54,1499.62
RTM,2026-08-01,55,1617.44
RTM,2026-08-01,56,1899.34
RTM,2026-08-01,57,2031.17
RTM,2026-08-01,58,1998.93
RTM,2026-08-01,59,2096.62
RTM,2026-08-01,60,2517.55
RTM,2026-08-01,61,2069.81
RTM,2026-08-01,62,2069.01
RTM,2026-08-01,63,2517.92
RTM,2026-08-01,64,2789.58
RTM,2026-08-01,65,3500.19
RTM,2026-08-01,66,3599.83
RTM,2026-08-01,67,3609.95
RTM,2026-08-01,68,3609.61
RTM,2026-08-01,69,3257.96
RTM,2026-08-01,70,3407.31
RTM,2026-08-01,71,3500.25
RTM,2026-08-01,72,3700.85
RTM,2026-08-01,73,2766.1
RTM,2026-08-01,74,3650.49
RTM,2026-08-01,75,5365.89
RTM,2026-08-01,76,6250.09
RTM,2026-08-01,77,10000.0
RTM,2026-08-01,78,10000.0
RTM,2026-08-01,79,10000.0
RTM,2026-08-01,80,10000.0
RTM,2026-08-01,81,10000.0
RTM,2026-08-01,82,10000.0
RTM,2026-08-01,83,10000.0
RTM,2026-08-01,84,10000.0
RTM,2026-08-01,85,10000.0
RTM,2026-08-01,86,10000.0
RTM,2026-08-01,87,10000.0
RTM,2026-08-01,88,10000.0
RTM,2026-08-01,89,10000.0
RTM,2026-08-01,90,10000.0
RTM,2026-08-01,91,10000.0
RTM,2026-08-01,92,10000.0
RTM,2026-08-01,93,10000.0
RTM,2026-08-01,94,10000.0
RTM,2026-08-01,95,10000.0
RTM,2026-08-01,96,10000.0
RTM,2026-08-02,1,10000.0
RTM,2026-08-02,2,10000.0
RTM,2026-08-02,3,5102.96
RTM,2026-08-02,4,4569.91
RTM,2026-08-02,5,4810.05
RTM,2026-08-02,6,4251.58
RTM,2026-08-02,7,4044.21
RTM,2026-08-02,8,3707.05
RTM,2026-08-02,9,3650.89
RTM,2026-08-02,10,3501.43
RTM,2026-08-02,11,4036.67
RTM,2026-08-02,12,4036.36
RTM,2026-08-02,13,4092.87
RTM,2026-08-02,14,4500.62
RTM,2026-08-02,15,4598.1
RTM,2026-08-02,16,4300.78
RTM,2026-08-02,17,3790.11
RTM,2026-08-02,18,3815.14
RTM,2026-08-02,19,3900.63
RTM,2026-08-02,20,4044.4
RTM,2026-08-02,21,5344.18
RTM,2026-08-02,22,5999.02
RTM,2026-08-02,23,5296.0
RTM,2026-08-02,24,4647.25
RTM,2026-08-02,25,3701.19
RTM,2026-08-02,26,5000.01
RTM,2026-08-02,27,5102.94
RTM,2026-08-02,28,4999.39
RTM,2026-08-02,29,3342.12
RTM,2026-08-02,30,2710.95
RTM,2026-08-02,31,2950.64
RTM,2026-08-02,32,2500.34
RTM,2026-08-02,33,2610.45
RTM,2026-08-02,34,2500.83
RTM,2026-08-02,35,2450.67
RTM,2026-08-02,36,2350.01
RTM,2026-08-02,37,2424.05
RTM,2026-08-02,38,1899.75
RTM,2026-08-02,39,2424.14
RTM,2026-08-02,40,1958.99
RTM,2026-08-02,41,2069.59
RTM,2026-08-02,42,2069.88
RTM,2026-08-02,43,1899.86
RTM,2026-08-02,44,1899.01
RTM,2026-08-02,45,1617.77
RTM,2026-08-02,46,1617.42
RTM,2026-08-02,47,1749.75
RTM,2026-08-02,48,1617.56
RTM,2026-08-02,49,1727.71
RTM,2026-08-02,50,1790.64
RTM,2026-08-02,51,2331.02
RTM,2026-08-02,52,2250.06
RTM,2026-08-02,53,1867.22
RTM,2026-08-02,54,1867.55
RTM,2026-08-02,55,1613.92
RTM,2026-08-02,56,1613.93
RTM,2026-08-02,57,1932.07
RTM,2026-08-02,58,2031.02
RTM,2026-08-02,59,2963.98
RTM,2026-08-02,60,3000.76
RTM,2026-08-02,61,3305.99
RTM,2026-08-02,62,3342.19
RTM,2026-08-02,63,3425.36
RTM,2026-08-02,64,3479.13
RTM,2026-08-02,65,3000.13
RTM,2026-08-02,66,3217.89
RTM,2026-08-02,67,3217.72
RTM,2026-08-02,68,3400.97
RTM,2026-08-02,69,2300.83
RTM,2026-08-02,70,2310.36
RTM,2026-08-02,71,2430.88
RTM,2026-08-02,72,2590.32
RTM,2026-08-02,73,749.31
RTM,2026-08-02,74,1770.47
RTM,2026-08-02,75,3010.67
RTM,2026-08-02,76,3189.25
RTM,2026-08-02,77,3630.38
RTM,2026-08-02,78,4810.84
RTM,2026-08-02,79,5500.01
RTM,2026-08-02,80,5389.84
RTM,2026-08-02,81,6000.33
RTM,2026-08-02,82,7660.0
RTM,2026-08-02,83,7654.44
RTM,2026-08-02,84,10000.0
RTM,2026-08-02,85,10000.0
RTM,2026-08-02,86,10000.0
RTM,2026-08-02,87,10000.0
RTM,2026-08-02,88,10000.0
RTM,2026-08-02,89,10000.0
RTM,2026-08-02,90,10000.0
RTM,2026-08-02,91,10000.0
RTM,2026-08-02,92,10000.0
RTM,2026-08-02,93,10000.0
RTM,2026-08-02,94,10000.0
RTM,2026-08-02,95,10000.0
RTM,2026-08-02,96,10000.0
RTM,2026-08-03,1,10000.0
RTM,2026-08-03,2,10000.0
RTM,2026-08-03,3,6000.8
RTM,2026-08-03,4,5400.89
RTM,2026-08-03,5,5344.29
RTM,2026-08-03,6,5119.91
RTM,2026-08-03,7,4700.6
RTM,2026-08-03,8,4435.43
RTM,2026-08-03,9,4044.55
RTM,2026-08-03,10,4150.0
RTM,2026-08-03,11,4487.15
RTM,2026-08-03,12,4487.34
RTM,2026-08-03,13,4044.02
RTM,2026-08-03,14,3650.09
RTM,2026-08-03,15,3210.03
RTM,2026-08-03,16,3000.6
RTM,2026-08-03,17,2499.75
RTM,2026-08-03,18,2499.99
RTM,2026-08-03,19,2990.54
RTM,2026-08-03,20,3250.75
RTM,2026-08-03,21,4044.32
RTM,2026-08-03,22,4549.27
RTM,2026-08-03,23,5999.41
RTM,2026-08-03,24,5999.75
RTM,2026-08-03,25,9999.65
RTM,2026-08-03,26,10000.0
RTM,2026-08-03,27,10000.0
RTM,2026-08-03,28,10000.0
RTM,2026-08-03,29,6005.51
RTM,2026-08-03,30,5689.48
RTM,2026-08-03,31,4598.06
RTM,2026-08-03,32,3920.19
RTM,2026-08-03,33,3540.96
RTM,2026-08-03,34,3540.26
RTM,2026-08-03,35,4037.18
RTM,2026-08-03,36,4044.71
RTM,2026-08-03,37,4250.44
RTM,2026-08-03,38,4169.62
RTM,2026-08-03,39,3928.75
RTM,2026-08-03,40,3511.7
RTM,2026-08-03,41,2518.85
RTM,2026-08-03,42,2518.66
RTM,2026-08-03,43,1078.9
RTM,2026-08-03,44,1950.05
RTM,2026-08-03,45,2189.35
RTM,2026-08-03,46,2489.95
RTM,2026-08-03,47,2189.02
RTM,2026-08-03,48,2189.6
RTM,2026-08-03,49,1382.45
RTM,2026-08-03,50,1500.6
RTM,2026-08-03,51,1546.6
RTM,2026-08-03,52,1573.24
RTM,2026-08-03,53,1617.16
RTM,2026-08-03,54,2031.45
RTM,2026-08-03,55,2410.11
RTM,2026-08-03,56,2424.0
RTM,2026-08-03,57,2424.83
RTM,2026-08-03,58,2424.13
RTM,2026-08-03,59,2069.82
RTM,2026-08-03,60,2310.2
RTM,2026-08-03,61,2576.17
RTM,2026-08-03,62,2789.91
RTM,2026-08-03,63,3479.34
RTM,2026-08-03,64,3538.88
RTM,2026-08-03,65,3300.16
RTM,2026-08-03,66,3323.8
RTM,2026-08-03,67,3479.99
RTM,2026-08-03,68,3599.61
RTM,2026-08-03,69,4000.23
RTM,2026-08-03,70,4044.14
RTM,2026-08-03,71,4487.37
RTM,2026-08-03,72,4647.55
RTM,2026-08-03,73,3705.18
RTM,2026-08-03,74,5202.87
RTM,2026-08-03,75,10000.0
RTM,2026-08-03,76,10000.0
RTM,2026-08-03,77,10000.0
RTM,2026-08-03,78,10000.0
RTM,2026-08-03,79,10000.0
RTM,2026-08-03,80,10000.0
RTM,2026-08-03,81,10000.0
RTM,2026-08-03,82,10000.0
RTM,2026-08-03,83,10000.0
RTM,2026-08-03,84,10000.0
RTM,2026-08-03,85,10000.0
RTM,2026-08-03,86,10000.0
RTM,2026-08-03,87,10000.0
RTM,2026-08-03,88,10000.0
RTM,2026-08-03,89,10000.0
RTM,2026-08-03,90,10000.0
RTM,2026-08-03,91,10000.0
RTM,2026-08-03,92,10000.0
RTM,2026-08-03,93,10000.0
RTM,2026-08-03,94,10000.0
RTM,2026-08-03,95,10000.0
RTM,2026-08-03,96,10000.0
RTM,2026-08-04,1,10000.0
RTM,2026-08-04,2,10000.0
RTM,2026-08-04,3,10000.0
RTM,2026-08-04,4,10000.0
RTM,2026-08-04,5,4250.78
RTM,2026-08-04,6,3650.87
RTM,2026-08-04,7,2070.87
RTM,2026-08-04,8,2300.92
RTM,2026-08-04,9,3700.44
RTM,2026-08-04,10,3823.36
RTM,2026-08-04,11,3950.56
RTM,2026-08-04,12,3950.81
RTM,2026-08-04,13,3599.92
RTM,2026-08-04,14,3400.52
RTM,2026-08-04,15,3500.82
RTM,2026-08-04,16,3442.92
RTM,2026-08-04,17,3510.1
RTM,2026-08-04,18,3650.18
RTM,2026-08-04,19,3630.14
RTM,2026-08-04,20,3889.24
RTM,2026-08-04,21,2997.93
RTM,2026-08-04,22,3630.03
RTM,2026-08-04,23,4500.03
RTM,2026-08-04,24,4750.92
RTM,2026-08-04,25,5000.42
RTM,2026-08-04,26,5505.29
RTM,2026-08-04,27,5000.47
RTM,2026-08-04,28,4569.31
RTM,2026-08-04,29,4036.67
RTM,2026-08-04,30,3889.45
RTM,2026-08-04,31,3012.18
RTM,2026-08-04,32,2517.76
RTM,2026-08-04,33,2410.89
RTM,2026-08-04,34,2410.56
RTM,2026-08-04,35,2475.03
RTM,2026-08-04,36,2455.68
RTM,2026-08-04,37,2189.41
RTM,2026-08-04,38,1999.51
RTM,2026-08-04,39,2789.58
RTM,2026-08-04,40,2600.8
RTM,2026-08-04,41,2055.46
RTM,2026-08-04,42,2069.19
RTM,2026-08-04,43,2518.18
RTM,2026-08-04,44,2475.43
RTM,2026-08-04,45,2475.27
RTM,2026-08-04,46,2424.07
RTM,2026-08-04,47,2090.62
RTM,2026-08-04,48,2400.4
RTM,2026-08-04,49,1958.88
RTM,2026-08-04,50,2049.71
RTM,2026-08-04,51,1949.07
RTM,2026-08-04,52,1799.82
RTM,2026-08-04,53,1437.82
RTM,2026-08-04,54,1546.45
RTM,2026-08-04,55,1546.8
RTM,2026-08-04,56,2069.04
RTM,2026-08-04,57,2455.12
RTM,2026-08-04,58,2684.2
RTM,2026-08-04,59,2517.79
RTM,2026-08-04,60,2424.1
RTM,2026-08-04,61,1710.6
RTM,2026-08-04,62,2049.69
RTM,2026-08-04,63,2101.74
RTM,2026-08-04,64,2466.5
RTM,2026-08-04,65,2732.81
RTM,2026-08-04,66,2780.82
RTM,2026-08-04,67,2750.74
RTM,2026-08-04,68,2781.01
RTM,2026-08-04,69,2897.92
RTM,2026-08-04,70,3109.96
RTM,2026-08-04,71,3407.54
RTM,2026-08-04,72,3550.0
RTM,2026-08-04,73,3707.2
RTM,2026-08-04,74,4598.12
RTM,2026-08-04,75,10000.0
RTM,2026-08-04,76,10000.0
RTM,2026-08-04,77,10000.0
RTM,2026-08-04,78,10000.0
RTM,2026-08-04,79,10000.0
RTM,2026-08-04,80,10000.0
RTM,2026-08-04,81,10000.0
RTM,2026-08-04,82,10000.0
RTM,2026-08-04,83,10000.0
RTM,2026-08-04,84,10000.0
RTM,2026-08-04,85,10000.0
RTM,2026-08-04,86,10000.0
RTM,2026-08-04,87,10000.0
RTM,2026-08-04,88,10000.0
RTM,2026-08-04,89,10000.0
RTM,2026-08-04,90,10000.0
RTM,2026-08-04,91,10000.0
RTM,2026-08-04,92,10000.0
RTM,2026-08-04,93,10000.0
RTM,2026-08-04,94,10000.0
RTM,2026-08-04,95,10000.0
RTM,2026-08-04,96,10000.0
RTM,2026-08-05,1,9999.31
RTM,2026-08-05,2,5000.68
RTM,2026-08-05,3,3820.93
RTM,2026-08-05,4,3630.9
RTM,2026-08-05,5,2600.65
RTM,2026-08-05,6,2038.58
RTM,2026-08-05,7,3511.19
RTM,2026-08-05,8,3630.52
RTM,2026-08-05,9,3903.34
RTM,2026-08-05,10,3896.54
RTM,2026-08-05,11,3701.0
RTM,2026-08-05,12,3650.75
RTM,2026-08-05,13,3579.64
RTM,2026-08-05,14,3599.61
RTM,2026-08-05,15,2264.19
RTM,2026-08-05,16,1999.1
RTM,2026-08-05,17,1800.91
RTM,2026-08-05,18,1999.37
RTM,2026-08-05,19,2210.58
RTM,2026-08-05,20,3000.57
RTM,2026-08-05,21,2550.93
RTM,2026-08-05,22,2620.35
RTM,2026-08-05,23,3000.55
RTM,2026-08-05,24,3000.37
RTM,2026-08-05,25,3407.51
RTM,2026-08-05,26,4100.08
RTM,2026-08-05,27,4500.7
RTM,2026-08-05,28,3950.4
RTM,2026-08-05,29,3409.41
RTM,2026-08-05,30,3000.66
RTM,2026-08-05,31,2557.55
RTM,2026-08-05,32,1499.06
RTM,2026-08-05,33,2424.22
RTM,2026-08-05,34,2069.55
RTM,2026-08-05,35,2069.66
RTM,2026-08-05,36,2031.58
RTM,2026-08-05,37,2600.17
RTM,2026-08-05,38,2600.52
RTM,2026-08-05,39,2210.99
RTM,2026-08-05,40,999.61
RTM,2026-08-05,41,29.95
RTM,2026-08-05,42,49.28
RTM,2026-08-05,43,399.2
RTM,2026-08-05,44,399.74
RTM,2026-08-05,45,399.47
RTM,2026-08-05,46,399.7
RTM,2026-08-05,47,1500.28
RTM,2026-08-05,48,1510.68
RTM,2026-08-05,49,1541.68
RTM,2026-08-05,50,1500.24
RTM,2026-08-05,51,399.83
RTM,2026-08-05,52,399.5
RTM,2026-08-05,53,399.0
RTM,2026-08-05,54,399.34
RTM,2026-08-05,55,398.35
RTM,2026-08-05,56,398.44
RTM,2026-08-05,57,398.23
RTM,2026-08-05,58,398.52
RTM,2026-08-05,59,1546.65
RTM,2026-08-05,60,1556.15
RTM,2026-08-05,61,1760.6
RTM,2026-08-05,62,1990.13
RTM,2026-08-05,63,1546.14
RTM,2026-08-05,64,1510.93
RTM,2026-08-05,65,1546.04
RTM,2026-08-05,66,2069.72
RTM,2026-08-05,67,2565.48
RTM,2026-08-05,68,2900.03
RTM,2026-08-05,69,2576.11
RTM,2026-08-05,70,3007.3
RTM,2026-08-05,71,3500.72
RTM,2026-08-05,72,3533.64
RTM,2026-08-05,73,2200.31
RTM,2026-08-05,74,2929.26
RTM,2026-08-05,75,4092.55
RTM,2026-08-05,76,5893.7
RTM,2026-08-05,77,6500.08
RTM,2026-08-05,78,10000.0
RTM,2026-08-05,79,10000.0
RTM,2026-08-05,80,10000.0
RTM,2026-08-05,81,10000.0
RTM,2026-08-05,82,10000.0
RTM,2026-08-05,83,10000.0
RTM,2026-08-05,84,10000.0
RTM,2026-08-05,85,10000.0
RTM,2026-08-05,86,10000.0
RTM,2026-08-05,87,10000.0
RTM,2026-08-05,88,10000.0
RTM,2026-08-05,89,10000.0
RTM,2026-08-05,90,10000.0
RTM,2026-08-05,91,10000.0
RTM,2026-08-05,92,10000.0
RTM,2026-08-05,93,10000.0
RTM,2026-08-05,94,10000.0
RTM,2026-08-05,95,3741.37
RTM,2026-08-05,96,2929.45
RTM,2026-08-06,1,1999.78
RTM,2026-08-06,2,2070.11
RTM,2026-08-06,3,3680.49
RTM,2026-08-06,4,3680.35
RTM,2026-08-06,5,3828.49
RTM,2026-08-06,6,3741.91
RTM,2026-08-06,7,3890.0
RTM,2026-08-06,8,3823.06
RTM,2026-08-06,9,3614.94
RTM,2026-08-06,10,3379.61
RTM,2026-08-06,11,3400.29
RTM,2026-08-06,12,3302.1
RTM,2026-08-06,13,2405.01
RTM,2026-08-06,14,2080.95
RTM,2026-08-06,15,2789.46
RTM,2026-08-06,16,2539.27
RTM,2026-08-06,17,3257.01
RTM,2026-08-06,18,3302.18
RTM,2026-08-06,19,3400.62
RTM,2026-08-06,20,3500.57
RTM,2026-08-06,21,3110.08
RTM,2026-08-06,22,3398.6
RTM,2026-08-06,23,3430.09
RTM,2026-08-06,24,3514.61
RTM,2026-08-06,25,3828.72
RTM,2026-08-06,26,3997.3
RTM,2026-08-06,27,4047.82
RTM,2026-08-06,28,3982.27
RTM,2026-08-06,29,3500.14
RTM,2026-08-06,30,3050.44
RTM,2026-08-06,31,2860.02
RTM,2026-08-06,32,1810.26
RTM,2026-08-06,33,2565.26
RTM,2026-08-06,34,2565.55
RTM,2026-08-06,35,2069.53
RTM,2026-08-06,36,2069.22
RTM,2026-08-06,37,1706.55
RTM,2026-08-06,38,1706.54
RTM,2026-08-06,39,999.24
RTM,2026-08-06,40,399.69
RTM,2026-08-06,41,399.68
RTM,2026-08-06,42,399.82
RTM,2026-08-06,43,1000.51
RTM,2026-08-06,44,1000.28
RTM,2026-08-06,45,910.74
RTM,2026-08-06,46,999.99
RTM,2026-08-06,47,910.81
RTM,2026-08-06,48,1499.72
RTM,2026-08-06,49,1475.59
RTM,2026-08-06,50,749.55
RTM,2026-08-06,51,499.8
RTM,2026-08-06,52,399.96
RTM,2026-08-06,53,399.96
RTM,2026-08-06,54,499.33
RTM,2026-08-06,55,1603.75
RTM,2026-08-06,56,1603.97
RTM,2026-08-06,57,1772.3
RTM,2026-08-06,58,2069.41
RTM,2026-08-06,59,2049.6
RTM,2026-08-06,60,2069.01
RTM,2026-08-06,61,2049.51
RTM,2026-08-06,62,2069.88
RTM,2026-08-06,63,2069.07
RTM,2026-08-06,64,2049.25
RTM,2026-08-06,65,1490.3
RTM,2026-08-06,66,2069.25
RTM,2026-08-06,67,2519.66
RTM,2026-08-06,68,2750.62
RTM,2026-08-06,69,2100.22
RTM,2026-08-06,70,2049.12
RTM,2026-08-06,71,1523.73
RTM,2026-08-06,72,2389.99
RTM,2026-08-06,73,1800.46
RTM,2026-08-06,74,2500.12
RTM,2026-08-06,75,3000.5
RTM,2026-08-06,76,2999.13
RTM,2026-08-06,77,4500.34
RTM,2026-08-06,78,5010.9
RTM,2026-08-06,79,5421.64
RTM,2026-08-06,80,5365.96
RTM,2026-08-06,81,5000.05
RTM,2026-08-06,82,5010.1
RTM,2026-08-06,83,4720.72
RTM,2026-08-06,84,4950.71
RTM,2026-08-06,85,4505.87
RTM,2026-08-06,86,4505.31
RTM,2026-08-06,87,4000.73
RTM,2026-08-06,88,4000.66
RTM,2026-08-06,89,4000.29
RTM,2026-08-06,90,4000.43
RTM,2026-08-06,91,4000.78
RTM,2026-08-06,92,3999.64
RTM,2026-08-06,93,3250.25
RTM,2026-08-06,94,2450.32
RTM,2026-08-06,95,1999.02
RTM,2026-08-06,96,1126.5
RTM,2026-08-07,1,2999.39
RTM,2026-08-07,2,2615.56
RTM,2026-08-07,3,2500.07
RTM,2026-08-07,4,2189.31
RTM,2026-08-07,5,2500.19
RTM,2026-08-07,6,2366.64
RTM,2026-08-07,7,2300.43
RTM,2026-08-07,8,2179.38
RTM,2026-08-07,9,2500.16
RTM,2026-08-07,10,2405.81
RTM,2026-08-07,11,2500.7
RTM,2026-08-07,12,2405.82
RTM,2026-08-07,13,2366.46
RTM,2026-08-07,14,2366.71
RTM,2026-08-07,15,2329.15
RTM,2026-08-07,16,2179.1
RTM,2026-08-07,17,2070.47
RTM,2026-08-07,18,2090.22
RTM,2026-08-07,19,2060.36
RTM,2026-08-07,20,2112.22
RTM,2026-08-07,21,2179.65
RTM,2026-08-07,22,2550.1
RTM,2026-08-07,23,2620.32
RTM,2026-08-07,24,3160.26
RTM,2026-08-07,25,3417.51
RTM,2026-08-07,26,3710.96
RTM,2026-08-07,27,3199.27
RTM,2026-08-07,28,3183.86
RTM,2026-08-07,29,2700.18
RTM,2026-08-07,30,2069.49
RTM,2026-08-07,31,99.78
RTM,2026-08-07,32,9.05
RTM,2026-08-07,33,9.85
RTM,2026-08-07,34,19.7
RTM,2026-08-07,35,2000.76
RTM,2026-08-07,36,1546.9
RTM,2026-08-07,37,2069.7
RTM,2026-08-07,38,1475.43
RTM,2026-08-07,39,1400.1
RTM,2026-08-07,40,1400.32
RTM,2026-08-07,41,1546.67
RTM,2026-08-07,42,1590.51
RTM,2026-08-07,43,1689.78
RTM,2026-08-07,44,1696.61
RTM,2026-08-07,45,1603.75
RTM,2026-08-07,46,1572.79
RTM,2026-08-07,47,1603.58
RTM,2026-08-07,48,1603.19
RTM,2026-08-07,49,399.71
RTM,2026-08-07,50,399.77
RTM,2026-08-07,51,399.18
RTM,2026-08-07,52,399.33
RTM,2026-08-07,53,49.63
RTM,2026-08-07,54,49.17
RTM,2026-08-07,55,49.22
RTM,2026-08-07,56,399.12
RTM,2026-08-07,57,48.76
RTM,2026-08-07,58,99.86
RTM,2026-08-07,59,99.03
RTM,2026-08-07,60,29.96
RTM,2026-08-07,61,39.66
RTM,2026-08-07,62,99.71
RTM,2026-08-07,63,1603.21
RTM,2026-08-07,64,1410.31
RTM,2026-08-07,65,1510.83
RTM,2026-08-07,66,1523.76
RTM,2026-08-07,67,599.61
RTM,2026-08-07,68,1999.82
RTM,2026-08-07,69,499.91
RTM,2026-08-07,70,1310.62
RTM,2026-08-07,71,2119.76
RTM,2026-08-07,72,2500.95
RTM,2026-08-07,73,999.88
RTM,2026-08-07,74,2000.74
RTM,2026-08-07,75,3000.74
RTM,2026-08-07,76,3630.42
RTM,2026-08-07,77,4258.08
RTM,2026-08-07,78,4395.13
RTM,2026-08-07,79,4743.61
RTM,2026-08-07,80,4743.72
RTM,2026-08-07,81,4410.48
RTM,2026-08-07,82,4400.34
RTM,2026-08-07,83,3344.12
RTM,2026-08-07,84,3468.34
RTM,2026-08-07,85,4000.71
RTM,2026-08-07,86,4098.93
RTM,2026-08-07,87,4000.17
RTM,2026-08-07,88,3999.11
RTM,2026-08-07,89,3908.73
RTM,2026-08-07,90,3938.73
RTM,2026-08-07,91,4010.07
RTM,2026-08-07,92,4000.49
RTM,2026-08-07,93,3839.92
RTM,2026-08-07,94,3614.2
RTM,2026-08-07,95,3237.6
RTM,2026-08-07,96,2069.73
RTM,2026-08-08,1,2558.81
RTM,2026-08-08,2,2800.79
RTM,2026-08-08,3,3183.09
RTM,2026-08-08,4,3183.03
RTM,2026-08-08,5,3160.63
RTM,2026-08-08,6,2730.06
RTM,2026-08-08,7,2439.14
RTM,2026-08-08,8,2150.64
RTM,2026-08-08,9,2290.65
RTM,2026-08-08,10,2410.39
RTM,2026-08-08,11,2620.93
RTM,2026-08-08,12,2604.58
RTM,2026-08-08,13,2410.44
RTM,2026-08-08,14,2410.14
RTM,2026-08-08,15,2730.83
RTM,2026-08-08,16,2782.26
RTM,2026-08-08,17,2069.57
RTM,2026-08-08,18,2000.49
RTM,2026-08-08,19,2119.18
RTM,2026-08-08,20,2519.72
RTM,2026-08-08,21,2732.25
RTM,2026-08-08,22,2912.0
RTM,2026-08-08,23,3430.3
RTM,2026-08-08,24,3160.52
RTM,2026-08-08,25,2514.77
RTM,2026-08-08,26,3050.81
RTM,2026-08-08,27,3160.82
RTM,2026-08-08,28,3000.09
RTM,2026-08-08,29,3175.59
RTM,2026-08-08,30,2512.31
RTM,2026-08-08,31,2500.4
RTM,2026-08-08,32,2119.51
RTM,2026-08-08,33,2049.04
RTM,2026-08-08,34,2054.17
RTM,2026-08-08,35,2466.1
RTM,2026-08-08,36,2423.55
RTM,2026-08-08,37,1706.72
RTM,2026-08-08,38,1690.38
RTM,2026-08-08,39,1480.78
RTM,2026-08-08,40,1480.22
RTM,2026-08-08,41,399.53
RTM,2026-08-08,42,666.0
RTM,2026-08-08,43,1417.27
RTM,2026-08-08,44,1480.43
RTM,2026-08-08,45,1523.34
RTM,2026-08-08,46,1490.38
RTM,2026-08-08,47,99.7
RTM,2026-08-08,48,99.46
RTM,2026-08-08,49,23.68
RTM,2026-08-08,50,29.47
RTM,2026-08-08,51,9.04
RTM,2026-08-08,52,0.93
RTM,2026-08-08,53,0.81
RTM,2026-08-08,54,0.81
RTM,2026-08-08,55,0.68
RTM,2026-08-08,56,0.95
RTM,2026-08-08,57,23.72
RTM,2026-08-08,58,49.53
RTM,2026-08-08,59,99.22
RTM,2026-08-08,60,599.86
RTM,2026-08-08,61,1523.21
RTM,2026-08-08,62,1585.77
RTM,2026-08-08,63,1603.87
RTM,2026-08-08,64,1523.81
RTM,2026-08-08,65,1572.4
RTM,2026-08-08,66,2050.06
RTM,2026-08-08,67,2331.0
RTM,2026-08-08,68,2469.44
RTM,2026-08-08,69,2405.1
RTM,2026-08-08,70,2490.79
RTM,2026-08-08,71,2500.74
RTM,2026-08-08,72,2405.63
RTM,2026-08-08,73,999.52
RTM,2026-08-08,74,2423.77
RTM,2026-08-08,75,2880.03
RTM,2026-08-08,76,3795.34
RTM,2026-08-08,77,4340.75
RTM,2026-08-08,78,5200.72
RTM,2026-08-08,79,4720.49
RTM,2026-08-08,80,4704.13
RTM,2026-08-08,81,4550.31
RTM,2026-08-08,82,4430.35
RTM,2026-08-08,83,4916.48
RTM,2026-08-08,84,5000.14
RTM,2026-08-08,85,5000.27
RTM,2026-08-08,86,5000.26
RTM,2026-08-08,87,5050.75
RTM,2026-08-08,88,5000.41
RTM,2026-08-08,89,4510.19
RTM,2026-08-08,90,4663.4
RTM,2026-08-08,91,5365.68
RTM,2026-08-08,92,5241.9
RTM,2026-08-08,93,4500.52
RTM,2026-08-08,94,4000.67
RTM,2026-08-08,95,3540.3
RTM,2026-08-08,96,3189.49
RTM,2026-08-09,1,2897.28
RTM,2026-08-09,2,3020.72
RTM,2026-08-09,3,3561.41
RTM,2026-08-09,4,3580.79
RTM,2026-08-09,5,3800.76
RTM,2026-08-09,6,3710.43
RTM,2026-08-09,7,3579.63
RTM,2026-08-09,8,3632.06
RTM,2026-08-09,9,3257.92
RTM,2026-08-09,10,3253.3
RTM,2026-08-09,11,3200.38
RTM,2026-08-09,12,2929.2
RTM,2026-08-09,13,1999.89
RTM,2026-08-09,14,1999.87
RTM,2026-08-09,15,2151.93
RTM,2026-08-09,16,2305.75
RTM,2026-08-09,17,2565.25
RTM,2026-08-09,18,2789.6
RTM,2026-08-09,19,2610.91
RTM,2026-08-09,20,2830.7
RTM,2026-08-09,21,3113.14
RTM,2026-08-09,22,3253.77
RTM,2026-08-09,23,3398.18
RTM,2026-08-09,24,3693.38
RTM,2026-08-09,25,3417.4
RTM,2026-08-09,26,3638.38
RTM,2026-08-09,27,3417.88
RTM,2026-08-09,28,3000.11
RTM,2026-08-09,29,1999.86
RTM,2026-08-09,30,1999.93
RTM,2026-08-09,31,2112.77
RTM,2026-08-09,32,498.03
RTM,2026-08-09,33,2340.39
RTM,2026-08-09,34,2469.24
RTM,2026-08-09,35,1772.19
RTM,2026-08-09,36,99.44
RTM,2026-08-09,37,999.77
RTM,2026-08-09,38,49.01
RTM,2026-08-09,39,29.21
RTM,2026-08-09,40,29.08
RTM,2026-08-09,41,48.52
RTM,2026-08-09,42,29.69
RTM,2026-08-09,43,99.7
RTM,2026-08-09,44,399.13
RTM,2026-08-09,45,49.98
RTM,2026-08-09,46,99.11
RTM,2026-08-09,47,29.79
RTM,2026-08-09,48,29.88
RTM,2026-08-09,49,29.52
RTM,2026-08-09,50,29.6
RTM,2026-08-09,51,29.62
RTM,2026-08-09,52,29.61
RTM,2026-08-09,53,29.1
RTM,2026-08-09,54,29.26
RTM,2026-08-09,55,29.55
RTM,2026-08-09,56,29.85
RTM,2026-08-09,57,29.94
RTM,2026-08-09,58,49.45
RTM,2026-08-09,59,399.22
RTM,2026-08-09,60,399.54
RTM,2026-08-09,61,900.57
RTM,2026-08-09,62,1300.07
RTM,2026-08-09,63,1524.11
RTM,2026-08-09,64,1603.59
RTM,2026-08-09,65,399.57
RTM,2026-08-09,66,1000.56
RTM,2026-08-09,67,1603.56
RTM,2026-08-09,68,2019.68
RTM,2026-08-09,69,2405.44
RTM,2026-08-09,70,2500.57
RTM,2026-08-09,71,2184.57
RTM,2026-08-09,72,2099.71
RTM,2026-08-09,73,498.6
RTM,2026-08-09,74,1499.18
RTM,2026-08-09,75,499.29
RTM,2026-08-09,76,1500.36
RTM,2026-08-09,77,3238.48
RTM,2026-08-09,78,3638.15
RTM,2026-08-09,79,4118.21
RTM,2026-08-09,80,4044.88
RTM,2026-08-09,81,4044.61
RTM,2026-08-09,82,4000.19
RTM,2026-08-09,83,4810.33
RTM,2026-08-09,84,5014.4
RTM,2026-08-09,85,5249.72
RTM,2026-08-09,86,5130.86
RTM,2026-08-09,87,5345.38
RTM,2026-08-09,88,5345.15
RTM,2026-08-09,89,5345.96
RTM,2026-08-09,90,5500.5
RTM,2026-08-09,91,5365.68
RTM,2026-08-09,92,5300.94
RTM,2026-08-09,93,5000.36
RTM,2026-08-09,94,4630.77
RTM,2026-08-09,95,3999.07
RTM,2026-08-09,96,3299.54
RTM,2026-08-10,1,3500.12
RTM,2026-08-10,2,3997.74
RTM,2026-08-10,3,4000.03
RTM,2026-08-10,4,3839.21
RTM,2026-08-10,5,3769.96
RTM,2026-08-10,6,3787.58
RTM,2026-08-10,7,3400.77
RTM,2026-08-10,8,3206.06
RTM,2026-08-10,9,3650.01
RTM,2026-08-10,10,3800.09
RTM,2026-08-10,11,3409.37
RTM,2026-08-10,12,3404.58
RTM,2026-08-10,13,2506.72
RTM,2026-08-10,14,2441.0
RTM,2026-08-10,15,2905.72
RTM,2026-08-10,16,3000.33
RTM,2026-08-10,17,2620.65
RTM,2026-08-10,18,2605.08
RTM,2026-08-10,19,2999.57
RTM,2026-08-10,20,3257.11
RTM,2026-08-10,21,3319.8
RTM,2026-08-10,22,3580.46
RTM,2026-08-10,23,3903.3
RTM,2026-08-10,24,3903.63
RTM,2026-08-10,25,4043.97
RTM,2026-08-10,26,4074.66
RTM,2026-08-10,27,4950.24
RTM,2026-08-10,28,4374.75
RTM,2026-08-10,29,3614.13
RTM,2026-08-10,30,3398.73
RTM,2026-08-10,31,3160.3
RTM,2026-08-10,32,2500.43
RTM,2026-08-10,33,2830.09
RTM,2026-08-10,34,2860.44
RTM,2026-08-10,35,2980.4
RTM,2026-08-10,36,3000.36
RTM,2026-08-10,37,2184.87
RTM,2026-08-10,38,1901.38
RTM,2026-08-10,39,1499.19
RTM,2026-08-10,40,1523.56
RTM,2026-08-10,41,2027.54
RTM,2026-08-10,42,1772.42
RTM,2026-08-10,43,1706.53
RTM,2026-08-10,44,1706.02
RTM,2026-08-10,45,1706.43
RTM,2026-08-10,46,2054.79
RTM,2026-08-10,47,1603.52
RTM,2026-08-10,48,1603.72
RTM,2026-08-10,49,1476.77
RTM,2026-08-10,50,1475.87
RTM,2026-08-10,51,399.96
RTM,2026-08-10,52,399.81
RTM,2026-08-10,53,399.21
RTM,2026-08-10,54,399.44
RTM,2026-08-10,55,1099.9
RTM,2026-08-10,56,1499.98
RTM,2026-08-10,57,1689.66
RTM,2026-08-10,58,2100.9
RTM,2026-08-10,59,2305.82
RTM,2026-08-10,60,2514.59
RTM,2026-08-10,61,2848.24
RTM,2026-08-10,62,2684.64
RTM,2026-08-10,63,2405.84
RTM,2026-08-10,64,2539.94
RTM,2026-08-10,65,2405.43
RTM,2026-08-10,66,2405.1
RTM,2026-08-10,67,2519.94
RTM,2026-08-10,68,3343.11
RTM,2026-08-10,69,3533.24
RTM,2026-08-10,70,3539.02
RTM,2026-08-10,71,3638.9
RTM,2026-08-10,72,3795.81
RTM,2026-08-10,73,3310.44
RTM,2026-08-10,74,5000.66
RTM,2026-08-10,75,4000.48
RTM,2026-08-10,76,4778.95
RTM,2026-08-10,77,5280.98
RTM,2026-08-10,78,10000.0
RTM,2026-08-10,79,10000.0
RTM,2026-08-10,80,10000.0
RTM,2026-08-10,81,10000.0
RTM,2026-08-10,82,10000.0
RTM,2026-08-10,83,10000.0
RTM,2026-08-10,84,10000.0
RTM,2026-08-10,85,10000.0
RTM,2026-08-10,86,10000.0
RTM,2026-08-10,87,10000.0
RTM,2026-08-10,88,10000.0
RTM,2026-08-10,89,10000.0
RTM,2026-08-10,90,10000.0
RTM,2026-08-10,91,10000.0
RTM,2026-08-10,92,10000.0
RTM,2026-08-10,93,10000.0
RTM,2026-08-10,94,10000.0
RTM,2026-08-10,95,3910.29
RTM,2026-08-10,96,3780.75
RTM,2026-08-11,1,3499.31
RTM,2026-08-11,2,3876.21
RTM,2026-08-11,3,3839.56
RTM,2026-08-11,4,3700.29
RTM,2026-08-11,5,4000.07
RTM,2026-08-11,6,3650.25
RTM,2026-08-11,7,3398.2
RTM,2026-08-11,8,3257.97
RTM,2026-08-11,9,3257.8
RTM,2026-08-11,10,3160.99
RTM,2026-08-11,11,3257.41
RTM,2026-08-11,12,3257.72
RTM,2026-08-11,13,3019.05
RTM,2026-08-11,14,2966.98
RTM,2026-08-11,15,2860.06
RTM,2026-08-11,16,2860.15
RTM,2026-08-11,17,3398.27
RTM,2026-08-11,18,3398.49
RTM,2026-08-11,19,3199.73
RTM,2026-08-11,20,3210.64
RTM,2026-08-11,21,3500.5
RTM,2026-08-11,22,4098.25
RTM,2026-08-11,23,4689.12
RTM,2026-08-11,24,5345.19
RTM,2026-08-11,25,6253.22
RTM,2026-08-11,26,7697.89
RTM,2026-08-11,27,7666.71
RTM,2026-08-11,28,6000.39
RTM,2026-08-11,29,6520.91
RTM,2026-08-11,30,6253.94
RTM,2026-08-11,31,4159.12
RTM,2026-08-11,32,3276.24
RTM,2026-08-11,33,3160.38
RTM,2026-08-11,34,3130.55
RTM,2026-08-11,35,3162.01
RTM,2026-08-11,36,3323.03
RTM,2026-08-11,37,3511.47
RTM,2026-08-11,38,3299.54
RTM,2026-08-11,39,3419.72
RTM,2026-08-11,40,3278.24
RTM,2026-08-11,41,2558.19
RTM,2026-08-11,42,2558.79
RTM,2026-08-11,43,2615.53
RTM,2026-08-11,44,2529.27
RTM,2026-08-11,45,2519.24
RTM,2026-08-11,46,2620.82
RTM,2026-08-11,47,2893.79
RTM,2026-08-11,48,3012.18
RTM,2026-08-11,49,2558.19
RTM,2026-08-11,50,2305.11
RTM,2026-08-11,51,1749.34
RTM,2026-08-11,52,1749.89
RTM,2026-08-11,53,1859.71
RTM,2026-08-11,54,2099.01
RTM,2026-08-11,55,2405.45
RTM,2026-08-11,56,2466.18
RTM,2026-08-11,57,2395.97
RTM,2026-08-11,58,2400.6
RTM,2026-08-11,59,2466.87
RTM,2026-08-11,60,2539.41
RTM,2026-08-11,61,2099.71
RTM,2026-08-11,62,2099.83
RTM,2026-08-11,63,2789.36
RTM,2026-08-11,64,3253.89
RTM,2026-08-11,65,3287.03
RTM,2026-08-11,66,3417.13
RTM,2026-08-11,67,3644.37
RTM,2026-08-11,68,3823.63
RTM,2026-08-11,69,3539.54
RTM,2026-08-11,70,3812.13
RTM,2026-08-11,71,4047.35
RTM,2026-08-11,72,4816.52
RTM,2026-08-11,73,4497.85
RTM,2026-08-11,74,5421.18
RTM,2026-08-11,75,6500.27
RTM,2026-08-11,76,10000.0
RTM,2026-08-11,77,10000.0
RTM,2026-08-11,78,10000.0
RTM,2026-08-11,79,10000.0
RTM,2026-08-11,80,10000.0
RTM,2026-08-11,81,10000.0
RTM,2026-08-11,82,10000.0
RTM,2026-08-11,83,10000.0
RTM,2026-08-11,84,10000.0
RTM,2026-08-11,85,10000.0
RTM,2026-08-11,86,10000.0
RTM,2026-08-11,87,10000.0
RTM,2026-08-11,88,10000.0
RTM,2026-08-11,89,10000.0
RTM,2026-08-11,90,10000.0
RTM,2026-08-11,91,10000.0
RTM,2026-08-11,92,10000.0
RTM,2026-08-11,93,10000.0
RTM,2026-08-11,94,10000.0
RTM,2026-08-11,95,10000.0
RTM,2026-08-11,96,10000.0
RTM,2026-08-12,1,10000.0
RTM,2026-08-12,2,10000.0
RTM,2026-08-12,3,5388.14
RTM,2026-08-12,4,4569.68
RTM,2026-08-12,5,3999.25
RTM,2026-08-12,6,3999.86
RTM,2026-08-12,7,4620.29
RTM,2026-08-12,8,4497.39
RTM,2026-08-12,9,5345.79
RTM,2026-08-12,10,5086.77
RTM,2026-08-12,11,4620.49
RTM,2026-08-12,12,4395.59
RTM,2026-08-12,13,3992.19
RTM,2026-08-12,14,3707.71
RTM,2026-08-12,15,3500.67
RTM,2026-08-12,16,3450.26
RTM,2026-08-12,17,3398.44
RTM,2026-08-12,18,3423.23
RTM,2026-08-12,19,3650.07
RTM,2026-08-12,20,4010.93
RTM,2026-08-12,21,5345.16
RTM,2026-08-12,22,5375.88
RTM,2026-08-12,23,6253.43
RTM,2026-08-12,24,6542.17
RTM,2026-08-12,25,7904.8
RTM,2026-08-12,26,10000.0
RTM,2026-08-12,27,10000.0
RTM,2026-08-12,28,10000.0
RTM,2026-08-12,29,5345.85
RTM,2026-08-12,30,4000.97
RTM,2026-08-12,31,4010.26
RTM,2026-08-12,32,3500.66
RTM,2026-08-12,33,3100.41
RTM,2026-08-12,34,3189.14
RTM,2026-08-12,35,3050.32
RTM,2026-08-12,36,3430.44
RTM,2026-08-12,37,3500.37
RTM,2026-08-12,38,3398.23
RTM,2026-08-12,39,3000.24
RTM,2026-08-12,40,2405.49
RTM,2026-08-12,41,2300.28
RTM,2026-08-12,42,2184.04
RTM,2026-08-12,43,2400.24
RTM,2026-08-12,44,2112.72
RTM,2026-08-12,45,2069.26
RTM,2026-08-12,46,2400.95
RTM,2026-08-12,47,1799.47
RTM,2026-08-12,48,1799.31
RTM,2026-08-12,49,1875.02
RTM,2026-08-12,50,1875.76
RTM,2026-08-12,51,2519.83
RTM,2026-08-12,52,2514.68
RTM,2026-08-12,53,2519.57
RTM,2026-08-12,54,2539.13
RTM,2026-08-12,55,2466.41
RTM,2026-08-12,56,2558.54
RTM,2026-08-12,57,2789.37
RTM,2026-08-12,58,3343.96
RTM,2026-08-12,59,3200.72
RTM,2026-08-12,60,3257.72
RTM,2026-08-12,61,3160.16
RTM,2026-08-12,62,3379.26
RTM,2026-08-12,63,3399.44
RTM,2026-08-12,64,3896.17
RTM,2026-08-12,65,3417.91
RTM,2026-08-12,66,3823.25
RTM,2026-08-12,67,4012.41
RTM,2026-08-12,68,4100.98
RTM,2026-08-12,69,4044.51
RTM,2026-08-12,70,5000.2
RTM,2026-08-12,71,7337.78
RTM,2026-08-12,72,8644.62
RTM,2026-08-12,73,5365.56
RTM,2026-08-12,74,10000.0
RTM,2026-08-12,75,10000.0
RTM,2026-08-12,76,10000.0
RTM,2026-08-12,77,10000.0
RTM,2026-08-12,78,10000.0
RTM,2026-08-12,79,10000.0
RTM,2026-08-12,80,10000.0
RTM,2026-08-12,81,10000.0
RTM,2026-08-12,82,10000.0
RTM,2026-08-12,83,10000.0
RTM,2026-08-12,84,10000.0
RTM,2026-08-12,85,10000.0
RTM,2026-08-12,86,10000.0
RTM,2026-08-12,87,10000.0
RTM,2026-08-12,88,10000.0
RTM,2026-08-12,89,10000.0
RTM,2026-08-12,90,10000.0
RTM,2026-08-12,91,10000.0
RTM,2026-08-12,92,10000.0
RTM,2026-08-12,93,10000.0
RTM,2026-08-12,94,10000.0
RTM,2026-08-12,95,10000.0
RTM,2026-08-12,96,10000.0
RTM,2026-08-13,1,10000.0
RTM,2026-08-13,2,10000.0
RTM,2026-08-13,3,10000.0
RTM,2026-08-13,4,10000.0
RTM,2026-08-13,5,10000.0
RTM,2026-08-13,6,10000.0
RTM,2026-08-13,7,6421.55
RTM,2026-08-13,8,4715.43
RTM,2026-08-13,9,9999.71
RTM,2026-08-13,10,10000.0
RTM,2026-08-13,11,5509.11
RTM,2026-08-13,12,5365.68
RTM,2026-08-13,13,5726.7
RTM,2026-08-13,14,5346.0
RTM,2026-08-13,15,5854.18
RTM,2026-08-13,16,5755.08
RTM,2026-08-13,17,5345.98
RTM,2026-08-13,18,5249.83
RTM,2026-08-13,19,4140.32
RTM,2026-08-13,20,4010.44
RTM,2026-08-13,21,4533.92
RTM,2026-08-13,22,7000.6
RTM,2026-08-13,23,10000.0
RTM,2026-08-13,24,10000.0
RTM,2026-08-13,25,10000.0
RTM,2026-08-13,26,10000.0
RTM,2026-08-13,27,10000.0
RTM,2026-08-13,28,10000.0
RTM,2026-08-13,29,10000.0
RTM,2026-08-13,30,10000.0
RTM,2026-08-13,31,4999.31
RTM,2026-08-13,32,3600.41
RTM,2026-08-13,33,3614.26
RTM,2026-08-13,34,3310.74
RTM,2026-08-13,35,3308.3
RTM,2026-08-13,36,3379.34
RTM,2026-08-13,37,2099.8
RTM,2026-08-13,38,199.19
RTM,2026-08-13,39,489.99
RTM,2026-08-13,40,399.6
RTM,2026-08-13,41,944.14
RTM,2026-08-13,42,1888.35
RTM,2026-08-13,43,2000.24
RTM,2026-08-13,44,1603.4
RTM,2026-08-13,45,2000.82
RTM,2026-08-13,46,2069.03
RTM,2026-08-13,47,2069.54
RTM,2026-08-13,48,2099.54
RTM,2026-08-13,49,2069.16
RTM,2026-08-13,50,2069.57
RTM,2026-08-13,51,2069.97
RTM,2026-08-13,52,2112.16
RTM,2026-08-13,53,1499.48
RTM,2026-08-13,54,1572.32
RTM,2026-08-13,55,1772.12
RTM,2026-08-13,56,2069.13
RTM,2026-08-13,57,1689.43
RTM,2026-08-13,58,2069.19
RTM,2026-08-13,59,2069.39
RTM,2026-08-13,60,2423.73
RTM,2026-08-13,61,2558.86
RTM,2026-08-13,62,2700.79
RTM,2026-08-13,63,2500.34
RTM,2026-08-13,64,2611.68
RTM,2026-08-13,65,3000.75
RTM,2026-08-13,66,3000.82
RTM,2026-08-13,67,3561.89
RTM,2026-08-13,68,3600.15
RTM,2026-08-13,69,3250.08
RTM,2026-08-13,70,3417.95
RTM,2026-08-13,71,3889.09
RTM,2026-08-13,72,4044.55
RTM,2026-08-13,73,3400.17
RTM,2026-08-13,74,4044.33
RTM,2026-08-13,75,5500.74
RTM,2026-08-13,76,10000.0
RTM,2026-08-13,77,10000.0
RTM,2026-08-13,78,10000.0
RTM,2026-08-13,79,10000.0
RTM,2026-08-13,80,10000.0
RTM,2026-08-13,81,10000.0
RTM,2026-08-13,82,10000.0
RTM,2026-08-13,83,10000.0
RTM,2026-08-13,84,10000.0
RTM,2026-08-13,85,10000.0
RTM,2026-08-13,86,10000.0
RTM,2026-08-13,87,10000.0
RTM,2026-08-13,88,10000.0
RTM,2026-08-13,89,10000.0
RTM,2026-08-13,90,10000.0
RTM,2026-08-13,91,10000.0
RTM,2026-08-13,92,10000.0
RTM,2026-08-13,93,10000.0
RTM,2026-08-13,94,10000.0
RTM,2026-08-13,95,10000.0
RTM,2026-08-13,96,10000.0
RTM,2026-08-14,1,10000.0
RTM,2026-08-14,2,10000.0
RTM,2026-08-14,3,10000.0
RTM,2026-08-14,4,10000.0
RTM,2026-08-14,5,10000.0
RTM,2026-08-14,6,10000.0
RTM,2026-08-14,7,7666.34
RTM,2026-08-14,8,5000.01
RTM,2026-08-14,9,4574.93
RTM,2026-08-14,10,4013.49
RTM,2026-08-14,11,4010.91
RTM,2026-08-14,12,3880.95
RTM,2026-08-14,13,4538.48
RTM,2026-08-14,14,3800.36
RTM,2026-08-14,15,4000.0
RTM,2026-08-14,16,3700.94
RTM,2026-08-14,17,3960.22
RTM,2026-08-14,18,3741.99
RTM,2026-08-14,19,4999.6
RTM,2026-08-14,20,5365.24
RTM,2026-08-14,21,5345.54
RTM,2026-08-14,22,5726.45
RTM,2026-08-14,23,6501.02
RTM,2026-08-14,24,6501.51
RTM,2026-08-14,25,10000.0
RTM,2026-08-14,26,10000.0
RTM,2026-08-14,27,10000.0
RTM,2026-08-14,28,10000.0
RTM,2026-08-14,29,10000.0
RTM,2026-08-14,30,5086.38
RTM,2026-08-14,31,3800.3
RTM,2026-08-14,32,2790.9
RTM,2026-08-14,33,2929.76
RTM,2026-08-14,34,3206.11
RTM,2026-08-14,35,3323.26
RTM,2026-08-14,36,3210.36
RTM,2026-08-14,37,2189.76
RTM,2026-08-14,38,99.32
RTM,2026-08-14,39,299.76
RTM,2026-08-14,40,399.85
RTM,2026-08-14,41,1361.77
RTM,2026-08-14,42,1772.6
RTM,2026-08-14,43,1859.96
RTM,2026-08-14,44,2000.46
RTM,2026-08-14,45,2099.93
RTM,2026-08-14,46,2119.11
RTM,2026-08-14,47,2032.11
RTM,2026-08-14,48,2012.03
RTM,2026-08-14,49,1524.37
RTM,2026-08-14,50,1689.8
RTM,2026-08-14,51,1689.02
RTM,2026-08-14,52,1575.97
RTM,2026-08-14,53,498.46
RTM,2026-08-14,54,749.0
RTM,2026-08-14,55,498.49
RTM,2026-08-14,56,1112.3
RTM,2026-08-14,57,1300.5
RTM,2026-08-14,58,1689.89
RTM,2026-08-14,59,1674.98
RTM,2026-08-14,60,1949.98
RTM,2026-08-14,61,2305.67
RTM,2026-08-14,62,2519.52
RTM,2026-08-14,63,2000.87
RTM,2026-08-14,64,2069.52
RTM,2026-08-14,65,1165.5
RTM,2026-08-14,66,1586.0
RTM,2026-08-14,67,2519.52
RTM,2026-08-14,68,3001.47
RTM,2026-08-14,69,2262.21
RTM,2026-08-14,70,2820.5
RTM,2026-08-14,71,3200.12
RTM,2026-08-14,72,3000.68
RTM,2026-08-14,73,1999.37
RTM,2026-08-14,74,3800.34
RTM,2026-08-14,75,3800.1
RTM,2026-08-14,76,5010.45
RTM,2026-08-14,77,5700.49
RTM,2026-08-14,78,7165.0
RTM,2026-08-14,79,6600.25
RTM,2026-08-14,80,9999.27
RTM,2026-08-14,81,6163.41
RTM,2026-08-14,82,6416.3
RTM,2026-08-14,83,10000.0
RTM,2026-08-14,84,10000.0
RTM,2026-08-14,85,9999.72
RTM,2026-08-14,86,10000.0
RTM,2026-08-14,87,9999.81
RTM,2026-08-14,88,7999.69
RTM,2026-08-14,89,10000.0
RTM,2026-08-14,90,10000.0
RTM,2026-08-14,91,5388.77
RTM,2026-08-14,92,5139.06
RTM,2026-08-14,93,4886.02
RTM,2026-08-14,94,4510.24
RTM,2026-08-14,95,3400.07
RTM,2026-08-14,96,2999.65
RTM,2026-08-15,1,4011.46
RTM,2026-08-15,2,3910.02
RTM,2026-08-15,3,3650.64
RTM,2026-08-15,4,3551.82
RTM,2026-08-15,5,3891.7
RTM,2026-08-15,6,3910.33
RTM,2026-08-15,7,3650.24
RTM,2026-08-15,8,3500.61
RTM,2026-08-15,9,3550.45
RTM,2026-08-15,10,3200.86
RTM,2026-08-15,11,3500.55
RTM,2026-08-15,12,3500.24
RTM,2026-08-15,13,2514.89
RTM,2026-08-15,14,2900.2
RTM,2026-08-15,15,3080.83
RTM,2026-08-15,16,2998.25
RTM,2026-08-15,17,3295.04
RTM,2026-08-15,18,3310.68
RTM,2026-08-15,19,3500.9
RTM,2026-08-15,20,3741.56
RTM,2026-08-15,21,4098.17
RTM,2026-08-15,22,5006.39
RTM,2026-08-15,23,4098.59
RTM,2026-08-15,24,4569.62
RTM,2026-08-15,25,5800.46
RTM,2026-08-15,26,6520.41
RTM,2026-08-15,27,6000.4
RTM,2026-08-15,28,4820.68
RTM,2026-08-15,29,3850.33
RTM,2026-08-15,30,3630.37
RTM,2026-08-15,31,3200.21
RTM,2026-08-15,32,2620.26
RTM,2026-08-15,33,2514.84
RTM,2026-08-15,34,2112.79
RTM,2026-08-15,35,1772.35
RTM,2026-08-15,36,1524.52
RTM,2026-08-15,37,275.33
RTM,2026-08-15,38,29.25
RTM,2026-08-15,39,29.58
RTM,2026-08-15,40,39.56
RTM,2026-08-15,41,0.84
RTM,2026-08-15,42,0.79
RTM,2026-08-15,43,0.66
RTM,2026-08-15,44,0.67
RTM,2026-08-15,45,9.18
RTM,2026-08-15,46,9.85
RTM,2026-08-15,47,23.03
RTM,2026-08-15,48,23.34
RTM,2026-08-15,49,9.06
RTM,2026-08-15,50,9.33
RTM,2026-08-15,51,1.98
RTM,2026-08-15,52,1.63
RTM,2026-08-15,53,0.84
RTM,2026-08-15,54,0.79
RTM,2026-08-15,55,0.79
RTM,2026-08-15,56,0.88
RTM,2026-08-15,57,9.44
RTM,2026-08-15,58,23.11
RTM,2026-08-15,59,23.72
RTM,2026-08-15,60,23.84
RTM,2026-08-15,61,29.71
RTM,2026-08-15,62,29.07
RTM,2026-08-15,63,29.17
RTM,2026-08-15,64,23.73
RTM,2026-08-15,65,1000.08
RTM,2026-08-15,66,1440.54
RTM,2026-08-15,67,1523.7
RTM,2026-08-15,68,1706.18
RTM,2026-08-15,69,1523.96
RTM,2026-08-15,70,2350.34
RTM,2026-08-15,71,2379.21
RTM,2026-08-15,72,2519.21
RTM,2026-08-15,73,1499.08
RTM,2026-08-15,74,2069.83
RTM,2026-08-15,75,2069.73
RTM,2026-08-15,76,2800.06
RTM,2026-08-15,77,3379.93
RTM,2026-08-15,78,3417.86
RTM,2026-08-15,79,3463.74
RTM,2026-08-15,80,3500.1
RTM,2026-08-15,81,3181.36
RTM,2026-08-15,82,3132.72
RTM,2026-08-15,83,3720.32
RTM,2026-08-15,84,3930.69
RTM,2026-08-15,85,4509.4
RTM,2026-08-15,86,4640.07
RTM,2026-08-15,87,4089.47
RTM,2026-08-15,88,4000.69
RTM,2026-08-15,89,4300.29
RTM,2026-08-15,90,4440.6
RTM,2026-08-15,91,4500.24
RTM,2026-08-15,92,4400.46
RTM,2026-08-15,93,3500.1
RTM,2026-08-15,94,3191.44
RTM,2026-08-15,95,1487.76
RTM,2026-08-15,96,1487.37
RTM,2026-08-16,1,3417.35
RTM,2026-08-16,2,3289.1
RTM,2026-08-16,3,3539.07
RTM,2026-08-16,4,3417.12
RTM,2026-08-16,5,3332.96
RTM,2026-08-16,6,3019.85
RTM,2026-08-16,7,3310.28
RTM,2026-08-16,8,3239.13
RTM,2026-08-16,9,3000.68
RTM,2026-08-16,10,2789.69
RTM,2026-08-16,11,2709.17
RTM,2026-08-16,12,3100.35
RTM,2026-08-16,13,2500.18
RTM,2026-08-16,14,2500.02
RTM,2026-08-16,15,3199.86
RTM,2026-08-16,16,3199.07
RTM,2026-08-16,17,3199.05
RTM,2026-08-16,18,3100.99
RTM,2026-08-16,19,2500.74
RTM,2026-08-16,20,2900.31
RTM,2026-08-16,21,3300.37
RTM,2026-08-16,22,3500.12
RTM,2026-08-16,23,3889.52
RTM,2026-08-16,24,3979.23
RTM,2026-08-16,25,4999.81
RTM,2026-08-16,26,5345.45
RTM,2026-08-16,27,5345.67
RTM,2026-08-16,28,4370.15
RTM,2026-08-16,29,3600.31
RTM,2026-08-16,30,3189.53
RTM,2026-08-16,31,2069.18
RTM,2026-08-16,32,99.64
RTM,2026-08-16,33,1399.26
RTM,2026-08-16,34,1475.66
RTM,2026-08-16,35,29.29
RTM,2026-08-16,36,9.41
RTM,2026-08-16,37,29.76
RTM,2026-08-16,38,49.17
RTM,2026-08-16,39,399.95
RTM,2026-08-16,40,399.41
RTM,2026-08-16,41,399.51
RTM,2026-08-16,42,399.28
RTM,2026-08-16,43,399.47
RTM,2026-08-16,44,399.58
RTM,2026-08-16,45,399.57
RTM,2026-08-16,46,399.66
RTM,2026-08-16,47,1010.12
RTM,2026-08-16,48,899.43
RTM,2026-08-16,49,399.68
RTM,2026-08-16,50,399.61
RTM,2026-08-16,51,399.3
RTM,2026-08-16,52,399.2
RTM,2026-08-16,53,399.04
RTM,2026-08-16,54,399.04
RTM,2026-08-16,55,399.09
RTM,2026-08-16,56,399.3
RTM,2026-08-16,57,399.67
RTM,2026-08-16,58,499.85
RTM,2026-08-16,59,676.07
RTM,2026-08-16,60,800.72
RTM,2026-08-16,61,1880.56
RTM,2026-08-16,62,1880.52
RTM,2026-08-16,63,1706.02
RTM,2026-08-16,64,1749.43
RTM,2026-08-16,65,1523.01
RTM,2026-08-16,66,2049.53
RTM,2026-08-16,67,1969.92
RTM,2026-08-16,68,2045.05
RTM,2026-08-16,69,1799.87
RTM,2026-08-16,70,2250.15
RTM,2026-08-16,71,2519.83
RTM,2026-08-16,72,2905.55
RTM,2026-08-16,73,3100.3
RTM,2026-08-16,74,3539.01
RTM,2026-08-16,75,2936.09
RTM,2026-08-16,76,3199.87
RTM,2026-08-16,77,3710.87
RTM,2026-08-16,78,4550.51
RTM,2026-08-16,79,6489.17
RTM,2026-08-16,80,7697.02
RTM,2026-08-16,81,5365.27
RTM,2026-08-16,82,5010.83
RTM,2026-08-16,83,5010.56
RTM,2026-08-16,84,5365.45
RTM,2026-08-16,85,6097.88
RTM,2026-08-16,86,7697.96
RTM,2026-08-16,87,5294.97
RTM,2026-08-16,88,5294.67
RTM,2026-08-16,89,5010.54
RTM,2026-08-16,90,5365.76
RTM,2026-08-16,91,5559.47
RTM,2026-08-16,92,5365.47
RTM,2026-08-16,93,4855.06
RTM,2026-08-16,94,4569.45
RTM,2026-08-16,95,4410.28
RTM,2026-08-16,96,3600.51
RTM,2026-08-17,1,3400.75
RTM,2026-08-17,2,3896.02
RTM,2026-08-17,3,4098.2
RTM,2026-08-17,4,4012.59
RTM,2026-08-17,5,3700.34
RTM,2026-08-17,6,3599.34
RTM,2026-08-17,7,3200.35
RTM,2026-08-17,8,3000.69
RTM,2026-08-17,9,2620.85
RTM,2026-08-17,10,3020.8
RTM,2026-08-17,11,3299.38
RTM,2026-08-17,12,3299.98
RTM,2026-08-17,13,2300.53
RTM,2026-08-17,14,2512.06
RTM,2026-08-17,15,2910.92
RTM,2026-08-17,16,2950.88
RTM,2026-08-17,17,1999.11
RTM,2026-08-17,18,1960.48
RTM,2026-08-17,19,2400.22
RTM,2026-08-17,20,2789.83
RTM,2026-08-17,21,3295.14
RTM,2026-08-17,22,3401.0
RTM,2026-08-17,23,3772.29
RTM,2026-08-17,24,3500.87
RTM,2026-08-17,25,3795.29
RTM,2026-08-17,26,3899.76
RTM,2026-08-17,27,4200.03
RTM,2026-08-17,28,3999.03
RTM,2026-08-17,29,4000.83
RTM,2026-08-17,30,3630.56
RTM,2026-08-17,31,3600.54
RTM,2026-08-17,32,3020.75
RTM,2026-08-17,33,2650.68
RTM,2026-08-17,34,2650.15
RTM,2026-08-17,35,2770.35
RTM,2026-08-17,36,2539.75
RTM,2026-08-17,37,2099.63
RTM,2026-08-17,38,1972.28
RTM,2026-08-17,39,2069.84
RTM,2026-08-17,40,2054.26
RTM,2026-08-17,41,1999.31
RTM,2026-08-17,42,1969.14
RTM,2026-08-17,43,2069.62
RTM,2026-08-17,44,2018.53
RTM,2026-08-17,45,1706.89
RTM,2026-08-17,46,1675.14
RTM,2026-08-17,47,1523.78
RTM,2026-08-17,48,1603.38
RTM,2026-08-17,49,1310.27
RTM,2026-08-17,50,1399.84
RTM,2026-08-17,51,1399.49
RTM,2026-08-17,52,1399.86
RTM,2026-08-17,53,399.98
RTM,2026-08-17,54,617.7
RTM,2026-08-17,55,1310.7
RTM,2026-08-17,56,1523.14
RTM,2026-08-17,57,1675.04
RTM,2026-08-17,58,2069.72
RTM,2026-08-17,59,1706.14
RTM,2026-08-17,60,1572.91
RTM,2026-08-17,61,1210.07
RTM,2026-08-17,62,403.6
RTM,2026-08-17,63,2000.34
RTM,2026-08-17,64,2020.0
RTM,2026-08-17,65,2049.68
RTM,2026-08-17,66,2150.62
RTM,2026-08-17,67,2514.88
RTM,2026-08-17,68,2730.04
RTM,2026-08-17,69,1999.17
RTM,2026-08-17,70,1983.99
RTM,2026-08-17,71,2099.19
RTM,2026-08-17,72,3160.68
RTM,2026-08-17,73,2664.0
RTM,2026-08-17,74,3644.95
RTM,2026-08-17,75,3630.94
RTM,2026-08-17,76,4000.81
RTM,2026-08-17,77,6000.71
RTM,2026-08-17,78,10000.0
RTM,2026-08-17,79,10000.0
RTM,2026-08-17,80,10000.0
RTM,2026-08-17,81,10000.0
RTM,2026-08-17,82,10000.0
RTM,2026-08-17,83,7000.79
RTM,2026-08-17,84,7822.04
RTM,2026-08-17,85,5130.55
RTM,2026-08-17,86,5450.17
RTM,2026-08-17,87,4650.76
RTM,2026-08-17,88,4620.68
RTM,2026-08-17,89,4200.66
RTM,2026-08-17,90,4100.39
RTM,2026-08-17,91,3630.48
RTM,2026-08-17,92,3409.77
RTM,2026-08-17,93,3600.38
RTM,2026-08-17,94,3409.48
RTM,2026-08-17,95,1999.2
RTM,2026-08-17,96,1348.73
RTM,2026-08-18,1,3879.96
RTM,2026-08-18,2,3741.81
RTM,2026-08-18,3,3820.88
RTM,2026-08-18,4,3630.62
RTM,2026-08-18,5,3417.02
RTM,2026-08-18,6,3260.18
RTM,2026-08-18,7,3130.6
RTM,2026-08-18,8,2999.78
RTM,2026-08-18,9,2840.04
RTM,2026-08-18,10,2810.43
RTM,2026-08-18,11,3000.66
RTM,2026-08-18,12,3257.5
RTM,2026-08-18,13,2189.61
RTM,2026-08-18,14,2420.06
RTM,2026-08-18,15,2420.83
RTM,2026-08-18,16,2500.56
RTM,2026-08-18,17,2840.88
RTM,2026-08-18,18,2999.67
RTM,2026-08-18,19,3020.85
RTM,2026-08-18,20,3253.29
RTM,2026-08-18,21,3340.61
RTM,2026-08-18,22,3644.23
RTM,2026-08-18,23,4098.8
RTM,2026-08-18,24,4025.51
RTM,2026-08-18,25,4249.49
RTM,2026-08-18,26,5086.54
RTM,2026-08-18,27,5249.33
RTM,2026-08-18,28,5000.17
RTM,2026-08-18,29,3900.08
RTM,2026-08-18,30,3899.66
RTM,2026-08-18,31,3349.03
RTM,2026-08-18,32,2500.27
RTM,2026-08-18,33,2519.43
RTM,2026-08-18,34,2840.08
RTM,2026-08-18,35,2110.01
RTM,2026-08-18,36,2790.75
RTM,2026-08-18,37,2519.91
RTM,2026-08-18,38,2500.35
RTM,2026-08-18,39,1799.23
RTM,2026-08-18,40,2069.45
RTM,2026-08-18,41,1000.34
RTM,2026-08-18,42,998.37
RTM,2026-08-18,43,442.92
RTM,2026-08-18,44,999.14
RTM,2026-08-18,45,999.55
RTM,2026-08-18,46,1210.99
RTM,2026-08-18,47,399.55
RTM,2026-08-18,48,171.1
RTM,2026-08-18,49,999.83
RTM,2026-08-18,50,999.47
RTM,2026-08-18,51,399.66
RTM,2026-08-18,52,399.32
RTM,2026-08-18,53,99.27
RTM,2026-08-18,54,99.3
RTM,2026-08-18,55,99.45
RTM,2026-08-18,56,499.59
RTM,2026-08-18,57,1499.13
RTM,2026-08-18,58,1603.27
RTM,2026-08-18,59,1706.68
RTM,2026-08-18,60,1689.19
RTM,2026-08-18,61,2069.4
RTM,2026-08-18,62,2069.78
RTM,2026-08-18,63,2539.26
RTM,2026-08-18,64,2700.67
RTM,2026-08-18,65,1799.28
RTM,2026-08-18,66,2040.83
RTM,2026-08-18,67,1799.08
RTM,2026-08-18,68,2405.02
RTM,2026-08-18,69,2450.4
RTM,2026-08-18,70,2789.89
RTM,2026-08-18,71,3000.83
RTM,2026-08-18,72,2840.84
RTM,2026-08-18,73,3000.09
RTM,2026-08-18,74,3896.87
RTM,2026-08-18,75,4012.87
RTM,2026-08-18,76,4450.71
RTM,2026-08-18,77,10000.0
RTM,2026-08-18,78,10000.0
RTM,2026-08-18,79,10000.0
RTM,2026-08-18,80,10000.0
RTM,2026-08-18,81,10000.0
RTM,2026-08-18,82,10000.0
RTM,2026-08-18,83,10000.0
RTM,2026-08-18,84,10000.0
RTM,2026-08-18,85,10000.0
RTM,2026-08-18,86,10000.0
RTM,2026-08-18,87,10000.0
RTM,2026-08-18,88,10000.0
RTM,2026-08-18,89,10000.0
RTM,2026-08-18,90,10000.0
RTM,2026-08-18,91,10000.0
RTM,2026-08-18,92,10000.0
RTM,2026-08-18,93,10000.0
RTM,2026-08-18,94,10000.0
RTM,2026-08-18,95,10000.0
RTM,2026-08-18,96,10000.0
RTM,2026-08-19,1,4999.13
RTM,2026-08-19,2,3812.24
RTM,2026-08-19,3,3291.04
RTM,2026-08-19,4,3131.67
RTM,2026-08-19,5,3800.81
RTM,2026-08-19,6,3600.66
RTM,2026-08-19,7,3973.1
RTM,2026-08-19,8,3743.54
RTM,2026-08-19,9,3169.95
RTM,2026-08-19,10,2999.65
RTM,2026-08-19,11,3260.41
RTM,2026-08-19,12,3295.44
RTM,2026-08-19,13,3409.06
RTM,2026-08-19,14,3340.76
RTM,2026-08-19,15,3200.57
RTM,2026-08-19,16,3150.72
RTM,2026-08-19,17,3340.96
RTM,2026-08-19,18,3440.72
RTM,2026-08-19,19,3398.51
RTM,2026-08-19,20,3610.96
RTM,2026-08-19,21,4000.02
RTM,2026-08-19,22,4507.22
RTM,2026-08-19,23,6253.86
RTM,2026-08-19,24,8000.95
RTM,2026-08-19,25,5500.57
RTM,2026-08-19,26,6500.62
RTM,2026-08-19,27,6500.08
RTM,2026-08-19,28,5500.44
RTM,2026-08-19,29,4370.53
RTM,2026-08-19,30,4012.58
RTM,2026-08-19,31,4000.46
RTM,2026-08-19,32,3260.14
RTM,2026-08-19,33,3150.24
RTM,2026-08-19,34,3130.79
RTM,2026-08-19,35,3160.95
RTM,2026-08-19,36,3150.99
RTM,2026-08-19,37,2840.72
RTM,2026-08-19,38,2793.31
RTM,2026-08-19,39,2519.12
RTM,2026-08-19,40,2514.35
RTM,2026-08-19,41,2570.19
RTM,2026-08-19,42,2570.26
RTM,2026-08-19,43,2100.59
RTM,2026-08-19,44,2099.3
RTM,2026-08-19,45,2340.2
RTM,2026-08-19,46,2440.27
RTM,2026-08-19,47,2069.46
RTM,2026-08-19,48,2069.31
RTM,2026-08-19,49,1603.72
RTM,2026-08-19,50,1603.68
RTM,2026-08-19,51,1675.21
RTM,2026-08-19,52,1675.55
RTM,2026-08-19,53,1603.08
RTM,2026-08-19,54,1706.92
RTM,2026-08-19,55,1799.06
RTM,2026-08-19,56,1992.83
RTM,2026-08-19,57,1799.47
RTM,2026-08-19,58,2069.27
RTM,2026-08-19,59,2400.71
RTM,2026-08-19,60,2493.86
RTM,2026-08-19,61,2433.78
RTM,2026-08-19,62,2500.74
RTM,2026-08-19,63,3150.17
RTM,2026-08-19,64,3150.78
RTM,2026-08-19,65,2405.98
RTM,2026-08-19,66,3160.7
RTM,2026-08-19,67,3500.68
RTM,2026-08-19,68,3638.48
RTM,2026-08-19,69,3614.88
RTM,2026-08-19,70,3763.33
RTM,2026-08-19,71,4497.59
RTM,2026-08-19,72,5345.13
RTM,2026-08-19,73,4323.84
RTM,2026-08-19,74,5421.17
RTM,2026-08-19,75,9999.13
RTM,2026-08-19,76,10000.0
RTM,2026-08-19,77,10000.0
RTM,2026-08-19,78,10000.0
RTM,2026-08-19,79,10000.0
RTM,2026-08-19,80,10000.0
RTM,2026-08-19,81,10000.0
RTM,2026-08-19,82,10000.0
RTM,2026-08-19,83,10000.0
RTM,2026-08-19,84,10000.0
RTM,2026-08-19,85,10000.0
RTM,2026-08-19,86,10000.0
RTM,2026-08-19,87,10000.0
RTM,2026-08-19,88,10000.0
RTM,2026-08-19,89,10000.0
RTM,2026-08-19,90,10000.0
RTM,2026-08-19,91,10000.0
RTM,2026-08-19,92,10000.0
RTM,2026-08-19,93,10000.0
RTM,2026-08-19,94,10000.0
RTM,2026-08-19,95,10000.0
RTM,2026-08-19,96,9900.47
RTM,2026-08-20,1,6253.03
RTM,2026-08-20,2,5086.39
RTM,2026-08-20,3,5000.88
RTM,2026-08-20,4,4704.44
RTM,2026-08-20,5,4620.61
RTM,2026-08-20,6,4529.71
RTM,2026-08-20,7,4640.07
RTM,2026-08-20,8,4300.28
RTM,2026-08-20,9,4000.15
RTM,2026-08-20,10,3799.7
RTM,2026-08-20,11,4000.41
RTM,2026-08-20,12,3973.5
RTM,2026-08-20,13,3200.55
RTM,2026-08-20,14,3200.97
RTM,2026-08-20,15,3295.25
RTM,2026-08-20,16,3132.62
RTM,2026-08-20,17,4098.93
RTM,2026-08-20,18,4543.87
RTM,2026-08-20,19,4689.75
RTM,2026-08-20,20,5086.81
RTM,2026-08-20,21,6253.66
RTM,2026-08-20,22,8000.79
RTM,2026-08-20,23,10000.0
RTM,2026-08-20,24,10000.0
RTM,2026-08-20,25,10000.0
RTM,2026-08-20,26,10000.0
RTM,2026-08-20,27,10000.0
RTM,2026-08-20,28,10000.0
RTM,2026-08-20,29,10000.0
RTM,2026-08-20,30,10000.0
RTM,2026-08-20,31,5570.82
RTM,2026-08-20,32,3500.02
RTM,2026-08-20,33,3050.78
RTM,2026-08-20,34,3010.62
RTM,2026-08-20,35,3500.73
RTM,2026-08-20,36,3614.49
RTM,2026-08-20,37,3896.86
RTM,2026-08-20,38,3638.13
RTM,2026-08-20,39,3398.44
RTM,2026-08-20,40,3000.81
RTM,2026-08-20,41,1999.5
RTM,2026-08-20,42,2010.29
RTM,2026-08-20,43,2300.28
RTM,2026-08-20,44,2611.8
RTM,2026-08-20,45,2500.97
RTM,2026-08-20,46,2519.54
RTM,2026-08-20,47,2000.0
RTM,2026-08-20,48,2030.55
RTM,2026-08-20,49,1523.61
RTM,2026-08-20,50,1523.09
RTM,2026-08-20,51,1524.37
RTM,2026-08-20,52,1603.86
RTM,2026-08-20,53,1524.69
RTM,2026-08-20,54,1675.06
RTM,2026-08-20,55,2054.32
RTM,2026-08-20,56,2400.37
RTM,2026-08-20,57,2069.27
RTM,2026-08-20,58,2099.69
RTM,2026-08-20,59,2499.82
RTM,2026-08-20,60,2600.17
RTM,2026-08-20,61,3000.91
RTM,2026-08-20,62,2963.12
RTM,2026-08-20,63,2963.42
RTM,2026-08-20,64,3199.8
RTM,2026-08-20,65,3071.09
RTM,2026-08-20,66,3417.72
RTM,2026-08-20,67,3899.55
RTM,2026-08-20,68,3959.33
RTM,2026-08-20,69,3795.2
RTM,2026-08-20,70,4098.47
RTM,2026-08-20,71,4098.08
RTM,2026-08-20,72,5010.09
RTM,2026-08-20,73,4028.86
RTM,2026-08-20,74,5726.98
RTM,2026-08-20,75,10000.0
RTM,2026-08-20,76,10000.0
RTM,2026-08-20,77,10000.0
RTM,2026-08-20,78,10000.0
RTM,2026-08-20,79,10000.0
RTM,2026-08-20,80,10000.0
RTM,2026-08-20,81,10000.0
RTM,2026-08-20,82,10000.0
RTM,2026-08-20,83,10000.0
RTM,2026-08-20,84,10000.0
RTM,2026-08-20,85,10000.0
RTM,2026-08-20,86,10000.0
RTM,2026-08-20,87,10000.0
RTM,2026-08-20,88,10000.0
RTM,2026-08-20,89,10000.0
RTM,2026-08-20,90,10000.0
RTM,2026-08-20,91,10000.0
RTM,2026-08-20,92,10000.0
RTM,2026-08-20,93,10000.0
RTM,2026-08-20,94,10000.0
RTM,2026-08-20,95,10000.0
RTM,2026-08-20,96,10000.0
RTM,2026-08-21,1,10000.0
RTM,2026-08-21,2,10000.0
RTM,2026-08-21,3,10000.0
RTM,2026-08-21,4,10000.0
RTM,2026-08-21,5,10000.0
RTM,2026-08-21,6,9999.2
RTM,2026-08-21,7,9999.35
RTM,2026-08-21,8,5570.5
RTM,2026-08-21,9,5570.08
RTM,2026-08-21,10,5421.62
RTM,2026-08-21,11,5421.03
RTM,2026-08-21,12,5086.01
RTM,2026-08-21,13,9838.48
RTM,2026-08-21,14,6999.83
RTM,2026-08-21,15,5726.88
RTM,2026-08-21,16,4569.96
RTM,2026-08-21,17,5421.35
RTM,2026-08-21,18,4549.11
RTM,2026-08-21,19,4704.85
RTM,2026-08-21,20,5421.3
RTM,2026-08-21,21,5570.19
RTM,2026-08-21,22,7697.74
RTM,2026-08-21,23,10000.0
RTM,2026-08-21,24,10000.0
RTM,2026-08-21,25,10000.0
RTM,2026-08-21,26,10000.0
RTM,2026-08-21,27,10000.0
RTM,2026-08-21,28,10000.0
RTM,2026-08-21,29,10000.0
RTM,2026-08-21,30,10000.0
RTM,2026-08-21,31,3999.7
RTM,2026-08-21,32,2700.11
RTM,2026-08-21,33,2510.36
RTM,2026-08-21,34,2519.27
RTM,2026-08-21,35,3010.48
RTM,2026-08-21,36,3050.24
RTM,2026-08-21,37,2810.47
RTM,2026-08-21,38,2099.03
RTM,2026-08-21,39,2789.07
RTM,2026-08-21,40,2700.23
RTM,2026-08-21,41,2069.66
RTM,2026-08-21,42,1650.9
RTM,2026-08-21,43,2059.84
RTM,2026-08-21,44,2012.54
RTM,2026-08-21,45,2100.69
RTM,2026-08-21,46,2100.51
RTM,2026-08-21,47,2099.66
RTM,2026-08-21,48,2184.33
RTM,2026-08-21,49,2069.55
RTM,2026-08-21,50,2069.46
RTM,2026-08-21,51,1875.58
RTM,2026-08-21,52,2050.78
RTM,2026-08-21,53,1689.79
RTM,2026-08-21,54,1799.31
RTM,2026-08-21,55,2069.69
RTM,2026-08-21,56,2069.82
RTM,2026-08-21,57,1799.74
RTM,2026-08-21,58,2250.78
RTM,2026-08-21,59,3000.63
RTM,2026-08-21,60,3199.33
RTM,2026-08-21,61,2900.95
RTM,2026-08-21,62,3162.5
RTM,2026-08-21,63,3417.19
RTM,2026-08-21,64,3417.44
RTM,2026-08-21,65,3323.87
RTM,2026-08-21,66,3638.89
RTM,2026-08-21,67,4074.53
RTM,2026-08-21,68,4219.14
RTM,2026-08-21,69,4014.83
RTM,2026-08-21,70,4549.21
RTM,2026-08-21,71,6000.09
RTM,2026-08-21,72,6253.37
RTM,2026-08-21,73,4542.39
RTM,2026-08-21,74,5570.02
RTM,2026-08-21,75,10000.0
RTM,2026-08-21,76,10000.0
RTM,2026-08-21,77,10000.0
RTM,2026-08-21,78,10000.0
RTM,2026-08-21,79,10000.0
RTM,2026-08-21,80,10000.0
RTM,2026-08-21,81,10000.0
RTM,2026-08-21,82,10000.0
RTM,2026-08-21,83,10000.0
RTM,2026-08-21,84,10000.0
RTM,2026-08-21,85,10000.0
RTM,2026-08-21,86,10000.0
RTM,2026-08-21,87,10000.0
RTM,2026-08-21,88,10000.0
RTM,2026-08-21,89,10000.0
RTM,2026-08-21,90,10000.0
RTM,2026-08-21,91,10000.0
RTM,2026-08-21,92,10000.0
RTM,2026-08-21,93,10000.0
RTM,2026-08-21,94,10000.0
RTM,2026-08-21,95,10000.0
RTM,2026-08-21,96,10000.0
RTM,2026-08-22,1,10000.0
RTM,2026-08-22,2,10000.0
RTM,2026-08-22,3,10000.0
RTM,2026-08-22,4,10000.0
RTM,2026-08-22,5,10000.0
RTM,2026-08-22,6,10000.0
RTM,2026-08-22,7,9499.08
RTM,2026-08-22,8,6510.84
RTM,2026-08-22,9,4350.91
RTM,2026-08-22,10,4050.41
RTM,2026-08-22,11,4220.41
RTM,2026-08-22,12,5000.42
RTM,2026-08-22,13,5726.33
RTM,2026-08-22,14,5726.58
RTM,2026-08-22,15,4024.56
RTM,2026-08-22,16,3600.35
RTM,2026-08-22,17,4543.5
RTM,2026-08-22,18,5570.32
RTM,2026-08-22,19,6421.83
RTM,2026-08-22,20,7200.13
RTM,2026-08-22,21,4100.62
RTM,2026-08-22,22,6253.81
RTM,2026-08-22,23,7838.16
RTM,2026-08-22,24,10000.0
RTM,2026-08-22,25,10000.0
RTM,2026-08-22,26,10000.0
RTM,2026-08-22,27,10000.0
RTM,2026-08-22,28,10000.0
RTM,2026-08-22,29,10000.0
RTM,2026-08-22,30,5010.58
RTM,2026-08-22,31,3150.9
RTM,2026-08-22,32,2039.63
RTM,2026-08-22,33,2750.52
RTM,2026-08-22,34,2810.9
RTM,2026-08-22,35,2700.64
RTM,2026-08-22,36,2581.83
RTM,2026-08-22,37,2600.29
RTM,2026-08-22,38,2189.22
RTM,2026-08-22,39,399.76
RTM,2026-08-22,40,399.33
RTM,2026-08-22,41,1999.49
RTM,2026-08-22,42,2099.51
RTM,2026-08-22,43,2119.35
RTM,2026-08-22,44,2112.23
RTM,2026-08-22,45,2405.45
RTM,2026-08-22,46,2463.13
RTM,2026-08-22,47,2112.69
RTM,2026-08-22,48,2085.6
RTM,2026-08-22,49,1772.77
RTM,2026-08-22,50,1858.1
RTM,2026-08-22,51,1745.31
RTM,2026-08-22,52,1706.6
RTM,2026-08-22,53,1800.08
RTM,2026-08-22,54,1810.99
RTM,2026-08-22,55,2119.99
RTM,2026-08-22,56,2223.15
RTM,2026-08-22,57,2405.64
RTM,2026-08-22,58,2519.17
RTM,2026-08-22,59,2669.6
RTM,2026-08-22,60,2799.84
RTM,2026-08-22,61,2963.46
RTM,2026-08-22,62,3000.04
RTM,2026-08-22,63,3399.98
RTM,2026-08-22,64,3599.05
RTM,2026-08-22,65,3750.41
RTM,2026-08-22,66,3800.75
RTM,2026-08-22,67,4098.32
RTM,2026-08-22,68,4416.47
RTM,2026-08-22,69,4098.15
RTM,2026-08-22,70,5010.67
RTM,2026-08-22,71,6132.35
RTM,2026-08-22,72,8320.09
RTM,2026-08-22,73,5930.86
RTM,2026-08-22,74,7999.14
RTM,2026-08-22,75,10000.0
RTM,2026-08-22,76,10000.0
RTM,2026-08-22,77,10000.0
RTM,2026-08-22,78,10000.0
RTM,2026-08-22,79,10000.0
RTM,2026-08-22,80,10000.0
RTM,2026-08-22,81,10000.0
RTM,2026-08-22,82,10000.0
RTM,2026-08-22,83,10000.0
RTM,2026-08-22,84,10000.0
RTM,2026-08-22,85,10000.0
RTM,2026-08-22,86,10000.0
RTM,2026-08-22,87,10000.0
RTM,2026-08-22,88,10000.0
RTM,2026-08-22,89,10000.0
RTM,2026-08-22,90,10000.0
RTM,2026-08-22,91,10000.0
RTM,2026-08-22,92,10000.0
RTM,2026-08-22,93,10000.0
RTM,2026-08-22,94,10000.0
RTM,2026-08-22,95,10000.0
RTM,2026-08-22,96,10000.0
RTM,2026-08-23,1,10000.0
RTM,2026-08-23,2,10000.0
RTM,2026-08-23,3,10000.0
RTM,2026-08-23,4,10000.0
RTM,2026-08-23,5,10000.0
RTM,2026-08-23,6,10000.0
RTM,2026-08-23,7,10000.0
RTM,2026-08-23,8,10000.0
RTM,2026-08-23,9,10000.0
RTM,2026-08-23,10,10000.0
RTM,2026-08-23,11,10000.0
RTM,2026-08-23,12,10000.0
RTM,2026-08-23,13,10000.0
RTM,2026-08-23,14,10000.0
RTM,2026-08-23,15,10000.0
RTM,2026-08-23,16,10000.0
RTM,2026-08-23,17,10000.0
RTM,2026-08-23,18,10000.0
RTM,2026-08-23,19,10000.0
RTM,2026-08-23,20,10000.0
RTM,2026-08-23,21,10000.0
RTM,2026-08-23,22,10000.0
RTM,2026-08-23,23,10000.0
RTM,2026-08-23,24,10000.0
RTM,2026-08-23,25,10000.0
RTM,2026-08-23,26,10000.0
RTM,2026-08-23,27,10000.0
RTM,2026-08-23,28,10000.0
RTM,2026-08-23,29,10000.0
RTM,2026-08-23,30,10000.0
RTM,2026-08-23,31,511.42
RTM,2026-08-23,32,0.63
RTM,2026-08-23,33,1999.37
RTM,2026-08-23,34,2000.18
RTM,2026-08-23,35,2514.25
RTM,2026-08-23,36,2500.95
RTM,2026-08-23,37,2900.22
RTM,2026-08-23,38,2789.7
RTM,2026-08-23,39,2679.67
RTM,2026-08-23,40,2514.64
RTM,2026-08-23,41,1499.06
RTM,2026-08-23,42,734.96
RTM,2026-08-23,43,399.38
RTM,2026-08-23,44,399.84
RTM,2026-08-23,45,1400.35
RTM,2026-08-23,46,1575.37
RTM,2026-08-23,47,1603.67
RTM,2026-08-23,48,1689.16
RTM,2026-08-23,49,1706.46
RTM,2026-08-23,50,1675.33
RTM,2026-08-23,51,2033.68
RTM,2026-08-23,52,1910.61
RTM,2026-08-23,53,2054.66
RTM,2026-08-23,54,2149.71
RTM,2026-08-23,55,2524.48
RTM,2026-08-23,56,2537.01
RTM,2026-08-23,57,2669.19
RTM,2026-08-23,58,2790.4
RTM,2026-08-23,59,2604.7
RTM,2026-08-23,60,2884.43
RTM,2026-08-23,61,1999.66
RTM,2026-08-23,62,2099.57
RTM,2026-08-23,63,2090.79
RTM,2026-08-23,64,2099.8
RTM,2026-08-23,65,2099.26
RTM,2026-08-23,66,2212.04
RTM,2026-08-23,67,2189.9
RTM,2026-08-23,68,2512.59
RTM,2026-08-23,69,1999.14
RTM,2026-08-23,70,1550.92
RTM,2026-08-23,71,2280.87
RTM,2026-08-23,72,2929.96
RTM,2026-08-23,73,1480.84
RTM,2026-08-23,74,2820.89
RTM,2026-08-23,75,4118.04
RTM,2026-08-23,76,4400.73
RTM,2026-08-23,77,10000.0
RTM,2026-08-23,78,10000.0
RTM,2026-08-23,79,10000.0
RTM,2026-08-23,80,10000.0
RTM,2026-08-23,81,10000.0
RTM,2026-08-23,82,10000.0
RTM,2026-08-23,83,10000.0
RTM,2026-08-23,84,10000.0
RTM,2026-08-23,85,10000.0
RTM,2026-08-23,86,10000.0
RTM,2026-08-23,87,10000.0
RTM,2026-08-23,88,10000.0
RTM,2026-08-23,89,10000.0
RTM,2026-08-23,90,10000.0
RTM,2026-08-23,91,10000.0
RTM,2026-08-23,92,10000.0
RTM,2026-08-23,93,10000.0
RTM,2026-08-23,94,10000.0
RTM,2026-08-23,95,10000.0
RTM,2026-08-23,96,10000.0
RTM,2026-08-24,1,10000.0
RTM,2026-08-24,2,10000.0
RTM,2026-08-24,3,4704.09
RTM,2026-08-24,4,4400.98
RTM,2026-08-24,5,3630.18
RTM,2026-08-24,6,3500.0
RTM,2026-08-24,7,3601.44
RTM,2026-08-24,8,3630.66
RTM,2026-08-24,9,3310.63
RTM,2026-08-24,10,3162.08
RTM,2026-08-24,11,3973.01
RTM,2026-08-24,12,3500.94
RTM,2026-08-24,13,3550.65
RTM,2026-08-24,14,3599.97
RTM,2026-08-24,15,3400.93
RTM,2026-08-24,16,3289.13
RTM,2026-08-24,17,3400.69
RTM,2026-08-24,18,3235.55
RTM,2026-08-24,19,3289.56
RTM,2026-08-24,20,3257.75
RTM,2026-08-24,21,3400.02
RTM,2026-08-24,22,3600.15
RTM,2026-08-24,23,4549.4
RTM,2026-08-24,24,6399.23
RTM,2026-08-24,25,10000.0
RTM,2026-08-24,26,10000.0
RTM,2026-08-24,27,10000.0
RTM,2026-08-24,28,10000.0
RTM,2026-08-24,29,10000.0
RTM,2026-08-24,30,6501.86
RTM,2026-08-24,31,3718.31
RTM,2026-08-24,32,2929.98
RTM,2026-08-24,33,2799.15
RTM,2026-08-24,34,2950.54
RTM,2026-08-24,35,3417.59
RTM,2026-08-24,36,3400.0
RTM,2026-08-24,37,3812.78
RTM,2026-08-24,38,3599.94
RTM,2026-08-24,39,3539.45
RTM,2026-08-24,40,3400.75
RTM,2026-08-24,41,3060.69
RTM,2026-08-24,42,2840.72
RTM,2026-08-24,43,2670.0
RTM,2026-08-24,44,2669.86
RTM,2026-08-24,45,2849.64
RTM,2026-08-24,46,3000.45
RTM,2026-08-24,47,3000.43
RTM,2026-08-24,48,2993.23
RTM,2026-08-24,49,2299.27
RTM,2026-08-24,50,2519.02
RTM,2026-08-24,51,2405.03
RTM,2026-08-24,52,2169.52
RTM,2026-08-24,53,1999.4
RTM,2026-08-24,54,2399.11
RTM,2026-08-24,55,1950.81
RTM,2026-08-24,56,1899.04
RTM,2026-08-24,57,2250.73
RTM,2026-08-24,58,2711.27
RTM,2026-08-24,59,2789.26
RTM,2026-08-24,60,2789.7
RTM,2026-08-24,61,2669.38
RTM,2026-08-24,62,2880.86
RTM,2026-08-24,63,3300.53
RTM,2026-08-24,64,3417.39
RTM,2026-08-24,65,3260.81
RTM,2026-08-24,66,3500.09
RTM,2026-08-24,67,3420.45
RTM,2026-08-24,68,3500.82
RTM,2026-08-24,69,3206.28
RTM,2026-08-24,70,3638.84
RTM,2026-08-24,71,5421.28
RTM,2026-08-24,72,6000.32
RTM,2026-08-24,73,10000.0
RTM,2026-08-24,74,10000.0
RTM,2026-08-24,75,10000.0
RTM,2026-08-24,76,10000.0
RTM,2026-08-24,77,10000.0
RTM,2026-08-24,78,10000.0
RTM,2026-08-24,79,10000.0
RTM,2026-08-24,80,10000.0
RTM,2026-08-24,81,10000.0
RTM,2026-08-24,82,10000.0
RTM,2026-08-24,83,10000.0
RTM,2026-08-24,84,10000.0
RTM,2026-08-24,85,10000.0
RTM,2026-08-24,86,10000.0
RTM,2026-08-24,87,10000.0
RTM,2026-08-24,88,10000.0
RTM,2026-08-24,89,10000.0
RTM,2026-08-24,90,10000.0
RTM,2026-08-24,91,10000.0
RTM,2026-08-24,92,10000.0
RTM,2026-08-24,93,10000.0
RTM,2026-08-24,94,10000.0
RTM,2026-08-24,95,10000.0
RTM,2026-08-24,96,10000.0
RTM,2026-08-25,1,10000.0
RTM,2026-08-25,2,10000.0
RTM,2026-08-25,3,10000.0
RTM,2026-08-25,4,10000.0
RTM,2026-08-25,5,5012.24
RTM,2026-08-25,6,4510.87
RTM,2026-08-25,7,4213.72
RTM,2026-08-25,8,4028.16
RTM,2026-08-25,9,5000.81
RTM,2026-08-25,10,4980.53
RTM,2026-08-25,11,5500.56
RTM,2026-08-25,12,5500.66
RTM,2026-08-25,13,5570.93
RTM,2026-08-25,14,5500.17
RTM,2026-08-25,15,4497.27
RTM,2026-08-25,16,4258.92
RTM,2026-08-25,17,4497.59
RTM,2026-08-25,18,4497.23
RTM,2026-08-25,19,4024.02
RTM,2026-08-25,20,4098.94
RTM,2026-08-25,21,5500.86
RTM,2026-08-25,22,6520.85
RTM,2026-08-25,23,10000.0
RTM,2026-08-25,24,10000.0
RTM,2026-08-25,25,10000.0
RTM,2026-08-25,26,10000.0
RTM,2026-08-25,27,10000.0
RTM,2026-08-25,28,10000.0
RTM,2026-08-25,29,10000.0
RTM,2026-08-25,30,10000.0
RTM,2026-08-25,31,5999.67
RTM,2026-08-25,32,3790.33
RTM,2026-08-25,33,4014.23
RTM,2026-08-25,34,4384.12
RTM,2026-08-25,35,4500.79
RTM,2026-08-25,36,4023.75
RTM,2026-08-25,37,3896.15
RTM,2026-08-25,38,3772.02
RTM,2026-08-25,39,3360.26
RTM,2026-08-25,40,2999.77
RTM,2026-08-25,41,1999.54
RTM,2026-08-25,42,1740.96
RTM,2026-08-25,43,1999.79
RTM,2026-08-25,44,1999.44
RTM,2026-08-25,45,2119.08
RTM,2026-08-25,46,2300.46
RTM,2026-08-25,47,2371.0
RTM,2026-08-25,48,2054.96
RTM,2026-08-25,49,1400.35
RTM,2026-08-25,50,1399.61
RTM,2026-08-25,51,1399.37
RTM,2026-08-25,52,1689.08
RTM,2026-08-25,53,1399.86
RTM,2026-08-25,54,1800.75
RTM,2026-08-25,55,2010.13
RTM,2026-08-25,56,2184.11
RTM,2026-08-25,57,1399.9
RTM,2026-08-25,58,1646.19
RTM,2026-08-25,59,2150.21
RTM,2026-08-25,60,2210.74
RTM,2026-08-25,61,2172.34
RTM,2026-08-25,62,2343.92
RTM,2026-08-25,63,2250.39
RTM,2026-08-25,64,2789.74
RTM,2026-08-25,65,2090.15
RTM,2026-08-25,66,3200.36
RTM,2026-08-25,67,3206.24
RTM,2026-08-25,68,3257.05
RTM,2026-08-25,69,2611.28
RTM,2026-08-25,70,3631.76
RTM,2026-08-25,71,4689.43
RTM,2026-08-25,72,5500.53
RTM,2026-08-25,73,6416.78
RTM,2026-08-25,74,10000.0
RTM,2026-08-25,75,10000.0
RTM,2026-08-25,76,10000.0
RTM,2026-08-25,77,10000.0
RTM,2026-08-25,78,10000.0
RTM,2026-08-25,79,10000.0
RTM,2026-08-25,80,10000.0
RTM,2026-08-25,81,10000.0
RTM,2026-08-25,82,10000.0
RTM,2026-08-25,83,10000.0
RTM,2026-08-25,84,10000.0
RTM,2026-08-25,85,10000.0
RTM,2026-08-25,86,10000.0
RTM,2026-08-25,87,10000.0
RTM,2026-08-25,88,10000.0
RTM,2026-08-25,89,10000.0
RTM,2026-08-25,90,10000.0
RTM,2026-08-25,91,10000.0
RTM,2026-08-25,92,10000.0
RTM,2026-08-25,93,10000.0
RTM,2026-08-25,94,10000.0
RTM,2026-08-25,95,10000.0
RTM,2026-08-25,96,10000.0
RTM,2026-08-26,1,10000.0
RTM,2026-08-26,2,10000.0
RTM,2026-08-26,3,10000.0
RTM,2026-08-26,4,5622.8
RTM,2026-08-26,5,4980.56
RTM,2026-08-26,6,4816.13
RTM,2026-08-26,7,5421.42
RTM,2026-08-26,8,5500.31
RTM,2026-08-26,9,5450.15
RTM,2026-08-26,10,4980.61
RTM,2026-08-26,11,6000.76
RTM,2026-08-26,12,7850.48
RTM,2026-08-26,13,6253.84
RTM,2026-08-26,14,6000.82
RTM,2026-08-26,15,4200.98
RTM,2026-08-26,16,3999.42
RTM,2026-08-26,17,6000.34
RTM,2026-08-26,18,6000.61
RTM,2026-08-26,19,5726.27
RTM,2026-08-26,20,6000.05
RTM,2026-08-26,21,10000.0
RTM,2026-08-26,22,10000.0
RTM,2026-08-26,23,10000.0
RTM,2026-08-26,24,10000.0
RTM,2026-08-26,25,10000.0
RTM,2026-08-26,26,10000.0
RTM,2026-08-26,27,10000.0
RTM,2026-08-26,28,10000.0
RTM,2026-08-26,29,10000.0
RTM,2026-08-26,30,10000.0
RTM,2026-08-26,31,10000.0
RTM,2026-08-26,32,3999.86
RTM,2026-08-26,33,3110.99
RTM,2026-08-26,34,3194.16
RTM,2026-08-26,35,3579.69
RTM,2026-08-26,36,3399.08
RTM,2026-08-26,37,3301.62
RTM,2026-08-26,38,3257.79
RTM,2026-08-26,39,2794.05
RTM,2026-08-26,40,2199.75
RTM,2026-08-26,41,2212.1
RTM,2026-08-26,42,2210.08
RTM,2026-08-26,43,2112.53
RTM,2026-08-26,44,2106.0
RTM,2026-08-26,45,2405.97
RTM,2026-08-26,46,2300.32
RTM,2026-08-26,47,1740.94
RTM,2026-08-26,48,1800.24
RTM,2026-08-26,49,1900.29
RTM,2026-08-26,50,1900.59
RTM,2026-08-26,51,1689.83
RTM,2026-08-26,52,1706.16
RTM,2026-08-26,53,1572.69
RTM,2026-08-26,54,1603.08
RTM,2026-08-26,55,1772.86
RTM,2026-08-26,56,2112.14
RTM,2026-08-26,57,2050.86
RTM,2026-08-26,58,2200.66
RTM,2026-08-26,59,2615.68
RTM,2026-08-26,60,2620.4
RTM,2026-08-26,61,2800.89
RTM,2026-08-26,62,2900.78
RTM,2026-08-26,63,3189.75
RTM,2026-08-26,64,3399.34
RTM,2026-08-26,65,3541.65
RTM,2026-08-26,66,3495.1
RTM,2026-08-26,67,3398.44
RTM,2026-08-26,68,3304.23
RTM,2026-08-26,69,3301.64
RTM,2026-08-26,70,3973.8
RTM,2026-08-26,71,4014.23
RTM,2026-08-26,72,5500.04
RTM,2026-08-26,73,5440.63
RTM,2026-08-26,74,9998.2
RTM,2026-08-26,75,10000.0
RTM,2026-08-26,76,10000.0
RTM,2026-08-26,77,10000.0
RTM,2026-08-26,78,10000.0
RTM,2026-08-26,79,10000.0
RTM,2026-08-26,80,10000.0
RTM,2026-08-26,81,10000.0
RTM,2026-08-26,82,10000.0
RTM,2026-08-26,83,10000.0
RTM,2026-08-26,84,10000.0
RTM,2026-08-26,85,10000.0
RTM,2026-08-26,86,10000.0
RTM,2026-08-26,87,10000.0
RTM,2026-08-26,88,10000.0
RTM,2026-08-26,89,10000.0
RTM,2026-08-26,90,10000.0
RTM,2026-08-26,91,10000.0
RTM,2026-08-26,92,10000.0
RTM,2026-08-26,93,10000.0
RTM,2026-08-26,94,10000.0
RTM,2026-08-26,95,10000.0
RTM,2026-08-26,96,10000.0
RTM,2026-08-27,1,10000.0
RTM,2026-08-27,2,10000.0
RTM,2026-08-27,3,10000.0
RTM,2026-08-27,4,10000.0
RTM,2026-08-27,5,5416.09
RTM,2026-08-27,6,5012.5
RTM,2026-08-27,7,4570.72
RTM,2026-08-27,8,4400.4
RTM,2026-08-27,9,4098.42
RTM,2026-08-27,10,4500.34
RTM,2026-08-27,11,5421.5
RTM,2026-08-27,12,5345.04
RTM,2026-08-27,13,5509.08
RTM,2026-08-27,14,5726.03
RTM,2026-08-27,15,4326.91
RTM,2026-08-27,16,4326.17
RTM,2026-08-27,17,3960.0
RTM,2026-08-27,18,4012.95
RTM,2026-08-27,19,4326.26
RTM,2026-08-27,20,4000.24
RTM,2026-08-27,21,6501.61
RTM,2026-08-27,22,6501.25
RTM,2026-08-27,23,6520.88
RTM,2026-08-27,24,7850.24
RTM,2026-08-27,25,10000.0
RTM,2026-08-27,26,10000.0
RTM,2026-08-27,27,10000.0
RTM,2026-08-27,28,10000.0
RTM,2026-08-27,29,10000.0
RTM,2026-08-27,30,10000.0
RTM,2026-08-27,31,3519.11
RTM,2026-08-27,32,999.69
RTM,2026-08-27,33,2119.69
RTM,2026-08-27,34,2900.65
RTM,2026-08-27,35,2849.87
RTM,2026-08-27,36,2720.32
RTM,2026-08-27,37,2000.47
RTM,2026-08-27,38,1799.11
RTM,2026-08-27,39,749.45
RTM,2026-08-27,40,999.4
RTM,2026-08-27,41,1475.04
RTM,2026-08-27,42,1471.61
RTM,2026-08-27,43,1471.74
RTM,2026-08-27,44,1471.82
RTM,2026-08-27,45,1475.47
RTM,2026-08-27,46,1689.35
RTM,2026-08-27,47,1471.52
RTM,2026-08-27,48,1471.42
RTM,2026-08-27,49,1471.16
RTM,2026-08-27,50,1469.92
RTM,2026-08-27,51,999.32
RTM,2026-08-27,52,749.37
RTM,2026-08-27,53,399.84
RTM,2026-08-27,54,399.86
RTM,2026-08-27,55,497.44
RTM,2026-08-27,56,1471.08
RTM,2026-08-27,57,1523.32
RTM,2026-08-27,58,1772.36
RTM,2026-08-27,59,2119.32
RTM,2026-08-27,60,2300.95
RTM,2026-08-27,61,2959.87
RTM,2026-08-27,62,2745.88
RTM,2026-08-27,63,2519.08
RTM,2026-08-27,64,2789.28
RTM,2026-08-27,65,2789.43
RTM,2026-08-27,66,2789.48
RTM,2026-08-27,67,2199.0
RTM,2026-08-27,68,2512.63
RTM,2026-08-27,69,3000.01
RTM,2026-08-27,70,3173.08
RTM,2026-08-27,71,3614.83
RTM,2026-08-27,72,4855.34
RTM,2026-08-27,73,4450.94
RTM,2026-08-27,74,10000.0
RTM,2026-08-27,75,10000.0
RTM,2026-08-27,76,10000.0
RTM,2026-08-27,77,10000.0
RTM,2026-08-27,78,10000.0
RTM,2026-08-27,79,10000.0
RTM,2026-08-27,80,10000.0
RTM,2026-08-27,81,10000.0
RTM,2026-08-27,82,10000.0
RTM,2026-08-27,83,10000.0
RTM,2026-08-27,84,10000.0
RTM,2026-08-27,85,10000.0
RTM,2026-08-27,86,10000.0
RTM,2026-08-27,87,10000.0
RTM,2026-08-27,88,10000.0
RTM,2026-08-27,89,10000.0
RTM,2026-08-27,90,10000.0
RTM,2026-08-27,91,10000.0
RTM,2026-08-27,92,10000.0
RTM,2026-08-27,93,10000.0
RTM,2026-08-27,94,9999.09
RTM,2026-08-27,95,5500.21
RTM,2026-08-27,96,4999.69
RTM,2026-08-28,1,5000.21
RTM,2026-08-28,2,5000.13
RTM,2026-08-28,3,5000.92
RTM,2026-08-28,4,5000.71
RTM,2026-08-28,5,5417.85
RTM,2026-08-28,6,4900.71
RTM,2026-08-28,7,4689.21
RTM,2026-08-28,8,4676.73
RTM,2026-08-28,9,5005.34
RTM,2026-08-28,10,5005.86
RTM,2026-08-28,11,5086.55
RTM,2026-08-28,12,4816.76
RTM,2026-08-28,13,4013.21
RTM,2026-08-28,14,4200.16
RTM,2026-08-28,15,3901.84
RTM,2026-08-28,16,3650.41
RTM,2026-08-28,17,4012.8
RTM,2026-08-28,18,4068.4
RTM,2026-08-28,19,4098.9
RTM,2026-08-28,20,4068.52
RTM,2026-08-28,21,5421.51
RTM,2026-08-28,22,7850.67
RTM,2026-08-28,23,10000.0
RTM,2026-08-28,24,10000.0
RTM,2026-08-28,25,10000.0
RTM,2026-08-28,26,10000.0
RTM,2026-08-28,27,10000.0
RTM,2026-08-28,28,10000.0
RTM,2026-08-28,29,5385.58
RTM,2026-08-28,30,3720.77
RTM,2026-08-28,31,2189.03
RTM,2026-08-28,32,1400.17
RTM,2026-08-28,33,2099.42
RTM,2026-08-28,34,2558.46
RTM,2026-08-28,35,2600.2
RTM,2026-08-28,36,2380.6
RTM,2026-08-28,37,2405.28
RTM,2026-08-28,38,1475.21
RTM,2026-08-28,39,99.17
RTM,2026-08-28,40,49.68
RTM,2026-08-28,41,29.8
RTM,2026-08-28,42,29.52
RTM,2026-08-28,43,99.39
RTM,2026-08-28,44,50.48
RTM,2026-08-28,45,399.48
RTM,2026-08-28,46,399.55
RTM,2026-08-28,47,399.19
RTM,2026-08-28,48,399.33
RTM,2026-08-28,49,399.92
RTM,2026-08-28,50,500.32
RTM,2026-08-28,51,1000.26
RTM,2026-08-28,52,1110.51
RTM,2026-08-28,53,399.48
RTM,2026-08-28,54,399.37
RTM,2026-08-28,55,399.38
RTM,2026-08-28,56,399.66
RTM,2026-08-28,57,399.91
RTM,2026-08-28,58,1475.41
RTM,2026-08-28,59,1499.28
RTM,2026-08-28,60,1471.52
RTM,2026-08-28,61,999.14
RTM,2026-08-28,62,999.3
RTM,2026-08-28,63,399.34
RTM,2026-08-28,64,399.5
RTM,2026-08-28,65,399.51
RTM,2026-08-28,66,1294.82
RTM,2026-08-28,67,1603.94
RTM,2026-08-28,68,1790.23
RTM,2026-08-28,69,1289.49
RTM,2026-08-28,70,1499.94
RTM,2026-08-28,71,2558.16
RTM,2026-08-28,72,3150.18
RTM,2026-08-28,73,1660.92
RTM,2026-08-28,74,2500.05
RTM,2026-08-28,75,3109.94
RTM,2026-08-28,76,3820.87
RTM,2026-08-28,77,4750.34
RTM,2026-08-28,78,5345.64
RTM,2026-08-28,79,5512.64
RTM,2026-08-28,80,5500.67
RTM,2026-08-28,81,4569.7
RTM,2026-08-28,82,4730.36
RTM,2026-08-28,83,4297.85
RTM,2026-08-28,84,4500.56
RTM,2026-08-28,85,5120.55
RTM,2026-08-28,86,5490.85
RTM,2026-08-28,87,5277.48
RTM,2026-08-28,88,5000.13
RTM,2026-08-28,89,4676.73
RTM,2026-08-28,90,4676.83
RTM,2026-08-28,91,5020.67
RTM,2026-08-28,92,5200.34
RTM,2026-08-28,93,4676.87
RTM,2026-08-28,94,4650.97
RTM,2026-08-28,95,4297.83
RTM,2026-08-28,96,4098.69
RTM,2026-08-29,1,4499.17
RTM,2026-08-29,2,4297.07
RTM,2026-08-29,3,3660.15
RTM,2026-08-29,4,3215.34
RTM,2026-08-29,5,3680.13
RTM,2026-08-29,6,3638.5
RTM,2026-08-29,7,3500.49
RTM,2026-08-29,8,3500.98
RTM,2026-08-29,9,3285.79
RTM,2026-08-29,10,3400.61
RTM,2026-08-29,11,3495.83
RTM,2026-08-29,12,3495.65
RTM,2026-08-29,13,3162.29
RTM,2026-08-29,14,3160.22
RTM,2026-08-29,15,2604.3
RTM,2026-08-29,16,2556.09
RTM,2026-08-29,17,2570.01
RTM,2026-08-29,18,2646.1
RTM,2026-08-29,19,2512.8
RTM,2026-08-29,20,2512.8
RTM,2026-08-29,21,3300.32
RTM,2026-08-29,22,3295.25
RTM,2026-08-29,23,2820.18
RTM,2026-08-29,24,2999.1
RTM,2026-08-29,25,3512.53
RTM,2026-08-29,26,3950.82
RTM,2026-08-29,27,3520.83
RTM,2026-08-29,28,2910.06
RTM,2026-08-29,29,1399.39
RTM,2026-08-29,30,874.8
RTM,2026-08-29,31,2700.73
RTM,2026-08-29,32,2789.51
RTM,2026-08-29,33,2800.02
RTM,2026-08-29,34,2710.21
RTM,2026-08-29,35,2514.95
RTM,2026-08-29,36,1524.03
RTM,2026-08-29,37,39.7
RTM,2026-08-29,38,29.81
RTM,2026-08-29,39,1475.15
RTM,2026-08-29,40,1124.0
RTM,2026-08-29,41,1523.56
RTM,2026-08-29,42,1689.7
RTM,2026-08-29,43,1970.0
RTM,2026-08-29,44,1772.75
RTM,2026-08-29,45,1773.0
RTM,2026-08-29,46,1949.64
RTM,2026-08-29,47,1471.93
RTM,2026-08-29,48,1471.43
RTM,2026-08-29,49,99.94
RTM,2026-08-29,50,99.84
RTM,2026-08-29,51,399.01
RTM,2026-08-29,52,399.46
RTM,2026-08-29,53,399.82
RTM,2026-08-29,54,399.86
RTM,2026-08-29,55,1471.02
RTM,2026-08-29,56,1500.61
RTM,2026-08-29,57,1603.52
RTM,2026-08-29,58,1859.69
RTM,2026-08-29,59,2054.06
RTM,2026-08-29,60,2085.44
RTM,2026-08-29,61,2405.75
RTM,2026-08-29,62,2558.54
RTM,2026-08-29,63,2615.0
RTM,2026-08-29,64,2745.71
RTM,2026-08-29,65,2000.49
RTM,2026-08-29,66,2199.97
RTM,2026-08-29,67,3230.23
RTM,2026-08-29,68,3200.25
RTM,2026-08-29,69,2500.9
RTM,2026-08-29,70,3295.14
RTM,2026-08-29,71,3570.85
RTM,2026-08-29,72,4700.99
RTM,2026-08-29,73,3500.09
RTM,2026-08-29,74,4927.03
RTM,2026-08-29,75,5602.61
RTM,2026-08-29,76,6500.0
RTM,2026-08-29,77,10000.0
RTM,2026-08-29,78,10000.0
RTM,2026-08-29,79,10000.0
RTM,2026-08-29,80,10000.0
RTM,2026-08-29,81,10000.0
RTM,2026-08-29,82,10000.0
RTM,2026-08-29,83,10000.0
RTM,2026-08-29,84,10000.0
RTM,2026-08-29,85,10000.0
RTM,2026-08-29,86,10000.0
RTM,2026-08-29,87,10000.0
RTM,2026-08-29,88,10000.0
RTM,2026-08-29,89,10000.0
RTM,2026-08-29,90,10000.0
RTM,2026-08-29,91,10000.0
RTM,2026-08-29,92,10000.0
RTM,2026-08-29,93,10000.0
RTM,2026-08-29,94,10000.0
RTM,2026-08-29,95,10000.0
RTM,2026-08-29,96,7927.45
RTM,2026-08-30,1,5086.37
RTM,2026-08-30,2,5000.02
RTM,2026-08-30,3,4799.59
RTM,2026-08-30,4,4750.93
RTM,2026-08-30,5,4538.89
RTM,2026-08-30,6,4500.02
RTM,2026-08-30,7,4080.93
RTM,2026-08-30,8,3960.63
RTM,2026-08-30,9,3300.01
RTM,2026-08-30,10,3399.0
RTM,2026-08-30,11,3614.07
RTM,2026-08-30,12,3795.37
RTM,2026-08-30,13,3258.0
RTM,2026-08-30,14,2800.62
RTM,2026-08-30,15,2620.69
RTM,2026-08-30,16,2189.81
RTM,2026-08-30,17,2600.12
RTM,2026-08-30,18,3257.77
RTM,2026-08-30,19,3500.03
RTM,2026-08-30,20,3500.45
RTM,2026-08-30,21,3960.86
RTM,2026-08-30,22,3997.56
RTM,2026-08-30,23,4100.56
RTM,2026-08-30,24,4028.37
RTM,2026-08-30,25,4046.0
RTM,2026-08-30,26,4750.58
RTM,2026-08-30,27,4068.35
RTM,2026-08-30,28,3631.27
RTM,2026-08-30,29,3512.77
RTM,2026-08-30,30,3189.02
RTM,2026-08-30,31,2289.98
RTM,2026-08-30,32,999.48
RTM,2026-08-30,33,2750.63
RTM,2026-08-30,34,2534.47
RTM,2026-08-30,35,1949.28
RTM,2026-08-30,36,1772.13
RTM,2026-08-30,37,2518.26
RTM,2026-08-30,38,2500.44
RTM,2026-08-30,39,2469.13
RTM,2026-08-30,40,1772.51
RTM,2026-08-30,41,1772.82
RTM,2026-08-30,42,1859.42
RTM,2026-08-30,43,1689.76
RTM,2026-08-30,44,1535.26
RTM,2026-08-30,45,399.21
RTM,2026-08-30,46,399.16
RTM,2026-08-30,47,359.28
RTM,2026-08-30,48,399.23
RTM,2026-08-30,49,399.37
RTM,2026-08-30,50,399.55
RTM,2026-08-30,51,399.8
RTM,2026-08-30,52,399.8
RTM,2026-08-30,53,399.4
RTM,2026-08-30,54,399.43
RTM,2026-08-30,55,399.47
RTM,2026-08-30,56,399.54
RTM,2026-08-30,57,399.59
RTM,2026-08-30,58,399.77
RTM,2026-08-30,59,1463.86
RTM,2026-08-30,60,1706.69
RTM,2026-08-30,61,1800.45
RTM,2026-08-30,62,1949.69
RTM,2026-08-30,63,1475.17
RTM,2026-08-30,64,2360.23
RTM,2026-08-30,65,399.76
RTM,2026-08-30,66,399.91
RTM,2026-08-30,67,399.74
RTM,2026-08-30,68,1499.11
RTM,2026-08-30,69,1461.25
RTM,2026-08-30,70,2530.59
RTM,2026-08-30,71,1706.48
RTM,2026-08-30,72,2615.8
RTM,2026-08-30,73,999.91
RTM,2026-08-30,74,2800.26
RTM,2026-08-30,75,3070.84
RTM,2026-08-30,76,3070.91
RTM,2026-08-30,77,4395.98
RTM,2026-08-30,78,4689.99
RTM,2026-08-30,79,5416.54
RTM,2026-08-30,80,5241.81
RTM,2026-08-30,81,5010.35
RTM,2026-08-30,82,5300.97
RTM,2026-08-30,83,5000.87
RTM,2026-08-30,84,5500.13
RTM,2026-08-30,85,5406.93
RTM,2026-08-30,86,7390.36
RTM,2026-08-30,87,4991.94
RTM,2026-08-30,88,4400.31
RTM,2026-08-30,89,3973.5
RTM,2026-08-30,90,4300.1
RTM,2026-08-30,91,4689.61
RTM,2026-08-30,92,5000.14
RTM,2026-08-30,93,4590.5
RTM,2026-08-30,94,4500.44
RTM,2026-08-30,95,4020.78
RTM,2026-08-30,96,3700.66
RTM,2026-08-31,1,3973.04
RTM,2026-08-31,2,3500.81
RTM,2026-08-31,3,3295.53
RTM,2026-08-31,4,3020.55
RTM,2026-08-31,5,3630.35
RTM,2026-08-31,6,3579.92
RTM,2026-08-31,7,3700.34
RTM,2026-08-31,8,3599.02
RTM,2026-08-31,9,3510.95
RTM,2026-08-31,10,3650.07
RTM,2026-08-31,11,4014.96
RTM,2026-08-31,12,4014.26
RTM,2026-08-31,13,3250.53
RTM,2026-08-31,14,3206.77
RTM,2026-08-31,15,3439.93
RTM,2026-08-31,16,3510.01
RTM,2026-08-31,17,3000.13
RTM,2026-08-31,18,3094.74
RTM,2026-08-31,19,3499.18
RTM,2026-08-31,20,3000.65
RTM,2026-08-31,21,3900.12
RTM,2026-08-31,22,4150.43
RTM,2026-08-31,23,3300.58
RTM,2026-08-31,24,2999.82
RTM,2026-08-31,25,4427.62
RTM,2026-08-31,26,6501.34
RTM,2026-08-31,27,6001.67
RTM,2026-08-31,28,4999.91
RTM,2026-08-31,29,3999.17
RTM,2026-08-31,30,3295.37
RTM,2026-08-31,31,3000.35
RTM,2026-08-31,32,1999.92
RTM,2026-08-31,33,3250.34
RTM,2026-08-31,34,3199.28
RTM,2026-08-31,35,3419.97
RTM,2026-08-31,36,3300.98
RTM,2026-08-31,37,2610.29
RTM,2026-08-31,38,813.0
RTM,2026-08-31,39,2049.73
RTM,2026-08-31,40,2017.66
RTM,2026-08-31,41,2400.23
RTM,2026-08-31,42,2512.2
RTM,2026-08-31,43,2405.45
RTM,2026-08-31,44,2054.59
RTM,2026-08-31,45,2405.25
RTM,2026-08-31,46,2405.28
RTM,2026-08-31,47,2049.78
RTM,2026-08-31,48,2000.56
RTM,2026-08-31,49,2054.19
RTM,2026-08-31,50,1999.82
RTM,2026-08-31,51,1524.63
RTM,2026-08-31,52,1524.25
RTM,2026-08-31,53,1199.79
RTM,2026-08-31,54,499.84
RTM,2026-08-31,55,399.22
RTM,2026-08-31,56,1706.05
RTM,2026-08-31,57,1499.73
RTM,2026-08-31,58,2112.29
RTM,2026-08-31,59,2250.19
RTM,2026-08-31,60,2049.16
RTM,2026-08-31,61,2451.49
RTM,2026-08-31,62,2510.96
RTM,2026-08-31,63,498.73
RTM,2026-08-31,64,1880.91
RTM,2026-08-31,65,92.95
RTM,2026-08-31,66,2199.57
RTM,2026-08-31,67,3614.87
RTM,2026-08-31,68,3921.13
RTM,2026-08-31,69,3295.31
RTM,2026-08-31,70,3630.12
RTM,2026-08-31,71,4100.88
RTM,2026-08-31,72,6166.75
RTM,2026-08-31,73,5421.04
RTM,2026-08-31,74,7816.0
RTM,2026-08-31,75,10000.0
RTM,2026-08-31,76,10000.0
RTM,2026-08-31,77,10000.0
RTM,2026-08-31,78,10000.0
RTM,2026-08-31,79,10000.0
RTM,2026-08-31,80,10000.0
RTM,2026-08-31,81,10000.0
RTM,2026-08-31,82,10000.0
RTM,2026-08-31,83,10000.0
RTM,2026-08-31,84,10000.0
RTM,2026-08-31,85,10000.0
RTM,2026-08-31,86,10000.0
RTM,2026-08-31,87,10000.0
RTM,2026-08-31,88,10000.0
RTM,2026-08-31,89,10000.0
RTM,2026-08-31,90,10000.0
RTM,2026-08-31,91,10000.0
RTM,2026-08-31,92,10000.0
RTM,2026-08-31,93,10000.0
RTM,2026-08-31,94,10000.0
RTM,2026-08-31,95,10000.0
RTM,2026-08-31,96,10000.0
RTM,2026-09-01,1,10000.0
RTM,2026-09-01,2,10000.0
RTM,2026-09-01,3,10000.0
RTM,2026-09-01,4,10000.0
RTM,2026-09-01,5,10000.0
RTM,2026-09-01,6,10000.0
RTM,2026-09-01,7,10000.0
RTM,2026-09-01,8,10000.0
RTM,2026-09-01,9,7834.99
RTM,2026-09-01,10,8000.13
RTM,2026-09-01,11,6520.7
RTM,2026-09-01,12,6500.48
RTM,2026-09-01,13,6520.01
RTM,2026-09-01,14,6500.06
RTM,2026-09-01,15,7000.17
RTM,2026-09-01,16,6520.76
RTM,2026-09-01,17,7000.76
RTM,2026-09-01,18,8000.27
RTM,2026-09-01,19,10000.0
RTM,2026-09-01,20,10000.0
RTM,2026-09-01,21,10000.0
RTM,2026-09-01,22,10000.0
RTM,2026-09-01,23,10000.0
RTM,2026-09-01,24,10000.0
RTM,2026-09-01,25,10000.0
RTM,2026-09-01,26,10000.0
RTM,2026-09-01,27,10000.0
RTM,2026-09-01,28,10000.0
RTM,2026-09-01,29,10000.0
RTM,2026-09-01,30,10000.0
RTM,2026-09-01,31,10000.0
RTM,2026-09-01,32,5000.11
RTM,2026-09-01,33,3898.84
RTM,2026-09-01,34,4000.26
RTM,2026-09-01,35,3973.94
RTM,2026-09-01,36,3614.46
RTM,2026-09-01,37,3638.89
RTM,2026-09-01,38,3417.45
RTM,2026-09-01,39,3200.72
RTM,2026-09-01,40,2810.95
RTM,2026-09-01,41,2514.84
RTM,2026-09-01,42,2466.08
RTM,2026-09-01,43,2250.87
RTM,2026-09-01,44,2466.02
RTM,2026-09-01,45,2500.97
RTM,2026-09-01,46,2560.29
RTM,2026-09-01,47,2519.82
RTM,2026-09-01,48,2519.84
RTM,2026-09-01,49,2405.11
RTM,2026-09-01,50,2049.11
RTM,2026-09-01,51,2199.73
RTM,2026-09-01,52,2049.24
RTM,2026-09-01,53,1689.43
RTM,2026-09-01,54,1960.66
RTM,2026-09-01,55,2500.49
RTM,2026-09-01,56,2545.02
RTM,2026-09-01,57,2500.64
RTM,2026-09-01,58,2449.26
RTM,2026-09-01,59,2959.14
RTM,2026-09-01,60,3200.78
RTM,2026-09-01,61,3398.05
RTM,2026-09-01,62,3500.02
RTM,2026-09-01,63,3599.9
RTM,2026-09-01,64,3614.87
RTM,2026-09-01,65,3763.95
RTM,2026-09-01,66,4200.97
RTM,2026-09-01,67,5000.99
RTM,2026-09-01,68,5720.2
RTM,2026-09-01,69,5775.36
RTM,2026-09-01,70,9999.7
RTM,2026-09-01,71,10000.0
RTM,2026-09-01,72,10000.0
RTM,2026-09-01,73,10000.0
RTM,2026-09-01,74,10000.0
RTM,2026-09-01,75,10000.0
RTM,2026-09-01,76,10000.0
RTM,2026-09-01,77,10000.0
RTM,2026-09-01,78,10000.0
RTM,2026-09-01,79,10000.0
RTM,2026-09-01,80,10000.0
RTM,2026-09-01,81,10000.0
RTM,2026-09-01,82,10000.0
RTM,2026-09-01,83,10000.0
RTM,2026-09-01,84,10000.0
RTM,2026-09-01,85,10000.0
RTM,2026-09-01,86,10000.0
RTM,2026-09-01,87,10000.0
RTM,2026-09-01,88,10000.0
RTM,2026-09-01,89,10000.0
RTM,2026-09-01,90,10000.0
RTM,2026-09-01,91,10000.0
RTM,2026-09-01,92,10000.0
RTM,2026-09-01,93,10000.0
RTM,2026-09-01,94,10000.0
RTM,2026-09-01,95,10000.0
RTM,2026-09-01,96,10000.0
RTM,2026-09-02,1,10000.0
RTM,2026-09-02,2,10000.0
RTM,2026-09-02,3,10000.0
RTM,2026-09-02,4,10000.0
RTM,2026-09-02,5,10000.0
RTM,2026-09-02,6,10000.0
RTM,2026-09-02,7,10000.0
RTM,2026-09-02,8,10000.0
RTM,2026-09-02,9,10000.0
RTM,2026-09-02,10,10000.0
RTM,2026-09-02,11,10000.0
RTM,2026-09-02,12,10000.0
RTM,2026-09-02,13,10000.0
RTM,2026-09-02,14,10000.0
RTM,2026-09-02,15,10000.0
RTM,2026-09-02,16,10000.0
RTM,2026-09-02,17,10000.0
RTM,2026-09-02,18,10000.0
RTM,2026-09-02,19,10000.0
RTM,2026-09-02,20,10000.0
RTM,2026-09-02,21,10000.0
RTM,2026-09-02,22,10000.0
RTM,2026-09-02,23,10000.0
RTM,2026-09-02,24,10000.0
RTM,2026-09-02,25,10000.0
RTM,2026-09-02,26,10000.0
RTM,2026-09-02,27,10000.0
RTM,2026-09-02,28,10000.0
RTM,2026-09-02,29,10000.0
RTM,2026-09-02,30,10000.0
RTM,2026-09-02,31,10000.0
RTM,2026-09-02,32,10000.0
RTM,2026-09-02,33,8000.77
RTM,2026-09-02,34,6075.51
RTM,2026-09-02,35,3630.11
RTM,2026-09-02,36,3500.7
RTM,2026-09-02,37,3189.64
RTM,2026-09-02,38,3319.95
RTM,2026-09-02,39,3400.62
RTM,2026-09-02,40,3249.08
RTM,2026-09-02,41,2389.82
RTM,2026-09-02,42,2649.3
RTM,2026-09-02,43,2769.3
RTM,2026-09-02,44,2669.82
RTM,2026-09-02,45,3000.36
RTM,2026-09-02,46,3000.6
RTM,2026-09-02,47,3160.01
RTM,2026-09-02,48,3010.77
RTM,2026-09-02,49,2500.43
RTM,2026-09-02,50,2550.71
RTM,2026-09-02,51,2539.47
RTM,2026-09-02,52,2514.45
RTM,2026-09-02,53,2200.4
RTM,2026-09-02,54,2459.58
RTM,2026-09-02,55,2389.13
RTM,2026-09-02,56,2615.23
RTM,2026-09-02,57,3000.27
RTM,2026-09-02,58,3200.79
RTM,2026-09-02,59,2800.2
RTM,2026-09-02,60,3160.26
RTM,2026-09-02,61,2669.31
RTM,2026-09-02,62,3206.04
RTM,2026-09-02,63,3741.5
RTM,2026-09-02,64,3848.17
RTM,2026-09-02,65,4098.76
RTM,2026-09-02,66,4098.55
RTM,2026-09-02,67,5500.52
RTM,2026-09-02,68,6510.33
RTM,2026-09-02,69,8000.26
RTM,2026-09-02,70,10000.0
RTM,2026-09-02,71,10000.0
RTM,2026-09-02,72,10000.0
RTM,2026-09-02,73,10000.0
RTM,2026-09-02,74,10000.0
RTM,2026-09-02,75,10000.0
RTM,2026-09-02,76,10000.0
RTM,2026-09-02,77,10000.0
RTM,2026-09-02,78,10000.0
RTM,2026-09-02,79,10000.0
RTM,2026-09-02,80,10000.0
RTM,2026-09-02,81,10000.0
RTM,2026-09-02,82,10000.0
RTM,2026-09-02,83,10000.0
RTM,2026-09-02,84,10000.0
RTM,2026-09-02,85,10000.0
RTM,2026-09-02,86,10000.0
RTM,2026-09-02,87,10000.0
RTM,2026-09-02,88,10000.0
RTM,2026-09-02,89,10000.0
RTM,2026-09-02,90,10000.0
RTM,2026-09-02,91,10000.0
RTM,2026-09-02,92,10000.0
RTM,2026-09-02,93,10000.0
RTM,2026-09-02,94,10000.0
RTM,2026-09-02,95,10000.0
RTM,2026-09-02,96,10000.0
RTM,2026-09-03,1,10000.0
RTM,2026-09-03,2,10000.0
RTM,2026-09-03,3,10000.0
RTM,2026-09-03,4,10000.0
RTM,2026-09-03,5,10000.0
RTM,2026-09-03,6,10000.0
RTM,2026-09-03,7,10000.0
RTM,2026-09-03,8,10000.0
RTM,2026-09-03,9,10000.0
RTM,2026-09-03,10,10000.0
RTM,2026-09-03,11,10000.0
RTM,2026-09-03,12,10000.0
RTM,2026-09-03,13,10000.0
RTM,2026-09-03,14,10000.0
RTM,2026-09-03,15,10000.0
RTM,2026-09-03,16,10000.0
RTM,2026-09-03,17,10000.0
RTM,2026-09-03,18,10000.0
RTM,2026-09-03,19,10000.0
RTM,2026-09-03,20,10000.0
RTM,2026-09-03,21,10000.0
RTM,2026-09-03,22,10000.0
RTM,2026-09-03,23,10000.0
RTM,2026-09-03,24,10000.0
RTM,2026-09-03,25,10000.0
RTM,2026-09-03,26,10000.0
RTM,2026-09-03,27,10000.0
RTM,2026-09-03,28,10000.0
RTM,2026-09-03,29,10000.0
RTM,2026-09-03,30,10000.0
RTM,2026-09-03,31,10000.0
RTM,2026-09-03,32,10000.0
RTM,2026-09-03,33,5999.87
RTM,2026-09-03,34,3921.02
RTM,2026-09-03,35,3020.51
RTM,2026-09-03,36,2993.09
RTM,2026-09-03,37,3206.54
RTM,2026-09-03,38,3150.87
RTM,2026-09-03,39,3316.99
RTM,2026-09-03,40,3020.04
RTM,2026-09-03,41,3000.24
RTM,2026-09-03,42,3000.39
RTM,2026-09-03,43,3050.34
RTM,2026-09-03,44,3160.0
RTM,2026-09-03,45,2800.94
RTM,2026-09-03,46,2789.82
RTM,2026-09-03,47,2700.83
RTM,2026-09-03,48,2765.32
RTM,2026-09-03,49,2514.82
RTM,2026-09-03,50,2500.49
RTM,2026-09-03,51,2558.55
RTM,2026-09-03,52,2518.57
RTM,2026-09-03,53,2000.94
RTM,2026-09-03,54,2119.99
RTM,2026-09-03,55,2401.48
RTM,2026-09-03,56,2600.2
RTM,2026-09-03,57,3389.57
RTM,2026-09-03,58,3500.17
RTM,2026-09-03,59,3638.09
RTM,2026-09-03,60,3716.65
RTM,2026-09-03,61,3795.67
RTM,2026-09-03,62,3766.49
RTM,2026-09-03,63,5010.19
RTM,2026-09-03,64,5200.81
RTM,2026-09-03,65,4500.99
RTM,2026-09-03,66,5345.92
RTM,2026-09-03,67,6253.35
RTM,2026-09-03,68,10000.0
RTM,2026-09-03,69,10000.0
RTM,2026-09-03,70,10000.0
RTM,2026-09-03,71,10000.0
RTM,2026-09-03,72,10000.0
RTM,2026-09-03,73,10000.0
RTM,2026-09-03,74,10000.0
RTM,2026-09-03,75,10000.0
RTM,2026-09-03,76,10000.0
RTM,2026-09-03,77,10000.0
RTM,2026-09-03,78,10000.0
RTM,2026-09-03,79,10000.0
RTM,2026-09-03,80,10000.0
RTM,2026-09-03,81,10000.0
RTM,2026-09-03,82,10000.0
RTM,2026-09-03,83,10000.0
RTM,2026-09-03,84,10000.0
RTM,2026-09-03,85,10000.0
RTM,2026-09-03,86,10000.0
RTM,2026-09-03,87,10000.0
RTM,2026-09-03,88,10000.0
RTM,2026-09-03,89,10000.0
RTM,2026-09-03,90,10000.0
RTM,2026-09-03,91,10000.0
RTM,2026-09-03,92,10000.0
RTM,2026-09-03,93,10000.0
RTM,2026-09-03,94,10000.0
RTM,2026-09-03,95,10000.0
RTM,2026-09-03,96,10000.0
RTM,2026-09-04,1,10000.0
RTM,2026-09-04,2,10000.0
RTM,2026-09-04,3,10000.0
RTM,2026-09-04,4,10000.0
RTM,2026-09-04,5,10000.0
RTM,2026-09-04,6,10000.0
RTM,2026-09-04,7,10000.0
RTM,2026-09-04,8,10000.0
RTM,2026-09-04,9,10000.0
RTM,2026-09-04,10,10000.0
RTM,2026-09-04,11,10000.0
RTM,2026-09-04,12,10000.0
RTM,2026-09-04,13,10000.0
RTM,2026-09-04,14,10000.0
RTM,2026-09-04,15,10000.0
RTM,2026-09-04,16,10000.0
RTM,2026-09-04,17,10000.0
RTM,2026-09-04,18,10000.0
RTM,2026-09-04,19,10000.0
RTM,2026-09-04,20,10000.0
RTM,2026-09-04,21,10000.0
RTM,2026-09-04,22,10000.0
RTM,2026-09-04,23,10000.0
RTM,2026-09-04,24,10000.0
RTM,2026-09-04,25,10000.0
RTM,2026-09-04,26,10000.0
RTM,2026-09-04,27,10000.0
RTM,2026-09-04,28,10000.0
RTM,2026-09-04,29,10000.0
RTM,2026-09-04,30,10000.0
RTM,2026-09-04,31,10000.0
RTM,2026-09-04,32,10000.0
RTM,2026-09-04,33,6075.64
RTM,2026-09-04,34,3730.93
RTM,2026-09-04,35,4250.48
RTM,2026-09-04,36,3673.0
RTM,2026-09-04,37,3997.54
RTM,2026-09-04,38,3750.21
RTM,2026-09-04,39,3417.51
RTM,2026-09-04,40,3160.68
RTM,2026-09-04,41,2789.82
RTM,2026-09-04,42,2600.94
RTM,2026-09-04,43,3589.66
RTM,2026-09-04,44,3556.15
RTM,2026-09-04,45,3500.9
RTM,2026-09-04,46,3500.1
RTM,2026-09-04,47,3398.49
RTM,2026-09-04,48,3292.69
RTM,2026-09-04,49,3179.12
RTM,2026-09-04,50,3179.42
RTM,2026-09-04,51,3179.53
RTM,2026-09-04,52,3010.06
RTM,2026-09-04,53,2789.0
RTM,2026-09-04,54,2789.99
RTM,2026-09-04,55,3223.0
RTM,2026-09-04,56,3331.0
RTM,2026-09-04,57,3540.62
RTM,2026-09-04,58,3766.21
RTM,2026-09-04,59,4039.57
RTM,2026-09-04,60,4500.12
RTM,2026-09-04,61,5500.52
RTM,2026-09-04,62,5570.14
RTM,2026-09-04,63,5726.34
RTM,2026-09-04,64,6000.84
RTM,2026-09-04,65,5726.64
RTM,2026-09-04,66,7697.4
RTM,2026-09-04,67,9833.14
RTM,2026-09-04,68,10000.0
RTM,2026-09-04,69,10000.0
RTM,2026-09-04,70,10000.0
RTM,2026-09-04,71,10000.0
RTM,2026-09-04,72,10000.0
RTM,2026-09-04,73,10000.0
RTM,2026-09-04,74,10000.0
RTM,2026-09-04,75,10000.0
RTM,2026-09-04,76,10000.0
RTM,2026-09-04,77,10000.0
RTM,2026-09-04,78,10000.0
RTM,2026-09-04,79,10000.0
RTM,2026-09-04,80,10000.0
RTM,2026-09-04,81,10000.0
RTM,2026-09-04,82,10000.0
RTM,2026-09-04,83,10000.0
RTM,2026-09-04,84,10000.0
RTM,2026-09-04,85,10000.0
RTM,2026-09-04,86,10000.0
RTM,2026-09-04,87,10000.0
RTM,2026-09-04,88,10000.0
RTM,2026-09-04,89,10000.0
RTM,2026-09-04,90,10000.0
RTM,2026-09-04,91,10000.0
RTM,2026-09-04,92,10000.0
RTM,2026-09-04,93,10000.0
RTM,2026-09-04,94,10000.0
RTM,2026-09-04,95,10000.0
RTM,2026-09-04,96,10000.0
RTM,2026-09-05,1,10000.0
RTM,2026-09-05,2,10000.0
RTM,2026-09-05,3,10000.0
RTM,2026-09-05,4,10000.0
RTM,2026-09-05,5,10000.0
RTM,2026-09-05,6,10000.0
RTM,2026-09-05,7,10000.0
RTM,2026-09-05,8,10000.0
RTM,2026-09-05,9,10000.0
RTM,2026-09-05,10,10000.0
RTM,2026-09-05,11,10000.0
RTM,2026-09-05,12,10000.0
RTM,2026-09-05,13,10000.0
RTM,2026-09-05,14,10000.0
RTM,2026-09-05,15,10000.0
RTM,2026-09-05,16,10000.0
RTM,2026-09-05,17,10000.0
RTM,2026-09-05,18,10000.0
RTM,2026-09-05,19,10000.0
RTM,2026-09-05,20,10000.0
RTM,2026-09-05,21,10000.0
RTM,2026-09-05,22,10000.0
RTM,2026-09-05,23,10000.0
RTM,2026-09-05,24,10000.0
RTM,2026-09-05,25,10000.0
RTM,2026-09-05,26,10000.0
RTM,2026-09-05,27,10000.0
RTM,2026-09-05,28,10000.0
RTM,2026-09-05,29,10000.0
RTM,2026-09-05,30,10000.0
RTM,2026-09-05,31,10000.0
RTM,2026-09-05,32,10000.0
RTM,2026-09-05,33,10000.0
RTM,2026-09-05,34,10000.0
RTM,2026-09-05,35,10000.0
RTM,2026-09-05,36,10000.0
RTM,2026-09-05,37,4990.02
RTM,2026-09-05,38,3711.43
RTM,2026-09-05,39,4300.71
RTM,2026-09-05,40,3800.36
RTM,2026-09-05,41,3799.65
RTM,2026-09-05,42,3710.88
RTM,2026-09-05,43,3710.7
RTM,2026-09-05,44,3556.27
RTM,2026-09-05,45,3000.63
RTM,2026-09-05,46,2910.98
RTM,2026-09-05,47,2999.35
RTM,2026-09-05,48,2910.17
RTM,2026-09-05,49,3000.65
RTM,2026-09-05,50,3020.48
RTM,2026-09-05,51,3000.07
RTM,2026-09-05,52,2800.03
RTM,2026-09-05,53,2581.48
RTM,2026-09-05,54,2581.52
RTM,2026-09-05,55,3058.04
RTM,2026-09-05,56,3206.12
RTM,2026-09-05,57,3000.89
RTM,2026-09-05,58,3048.58
RTM,2026-09-05,59,2924.23
RTM,2026-09-05,60,3239.17
RTM,2026-09-05,61,3370.58
RTM,2026-09-05,62,3407.22
RTM,2026-09-05,63,3831.57
RTM,2026-09-05,64,4000.75
RTM,2026-09-05,65,4450.77
RTM,2026-09-05,66,5820.11
RTM,2026-09-05,67,10000.0
RTM,2026-09-05,68,10000.0
RTM,2026-09-05,69,10000.0
RTM,2026-09-05,70,10000.0
RTM,2026-09-05,71,10000.0
RTM,2026-09-05,72,10000.0
RTM,2026-09-05,73,10000.0
RTM,2026-09-05,74,10000.0
RTM,2026-09-05,75,10000.0
RTM,2026-09-05,76,10000.0
RTM,2026-09-05,77,10000.0
RTM,2026-09-05,78,10000.0
RTM,2026-09-05,79,10000.0
RTM,2026-09-05,80,10000.0
RTM,2026-09-05,81,10000.0
RTM,2026-09-05,82,10000.0
RTM,2026-09-05,83,10000.0
RTM,2026-09-05,84,10000.0
RTM,2026-09-05,85,10000.0
RTM,2026-09-05,86,10000.0
RTM,2026-09-05,87,10000.0
RTM,2026-09-05,88,10000.0
RTM,2026-09-05,89,10000.0
RTM,2026-09-05,90,10000.0
RTM,2026-09-05,91,10000.0
RTM,2026-09-05,92,10000.0
RTM,2026-09-05,93,10000.0
RTM,2026-09-05,94,10000.0
RTM,2026-09-05,95,10000.0
RTM,2026-09-05,96,10000.0
RTM,2026-09-06,1,10000.0
RTM,2026-09-06,2,10000.0
RTM,2026-09-06,3,10000.0
RTM,2026-09-06,4,10000.0
RTM,2026-09-06,5,10000.0
RTM,2026-09-06,6,10000.0
RTM,2026-09-06,7,10000.0
RTM,2026-09-06,8,10000.0
RTM,2026-09-06,9,10000.0
RTM,2026-09-06,10,10000.0
RTM,2026-09-06,11,10000.0
RTM,2026-09-06,12,10000.0
RTM,2026-09-06,13,10000.0
RTM,2026-09-06,14,10000.0
RTM,2026-09-06,15,10000.0
RTM,2026-09-06,16,10000.0
RTM,2026-09-06,17,10000.0
RTM,2026-09-06,18,10000.0
RTM,2026-09-06,19,10000.0
RTM,2026-09-06,20,10000.0
RTM,2026-09-06,21,10000.0
RTM,2026-09-06,22,10000.0
RTM,2026-09-06,23,10000.0
RTM,2026-09-06,24,10000.0
RTM,2026-09-06,25,10000.0
RTM,2026-09-06,26,10000.0
RTM,2026-09-06,27,10000.0
RTM,2026-09-06,28,10000.0
RTM,2026-09-06,29,10000.0
RTM,2026-09-06,30,10000.0
RTM,2026-09-06,31,10000.0
RTM,2026-09-06,32,10000.0
RTM,2026-09-06,33,5328.27
RTM,2026-09-06,34,3399.59
RTM,2026-09-06,35,99.77
RTM,2026-09-06,36,49.95
RTM,2026-09-06,37,2530.78
RTM,2026-09-06,38,1531.71
RTM,2026-09-06,39,2600.15
RTM,2026-09-06,40,2380.46
RTM,2026-09-06,41,1940.8
RTM,2026-09-06,42,1575.89
RTM,2026-09-06,43,2070.08
RTM,2026-09-06,44,1575.87
RTM,2026-09-06,45,2074.23
RTM,2026-09-06,46,1960.61
RTM,2026-09-06,47,2074.41
RTM,2026-09-06,48,2070.67
RTM,2026-09-06,49,998.64
RTM,2026-09-06,50,399.93
RTM,2026-09-06,51,999.27
RTM,2026-09-06,52,1748.0
RTM,2026-09-06,53,1531.61
RTM,2026-09-06,54,1575.2
RTM,2026-09-06,55,2067.35
RTM,2026-09-06,56,2100.31
RTM,2026-09-06,57,2500.43
RTM,2026-09-06,58,2500.43
RTM,2026-09-06,59,2611.29
RTM,2026-09-06,60,2750.95
RTM,2026-09-06,61,3323.8
RTM,2026-09-06,62,2984.67
RTM,2026-09-06,63,2901.45
RTM,2026-09-06,64,3090.1
RTM,2026-09-06,65,2500.02
RTM,2026-09-06,66,2580.55
RTM,2026-09-06,67,3500.47
RTM,2026-09-06,68,3589.32
RTM,2026-09-06,69,3360.29
RTM,2026-09-06,70,3921.72
RTM,2026-09-06,71,10000.0
RTM,2026-09-06,72,10000.0
RTM,2026-09-06,73,10000.0
RTM,2026-09-06,74,10000.0
RTM,2026-09-06,75,10000.0
RTM,2026-09-06,76,10000.0
RTM,2026-09-06,77,10000.0
RTM,2026-09-06,78,10000.0
RTM,2026-09-06,79,10000.0
RTM,2026-09-06,80,10000.0
RTM,2026-09-06,81,10000.0
RTM,2026-09-06,82,10000.0
RTM,2026-09-06,83,10000.0
RTM,2026-09-06,84,10000.0
RTM,2026-09-06,85,10000.0
RTM,2026-09-06,86,10000.0
RTM,2026-09-06,87,10000.0
RTM,2026-09-06,88,10000.0
RTM,2026-09-06,89,10000.0
RTM,2026-09-06,90,10000.0
RTM,2026-09-06,91,10000.0
RTM,2026-09-06,92,10000.0
RTM,2026-09-06,93,10000.0
RTM,2026-09-06,94,10000.0
RTM,2026-09-06,95,10000.0
RTM,2026-09-06,96,10000.0
RTM,2026-09-07,1,10000.0
RTM,2026-09-07,2,10000.0
RTM,2026-09-07,3,10000.0
RTM,2026-09-07,4,10000.0
RTM,2026-09-07,5,10000.0
RTM,2026-09-07,6,10000.0
RTM,2026-09-07,7,10000.0
RTM,2026-09-07,8,10000.0
RTM,2026-09-07,9,10000.0
RTM,2026-09-07,10,10000.0
RTM,2026-09-07,11,10000.0
RTM,2026-09-07,12,10000.0
RTM,2026-09-07,13,10000.0
RTM,2026-09-07,14,7834.67
RTM,2026-09-07,15,4495.74
RTM,2026-09-07,16,4495.45
RTM,2026-09-07,17,5361.85
RTM,2026-09-07,18,9999.12
RTM,2026-09-07,19,10000.0
RTM,2026-09-07,20,10000.0
RTM,2026-09-07,21,10000.0
RTM,2026-09-07,22,10000.0
RTM,2026-09-07,23,10000.0
RTM,2026-09-07,24,10000.0
RTM,2026-09-07,25,10000.0
RTM,2026-09-07,26,10000.0
RTM,2026-09-07,27,10000.0
RTM,2026-09-07,28,10000.0
RTM,2026-09-07,29,10000.0
RTM,2026-09-07,30,10000.0
RTM,2026-09-07,31,10000.0
RTM,2026-09-07,32,10000.0
RTM,2026-09-07,33,4816.88
RTM,2026-09-07,34,3512.78
RTM,2026-09-07,35,1473.05
RTM,2026-09-07,36,489.24
RTM,2026-09-07,37,399.38
RTM,2026-09-07,38,29.47
RTM,2026-09-07,39,1563.29
RTM,2026-09-07,40,2071.0
RTM,2026-09-07,41,3410.46
RTM,2026-09-07,42,3407.36
RTM,2026-09-07,43,2800.34
RTM,2026-09-07,44,2611.8
RTM,2026-09-07,45,2800.51
RTM,2026-09-07,46,2800.77
RTM,2026-09-07,47,3000.15
RTM,2026-09-07,48,2999.38
RTM,2026-09-07,49,2380.88
RTM,2026-09-07,50,2499.24
RTM,2026-09-07,51,2112.3
RTM,2026-09-07,52,1559.65
RTM,2026-09-07,53,1349.6
RTM,2026-09-07,54,1789.61
RTM,2026-09-07,55,1590.87
RTM,2026-09-07,56,2350.46
RTM,2026-09-07,57,3000.82
RTM,2026-09-07,58,3300.99
RTM,2026-09-07,59,3206.2
RTM,2026-09-07,60,3420.39
RTM,2026-09-07,61,3100.03
RTM,2026-09-07,62,2536.62
RTM,2026-09-07,63,2910.89
RTM,2026-09-07,64,3550.14
RTM,2026-09-07,65,3710.95
RTM,2026-09-07,66,4844.9
RTM,2026-09-07,67,6501.9
RTM,2026-09-07,68,10000.0
RTM,2026-09-07,69,10000.0
RTM,2026-09-07,70,10000.0
RTM,2026-09-07,71,10000.0
RTM,2026-09-07,72,10000.0
RTM,2026-09-07,73,10000.0
RTM,2026-09-07,74,10000.0
RTM,2026-09-07,75,10000.0
RTM,2026-09-07,76,10000.0
RTM,2026-09-07,77,10000.0
RTM,2026-09-07,78,10000.0
RTM,2026-09-07,79,10000.0
RTM,2026-09-07,80,10000.0
RTM,2026-09-07,81,10000.0
RTM,2026-09-07,82,10000.0
RTM,2026-09-07,83,10000.0
RTM,2026-09-07,84,10000.0
RTM,2026-09-07,85,10000.0
RTM,2026-09-07,86,10000.0
RTM,2026-09-07,87,10000.0
RTM,2026-09-07,88,10000.0
RTM,2026-09-07,89,10000.0
RTM,2026-09-07,90,10000.0
RTM,2026-09-07,91,10000.0
RTM,2026-09-07,92,10000.0
RTM,2026-09-07,93,10000.0
RTM,2026-09-07,94,10000.0
RTM,2026-09-07,95,10000.0
RTM,2026-09-07,96,10000.0
RTM,2026-09-08,1,10000.0
RTM,2026-09-08,2,10000.0
RTM,2026-09-08,3,10000.0
RTM,2026-09-08,4,10000.0
RTM,2026-09-08,5,10000.0
RTM,2026-09-08,6,10000.0
RTM,2026-09-08,7,10000.0
RTM,2026-09-08,8,10000.0
RTM,2026-09-08,9,10000.0
RTM,2026-09-08,10,10000.0
RTM,2026-09-08,11,10000.0
RTM,2026-09-08,12,10000.0
RTM,2026-09-08,13,10000.0
RTM,2026-09-08,14,10000.0
RTM,2026-09-08,15,10000.0
RTM,2026-09-08,16,10000.0
RTM,2026-09-08,17,10000.0
RTM,2026-09-08,18,10000.0
RTM,2026-09-08,19,10000.0
RTM,2026-09-08,20,10000.0
RTM,2026-09-08,21,10000.0
RTM,2026-09-08,22,10000.0
RTM,2026-09-08,23,10000.0
RTM,2026-09-08,24,10000.0
RTM,2026-09-08,25,10000.0
RTM,2026-09-08,26,10000.0
RTM,2026-09-08,27,10000.0
RTM,2026-09-08,28,10000.0
RTM,2026-09-08,29,10000.0
RTM,2026-09-08,30,10000.0
RTM,2026-09-08,31,10000.0
RTM,2026-09-08,32,10000.0
RTM,2026-09-08,33,4500.59
RTM,2026-09-08,34,3973.24
RTM,2026-09-08,35,2810.42
RTM,2026-09-08,36,2380.38
RTM,2026-09-08,37,2400.25
RTM,2026-09-08,38,2074.77
RTM,2026-09-08,39,2000.31
RTM,2026-09-08,40,1700.39
RTM,2026-09-08,41,2482.9
RTM,2026-09-08,42,2669.21
RTM,2026-09-08,43,2765.04
RTM,2026-09-08,44,2792.84
RTM,2026-09-08,45,2482.89
RTM,2026-09-08,46,1940.29
RTM,2026-09-08,47,2000.48
RTM,2026-09-08,48,2160.16
RTM,2026-09-08,49,2225.0
RTM,2026-09-08,50,2280.06
RTM,2026-09-08,51,2020.68
RTM,2026-09-08,52,1559.41
RTM,2026-09-08,53,1662.52
RTM,2026-09-08,54,2070.13
RTM,2026-09-08,55,2070.7
RTM,2026-09-08,56,2611.16
RTM,2026-09-08,57,2910.48
RTM,2026-09-08,58,3089.84
RTM,2026-09-08,59,3473.07
RTM,2026-09-08,60,3609.15
RTM,2026-09-08,61,3407.98
RTM,2026-09-08,62,3249.48
RTM,2026-09-08,63,3441.76
RTM,2026-09-08,64,3567.71
RTM,2026-09-08,65,3500.89
RTM,2026-09-08,66,4999.88
RTM,2026-09-08,67,7500.67
RTM,2026-09-08,68,10000.0
RTM,2026-09-08,69,10000.0
RTM,2026-09-08,70,10000.0
RTM,2026-09-08,71,10000.0
RTM,2026-09-08,72,10000.0
RTM,2026-09-08,73,10000.0
RTM,2026-09-08,74,10000.0
RTM,2026-09-08,75,10000.0
RTM,2026-09-08,76,10000.0
RTM,2026-09-08,77,10000.0
RTM,2026-09-08,78,10000.0
RTM,2026-09-08,79,10000.0
RTM,2026-09-08,80,10000.0
RTM,2026-09-08,81,10000.0
RTM,2026-09-08,82,10000.0
RTM,2026-09-08,83,10000.0
RTM,2026-09-08,84,10000.0
RTM,2026-09-08,85,10000.0
RTM,2026-09-08,86,10000.0
RTM,2026-09-08,87,10000.0
RTM,2026-09-08,88,10000.0
RTM,2026-09-08,89,10000.0
RTM,2026-09-08,90,10000.0
RTM,2026-09-08,91,10000.0
RTM,2026-09-08,92,10000.0
RTM,2026-09-08,93,10000.0
RTM,2026-09-08,94,10000.0
RTM,2026-09-08,95,10000.0
RTM,2026-09-08,96,10000.0
RTM,2026-09-09,1,10000.0
RTM,2026-09-09,2,10000.0
RTM,2026-09-09,3,10000.0
RTM,2026-09-09,4,10000.0
RTM,2026-09-09,5,10000.0
RTM,2026-09-09,6,10000.0
RTM,2026-09-09,7,10000.0
RTM,2026-09-09,8,10000.0
RTM,2026-09-09,9,10000.0
RTM,2026-09-09,10,10000.0
RTM,2026-09-09,11,10000.0
RTM,2026-09-09,12,10000.0
RTM,2026-09-09,13,10000.0
RTM,2026-09-09,14,10000.0
RTM,2026-09-09,15,10000.0
RTM,2026-09-09,16,10000.0
RTM,2026-09-09,17,10000.0
RTM,2026-09-09,18,10000.0
RTM,2026-09-09,19,10000.0
RTM,2026-09-09,20,10000.0
RTM,2026-09-09,21,10000.0
RTM,2026-09-09,22,10000.0
RTM,2026-09-09,23,10000.0
RTM,2026-09-09,24,10000.0
RTM,2026-09-09,25,10000.0
RTM,2026-09-09,26,10000.0
RTM,2026-09-09,27,10000.0
RTM,2026-09-09,28,10000.0
RTM,2026-09-09,29,10000.0
RTM,2026-09-09,30,10000.0
RTM,2026-09-09,31,10000.0
RTM,2026-09-09,32,10000.0
RTM,2026-09-09,33,10000.0
RTM,2026-09-09,34,10000.0
RTM,2026-09-09,35,6000.2
RTM,2026-09-09,36,3570.14
RTM,2026-09-09,37,3210.83
RTM,2026-09-09,38,2750.05
RTM,2026-09-09,39,3250.8
RTM,2026-09-09,40,3249.17
RTM,2026-09-09,41,3488.38
RTM,2026-09-09,42,3410.76
RTM,2026-09-09,43,3500.27
RTM,2026-09-09,44,3499.24
RTM,2026-09-09,45,2789.58
RTM,2026-09-09,46,2669.85
RTM,2026-09-09,47,2710.43
RTM,2026-09-09,48,2929.96
RTM,2026-09-09,49,3206.58
RTM,2026-09-09,50,3089.77
RTM,2026-09-09,51,2798.33
RTM,2026-09-09,52,2684.64
RTM,2026-09-09,53,2609.69
RTM,2026-09-09,54,2737.15
RTM,2026-09-09,55,3150.44
RTM,2026-09-09,56,3498.89
RTM,2026-09-09,57,3389.59
RTM,2026-09-09,58,3510.62
RTM,2026-09-09,59,3510.0
RTM,2026-09-09,60,3710.95
RTM,2026-09-09,61,3839.77
RTM,2026-09-09,62,3903.7
RTM,2026-09-09,63,4389.97
RTM,2026-09-09,64,6000.13
RTM,2026-09-09,65,10000.0
RTM,2026-09-09,66,10000.0
RTM,2026-09-09,67,10000.0
RTM,2026-09-09,68,10000.0
RTM,2026-09-09,69,10000.0
RTM,2026-09-09,70,10000.0
RTM,2026-09-09,71,10000.0
RTM,2026-09-09,72,10000.0
RTM,2026-09-09,73,10000.0
RTM,2026-09-09,74,10000.0
RTM,2026-09-09,75,10000.0
RTM,2026-09-09,76,10000.0
RTM,2026-09-09,77,10000.0
RTM,2026-09-09,78,10000.0
RTM,2026-09-09,79,10000.0
RTM,2026-09-09,80,10000.0
RTM,2026-09-09,81,10000.0
RTM,2026-09-09,82,10000.0
RTM,2026-09-09,83,10000.0
RTM,2026-09-09,84,10000.0
RTM,2026-09-09,85,10000.0
RTM,2026-09-09,86,10000.0
RTM,2026-09-09,87,10000.0
RTM,2026-09-09,88,10000.0
RTM,2026-09-09,89,10000.0
RTM,2026-09-09,90,10000.0
RTM,2026-09-09,91,10000.0
RTM,2026-09-09,92,10000.0
RTM,2026-09-09,93,10000.0
RTM,2026-09-09,94,10000.0
RTM,2026-09-09,95,10000.0
RTM,2026-09-09,96,10000.0
RTM,2026-09-10,1,10000.0
RTM,2026-09-10,2,10000.0
RTM,2026-09-10,3,10000.0
RTM,2026-09-10,4,10000.0
RTM,2026-09-10,5,10000.0
RTM,2026-09-10,6,10000.0
RTM,2026-09-10,7,10000.0
RTM,2026-09-10,8,10000.0
RTM,2026-09-10,9,10000.0
RTM,2026-09-10,10,10000.0
RTM,2026-09-10,11,10000.0
RTM,2026-09-10,12,10000.0
RTM,2026-09-10,13,10000.0
RTM,2026-09-10,14,10000.0
RTM,2026-09-10,15,10000.0
RTM,2026-09-10,16,10000.0
RTM,2026-09-10,17,10000.0
RTM,2026-09-10,18,10000.0
RTM,2026-09-10,19,10000.0
RTM,2026-09-10,20,10000.0
RTM,2026-09-10,21,10000.0
RTM,2026-09-10,22,10000.0
RTM,2026-09-10,23,10000.0
RTM,2026-09-10,24,10000.0
RTM,2026-09-10,25,10000.0
RTM,2026-09-10,26,10000.0
RTM,2026-09-10,27,10000.0
RTM,2026-09-10,28,10000.0
RTM,2026-09-10,29,10000.0
RTM,2026-09-10,30,10000.0
RTM,2026-09-10,31,10000.0
RTM,2026-09-10,32,10000.0
RTM,2026-09-10,33,10000.0
RTM,2026-09-10,34,10000.0
RTM,2026-09-10,35,3710.62
RTM,2026-09-10,36,3189.63
RTM,2026-09-10,37,3545.63
RTM,2026-09-10,38,3194.08
RTM,2026-09-10,39,3823.67
RTM,2026-09-10,40,4014.27
RTM,2026-09-10,41,3194.97
RTM,2026-09-10,42,3000.97
RTM,2026-09-10,43,3407.93
RTM,2026-09-10,44,3407.39
RTM,2026-09-10,45,3420.36
RTM,2026-09-10,46,3473.45
RTM,2026-09-10,47,3538.08
RTM,2026-09-10,48,3545.01
RTM,2026-09-10,49,3300.24
RTM,2026-09-10,50,3296.0
RTM,2026-09-10,51,3206.51
RTM,2026-09-10,52,3000.45
RTM,2026-09-10,53,2669.29
RTM,2026-09-10,54,3059.43
RTM,2026-09-10,55,3545.08
RTM,2026-09-10,56,3710.82
RTM,2026-09-10,57,4938.04
RTM,2026-09-10,58,5771.45
RTM,2026-09-10,59,4091.66
RTM,2026-09-10,60,4689.6
RTM,2026-09-10,61,10000.0
RTM,2026-09-10,62,10000.0
RTM,2026-09-10,63,10000.0
RTM,2026-09-10,64,10000.0
RTM,2026-09-10,65,10000.0
RTM,2026-09-10,66,10000.0
RTM,2026-09-10,67,10000.0
RTM,2026-09-10,68,10000.0
RTM,2026-09-10,69,10000.0
RTM,2026-09-10,70,10000.0
RTM,2026-09-10,71,10000.0
RTM,2026-09-10,72,10000.0
RTM,2026-09-10,73,10000.0
RTM,2026-09-10,74,10000.0
RTM,2026-09-10,75,10000.0
RTM,2026-09-10,76,10000.0
RTM,2026-09-10,77,10000.0
RTM,2026-09-10,78,10000.0
RTM,2026-09-10,79,10000.0
RTM,2026-09-10,80,10000.0
RTM,2026-09-10,81,10000.0
RTM,2026-09-10,82,10000.0
RTM,2026-09-10,83,10000.0
RTM,2026-09-10,84,10000.0
RTM,2026-09-10,85,10000.0
RTM,2026-09-10,86,10000.0
RTM,2026-09-10,87,10000.0
RTM,2026-09-10,88,10000.0
RTM,2026-09-10,89,10000.0
RTM,2026-09-10,90,10000.0
RTM,2026-09-10,91,10000.0
RTM,2026-09-10,92,10000.0
RTM,2026-09-10,93,10000.0
RTM,2026-09-10,94,10000.0
RTM,2026-09-10,95,10000.0
RTM,2026-09-10,96,10000.0
RTM,2026-09-11,1,10000.0
RTM,2026-09-11,2,10000.0
RTM,2026-09-11,3,10000.0
RTM,2026-09-11,4,10000.0
RTM,2026-09-11,5,10000.0
RTM,2026-09-11,6,10000.0
RTM,2026-09-11,7,10000.0
RTM,2026-09-11,8,10000.0
RTM,2026-09-11,9,10000.0
RTM,2026-09-11,10,10000.0
RTM,2026-09-11,11,10000.0
RTM,2026-09-11,12,10000.0
RTM,2026-09-11,13,10000.0
RTM,2026-09-11,14,10000.0
RTM,2026-09-11,15,10000.0
RTM,2026-09-11,16,10000.0
RTM,2026-09-11,17,10000.0
RTM,2026-09-11,18,10000.0
RTM,2026-09-11,19,10000.0
RTM,2026-09-11,20,10000.0
RTM,2026-09-11,21,10000.0
RTM,2026-09-11,22,10000.0
RTM,2026-09-11,23,10000.0
RTM,2026-09-11,24,10000.0
RTM,2026-09-11,25,10000.0
RTM,2026-09-11,26,10000.0
RTM,2026-09-11,27,10000.0
RTM,2026-09-11,28,10000.0
RTM,2026-09-11,29,10000.0
RTM,2026-09-11,30,10000.0
RTM,2026-09-11,31,10000.0
RTM,2026-09-11,32,10000.0
RTM,2026-09-11,33,10000.0
RTM,2026-09-11,34,10000.0
RTM,2026-09-11,35,10000.0
RTM,2026-09-11,36,10000.0
RTM,2026-09-11,37,6001.59
RTM,2026-09-11,38,4500.24
RTM,2026-09-11,39,4014.13
RTM,2026-09-11,40,4003.8
RTM,2026-09-11,41,3973.08
RTM,2026-09-11,42,3510.63
RTM,2026-09-11,43,3510.72
RTM,2026-09-11,44,3500.82
RTM,2026-09-11,45,3510.83
RTM,2026-09-11,46,3610.93
RTM,2026-09-11,47,3545.64
RTM,2026-09-11,48,3647.12
RTM,2026-09-11,49,3647.72
RTM,2026-09-11,50,3800.69
RTM,2026-09-11,51,3630.94
RTM,2026-09-11,52,3545.89
RTM,2026-09-11,53,3545.01
RTM,2026-09-11,54,3545.92
RTM,2026-09-11,55,3590.62
RTM,2026-09-11,56,4091.42
RTM,2026-09-11,57,4700.59
RTM,2026-09-11,58,4546.15
RTM,2026-09-11,59,4546.23
RTM,2026-09-11,60,5820.34
RTM,2026-09-11,61,10000.0
RTM,2026-09-11,62,10000.0
RTM,2026-09-11,63,10000.0
RTM,2026-09-11,64,10000.0
RTM,2026-09-11,65,10000.0
RTM,2026-09-11,66,10000.0
RTM,2026-09-11,67,10000.0
RTM,2026-09-11,68,10000.0
RTM,2026-09-11,69,10000.0
RTM,2026-09-11,70,10000.0
RTM,2026-09-11,71,10000.0
RTM,2026-09-11,72,10000.0
RTM,2026-09-11,73,10000.0
RTM,2026-09-11,74,10000.0
RTM,2026-09-11,75,10000.0
RTM,2026-09-11,76,10000.0
RTM,2026-09-11,77,10000.0
RTM,2026-09-11,78,10000.0
RTM,2026-09-11,79,10000.0
RTM,2026-09-11,80,10000.0
RTM,2026-09-11,81,10000.0
RTM,2026-09-11,82,10000.0
RTM,2026-09-11,83,10000.0
RTM,2026-09-11,84,10000.0
RTM,2026-09-11,85,10000.0
RTM,2026-09-11,86,10000.0
RTM,2026-09-11,87,10000.0
RTM,2026-09-11,88,10000.0
RTM,2026-09-11,89,10000.0
RTM,2026-09-11,90,10000.0
RTM,2026-09-11,91,10000.0
RTM,2026-09-11,92,10000.0
RTM,2026-09-11,93,10000.0
RTM,2026-09-11,94,10000.0
RTM,2026-09-11,95,10000.0
RTM,2026-09-11,96,10000.0
RTM,2026-09-12,1,10000.0
RTM,2026-09-12,2,10000.0
RTM,2026-09-12,3,10000.0
RTM,2026-09-12,4,10000.0
RTM,2026-09-12,5,10000.0
RTM,2026-09-12,6,10000.0
RTM,2026-09-12,7,10000.0
RTM,2026-09-12,8,10000.0
RTM,2026-09-12,9,10000.0
RTM,2026-09-12,10,10000.0
RTM,2026-09-12,11,10000.0
RTM,2026-09-12,12,10000.0
RTM,2026-09-12,13,10000.0
RTM,2026-09-12,14,10000.0
RTM,2026-09-12,15,10000.0
RTM,2026-09-12,16,10000.0
RTM,2026-09-12,17,10000.0
RTM,2026-09-12,18,10000.0
RTM,2026-09-12,19,10000.0
RTM,2026-09-12,20,10000.0
RTM,2026-09-12,21,10000.0
RTM,2026-09-12,22,10000.0
RTM,2026-09-12,23,10000.0
RTM,2026-09-12,24,10000.0
RTM,2026-09-12,25,10000.0
RTM,2026-09-12,26,10000.0
RTM,2026-09-12,27,10000.0
RTM,2026-09-12,28,10000.0
RTM,2026-09-12,29,10000.0
RTM,2026-09-12,30,10000.0
RTM,2026-09-12,31,10000.0
RTM,2026-09-12,32,10000.0
RTM,2026-09-12,33,10000.0
RTM,2026-09-12,34,10000.0
RTM,2026-09-12,35,6000.95
RTM,2026-09-12,36,4012.53
RTM,2026-09-12,37,3600.23
RTM,2026-09-12,38,3451.43
RTM,2026-09-12,39,5500.09
RTM,2026-09-12,40,4700.48
RTM,2026-09-12,41,5292.22
RTM,2026-09-12,42,4938.4
RTM,2026-09-12,43,5511.58
RTM,2026-09-12,44,5511.84
RTM,2026-09-12,45,4816.94
RTM,2026-09-12,46,4091.36
RTM,2026-09-12,47,3545.43
RTM,2026-09-12,48,3545.23
RTM,2026-09-12,49,3210.89
RTM,2026-09-12,50,3450.44
RTM,2026-09-12,51,3199.95
RTM,2026-09-12,52,3189.59
RTM,2026-09-12,53,2999.24
RTM,2026-09-12,54,3410.92
RTM,2026-09-12,55,3545.8
RTM,2026-09-12,56,3933.47
RTM,2026-09-12,57,4700.04
RTM,2026-09-12,58,5000.82
RTM,2026-09-12,59,6095.14
RTM,2026-09-12,60,6500.98
RTM,2026-09-12,61,10000.0
RTM,2026-09-12,62,10000.0
RTM,2026-09-12,63,10000.0
RTM,2026-09-12,64,10000.0
RTM,2026-09-12,65,10000.0
RTM,2026-09-12,66,10000.0
RTM,2026-09-12,67,10000.0
RTM,2026-09-12,68,10000.0
RTM,2026-09-12,69,10000.0
RTM,2026-09-12,70,10000.0
RTM,2026-09-12,71,10000.0
RTM,2026-09-12,72,10000.0
RTM,2026-09-12,73,10000.0
RTM,2026-09-12,74,10000.0
RTM,2026-09-12,75,10000.0
RTM,2026-09-12,76,10000.0
RTM,2026-09-12,77,10000.0
RTM,2026-09-12,78,10000.0
RTM,2026-09-12,79,10000.0
RTM,2026-09-12,80,10000.0
RTM,2026-09-12,81,10000.0
RTM,2026-09-12,82,10000.0
RTM,2026-09-12,83,10000.0
RTM,2026-09-12,84,10000.0
RTM,2026-09-12,85,10000.0
RTM,2026-09-12,86,10000.0
RTM,2026-09-12,87,10000.0
RTM,2026-09-12,88,10000.0
RTM,2026-09-12,89,10000.0
RTM,2026-09-12,90,10000.0
RTM,2026-09-12,91,10000.0
RTM,2026-09-12,92,10000.0
RTM,2026-09-12,93,10000.0
RTM,2026-09-12,94,10000.0
